date,item_id,item_name,units_sold,stockout
2024-09-27,P01,Nasi Goreng Spesial,62,0
2024-09-27,P02,Mie Goreng Ayam,61,0
2024-09-27,P03,Nasi Kuning,48,0
2024-09-27,P04,Nasi Uduk,39,0
2024-09-27,P05,Mie Ayam Bakso,45,0
2024-09-27,P06,Soto Ayam,32,0
2024-09-27,P07,Ayam Geprek,50,0
2024-09-27,P08,Es Teh Manis,98,0
2024-09-27,P09,Es Jeruk,65,0
2024-09-27,P10,Kopi Hitam,45,0
2024-09-27,P11,Teh Anget,43,0
2024-09-27,P12,Jus Alpukat,25,0
2024-09-27,P13,Es Campur,22,0
2024-09-27,P14,Kerupuk,101,0
2024-09-27,P15,Kue Lumpur,27,0
2024-09-27,P16,Pisang Goreng,45,0
2024-09-27,P17,Lemper,31,0
2024-09-27,P18,Serabi,23,0
2024-09-27,P19,Tahu Isi,41,0
2024-09-27,P20,Tempe Goreng,29,0
2024-09-27,P21,Roti Bakar Coklat,26,0
2024-09-27,P22,Telur Dadar,41,0
2024-09-27,P23,Capcay,30,0
2024-09-27,P24,Nasi Goreng Seafood,28,0
2024-09-27,P25,Bakso Urat,46,0
2024-09-28,P01,Nasi Goreng Spesial,86,0
2024-09-28,P02,Mie Goreng Ayam,71,0
2024-09-28,P03,Nasi Kuning,54,0
2024-09-28,P04,Nasi Uduk,43,0
2024-09-28,P05,Mie Ayam Bakso,56,0
2024-09-28,P06,Soto Ayam,40,0
2024-09-28,P07,Ayam Geprek,54,0
2024-09-28,P08,Es Teh Manis,106,0
2024-09-28,P09,Es Jeruk,61,0
2024-09-28,P10,Kopi Hitam,54,0
2024-09-28,P11,Teh Anget,55,0
2024-09-28,P12,Jus Alpukat,27,0
2024-09-28,P13,Es Campur,27,0
2024-09-28,P14,Kerupuk,112,0
2024-09-28,P15,Kue Lumpur,34,0
2024-09-28,P16,Pisang Goreng,51,0
2024-09-28,P17,Lemper,39,0
2024-09-28,P18,Serabi,32,0
2024-09-28,P19,Tahu Isi,43,0
2024-09-28,P20,Tempe Goreng,47,0
2024-09-28,P21,Roti Bakar Coklat,36,0
2024-09-28,P22,Telur Dadar,52,0
2024-09-28,P23,Capcay,36,0
2024-09-28,P24,Nasi Goreng Seafood,37,0
2024-09-28,P25,Bakso Urat,48,0
2024-09-29,P01,Nasi Goreng Spesial,122,0
2024-09-29,P02,Mie Goreng Ayam,101,0
2024-09-29,P03,Nasi Kuning,71,0
2024-09-29,P04,Nasi Uduk,63,0
2024-09-29,P05,Mie Ayam Bakso,86,0
2024-09-29,P06,Soto Ayam,63,0
2024-09-29,P07,Ayam Geprek,92,0
2024-09-29,P08,Es Teh Manis,213,0
2024-09-29,P09,Es Jeruk,154,0
2024-09-29,P10,Kopi Hitam,115,0
2024-09-29,P11,Teh Anget,92,0
2024-09-29,P12,Jus Alpukat,56,0
2024-09-29,P13,Es Campur,50,0
2024-09-29,P14,Kerupuk,185,0
2024-09-29,P15,Kue Lumpur,45,0
2024-09-29,P16,Pisang Goreng,79,0
2024-09-29,P17,Lemper,52,0
2024-09-29,P18,Serabi,43,0
2024-09-29,P19,Tahu Isi,70,0
2024-09-29,P20,Tempe Goreng,61,0
2024-09-29,P21,Roti Bakar Coklat,47,0
2024-09-29,P22,Telur Dadar,73,0
2024-09-29,P23,Capcay,59,0
2024-09-29,P24,Nasi Goreng Seafood,49,0
2024-09-29,P25,Bakso Urat,65,0
2024-09-30,P01,Nasi Goreng Spesial,97,0
2024-09-30,P02,Mie Goreng Ayam,79,0
2024-09-30,P03,Nasi Kuning,61,0
2024-09-30,P04,Nasi Uduk,58,0
2024-09-30,P05,Mie Ayam Bakso,81,0
2024-09-30,P06,Soto Ayam,49,0
2024-09-30,P07,Ayam Geprek,71,0
2024-09-30,P08,Es Teh Manis,172,0
2024-09-30,P09,Es Jeruk,120,0
2024-09-30,P10,Kopi Hitam,107,0
2024-09-30,P11,Teh Anget,87,0
2024-09-30,P12,Jus Alpukat,55,0
2024-09-30,P13,Es Campur,44,0
2024-09-30,P14,Kerupuk,127,0
2024-09-30,P15,Kue Lumpur,38,0
2024-09-30,P16,Pisang Goreng,62,0
2024-09-30,P17,Lemper,45,0
2024-09-30,P18,Serabi,30,0
2024-09-30,P19,Tahu Isi,56,0
2024-09-30,P20,Tempe Goreng,51,0
2024-09-30,P21,Roti Bakar Coklat,46,0
2024-09-30,P22,Telur Dadar,74,0
2024-09-30,P23,Capcay,46,0
2024-09-30,P24,Nasi Goreng Seafood,42,0
2024-09-30,P25,Bakso Urat,53,0
2024-10-01,P01,Nasi Goreng Spesial,97,0
2024-10-01,P02,Mie Goreng Ayam,85,0
2024-10-01,P03,Nasi Kuning,60,0
2024-10-01,P04,Nasi Uduk,59,0
2024-10-01,P05,Mie Ayam Bakso,79,0
2024-10-01,P06,Soto Ayam,53,0
2024-10-01,P07,Ayam Geprek,70,0
2024-10-01,P08,Es Teh Manis,167,0
2024-10-01,P09,Es Jeruk,114,0
2024-10-01,P10,Kopi Hitam,88,0
2024-10-01,P11,Teh Anget,80,0
2024-10-01,P12,Jus Alpukat,46,0
2024-10-01,P13,Es Campur,48,0
2024-10-01,P14,Kerupuk,143,0
2024-10-01,P15,Kue Lumpur,38,0
2024-10-01,P16,Pisang Goreng,55,0
2024-10-01,P17,Lemper,39,0
2024-10-01,P18,Serabi,34,0
2024-10-01,P19,Tahu Isi,54,0
2024-10-01,P20,Tempe Goreng,49,0
2024-10-01,P21,Roti Bakar Coklat,32,0
2024-10-01,P22,Telur Dadar,67,0
2024-10-01,P23,Capcay,48,0
2024-10-01,P24,Nasi Goreng Seafood,38,0
2024-10-01,P25,Bakso Urat,55,0
2024-10-02,P01,Nasi Goreng Spesial,46,0
2024-10-02,P02,Mie Goreng Ayam,51,0
2024-10-02,P03,Nasi Kuning,34,0
2024-10-02,P04,Nasi Uduk,37,0
2024-10-02,P05,Mie Ayam Bakso,45,0
2024-10-02,P06,Soto Ayam,36,0
2024-10-02,P07,Ayam Geprek,41,0
2024-10-02,P08,Es Teh Manis,44,0
2024-10-02,P09,Es Jeruk,43,0
2024-10-02,P10,Kopi Hitam,27,0
2024-10-02,P11,Teh Anget,27,0
2024-10-02,P12,Jus Alpukat,23,0
2024-10-02,P13,Es Campur,18,0
2024-10-02,P14,Kerupuk,67,0
2024-10-02,P15,Kue Lumpur,18,0
2024-10-02,P16,Pisang Goreng,33,0
2024-10-02,P17,Lemper,20,0
2024-10-02,P18,Serabi,16,0
2024-10-02,P19,Tahu Isi,31,0
2024-10-02,P20,Tempe Goreng,31,0
2024-10-02,P21,Roti Bakar Coklat,23,0
2024-10-02,P22,Telur Dadar,24,0
2024-10-02,P23,Capcay,27,0
2024-10-02,P24,Nasi Goreng Seafood,23,0
2024-10-02,P25,Bakso Urat,33,0
2024-10-03,P01,Nasi Goreng Spesial,51,0
2024-10-03,P02,Mie Goreng Ayam,66,0
2024-10-03,P03,Nasi Kuning,39,0
2024-10-03,P04,Nasi Uduk,38,0
2024-10-03,P05,Mie Ayam Bakso,56,0
2024-10-03,P06,Soto Ayam,28,0
2024-10-03,P07,Ayam Geprek,38,0
2024-10-03,P08,Es Teh Manis,61,0
2024-10-03,P09,Es Jeruk,49,0
2024-10-03,P10,Kopi Hitam,49,0
2024-10-03,P11,Teh Anget,41,0
2024-10-03,P12,Jus Alpukat,23,0
2024-10-03,P13,Es Campur,15,0
2024-10-03,P14,Kerupuk,66,0
2024-10-03,P15,Kue Lumpur,26,0
2024-10-03,P16,Pisang Goreng,38,0
2024-10-03,P17,Lemper,31,0
2024-10-03,P18,Serabi,23,0
2024-10-03,P19,Tahu Isi,37,0
2024-10-03,P20,Tempe Goreng,36,0
2024-10-03,P21,Roti Bakar Coklat,26,0
2024-10-03,P22,Telur Dadar,44,0
2024-10-03,P23,Capcay,28,0
2024-10-03,P24,Nasi Goreng Seafood,27,0
2024-10-03,P25,Bakso Urat,39,0
2024-10-04,P01,Nasi Goreng Spesial,79,0
2024-10-04,P02,Mie Goreng Ayam,55,0
2024-10-04,P03,Nasi Kuning,55,0
2024-10-04,P04,Nasi Uduk,43,0
2024-10-04,P05,Mie Ayam Bakso,56,0
2024-10-04,P06,Soto Ayam,37,0
2024-10-04,P07,Ayam Geprek,51,0
2024-10-04,P08,Es Teh Manis,109,0
2024-10-04,P09,Es Jeruk,70,0
2024-10-04,P10,Kopi Hitam,61,0
2024-10-04,P11,Teh Anget,51,0
2024-10-04,P12,Jus Alpukat,34,0
2024-10-04,P13,Es Campur,24,0
2024-10-04,P14,Kerupuk,94,0
2024-10-04,P15,Kue Lumpur,34,0
2024-10-04,P16,Pisang Goreng,48,0
2024-10-04,P17,Lemper,39,0
2024-10-04,P18,Serabi,28,0
2024-10-04,P19,Tahu Isi,44,0
2024-10-04,P20,Tempe Goreng,41,0
2024-10-04,P21,Roti Bakar Coklat,37,0
2024-10-04,P22,Telur Dadar,60,0
2024-10-04,P23,Capcay,38,0
2024-10-04,P24,Nasi Goreng Seafood,34,0
2024-10-04,P25,Bakso Urat,51,0
2024-10-05,P01,Nasi Goreng Spesial,86,0
2024-10-05,P02,Mie Goreng Ayam,73,0
2024-10-05,P03,Nasi Kuning,56,0
2024-10-05,P04,Nasi Uduk,49,0
2024-10-05,P05,Mie Ayam Bakso,58,0
2024-10-05,P06,Soto Ayam,44,0
2024-10-05,P07,Ayam Geprek,54,0
2024-10-05,P08,Es Teh Manis,106,0
2024-10-05,P09,Es Jeruk,49,0
2024-10-05,P10,Kopi Hitam,51,0
2024-10-05,P11,Teh Anget,32,0
2024-10-05,P12,Jus Alpukat,21,0
2024-10-05,P13,Es Campur,28,0
2024-10-05,P14,Kerupuk,122,0
2024-10-05,P15,Kue Lumpur,31,0
2024-10-05,P16,Pisang Goreng,45,0
2024-10-05,P17,Lemper,28,0
2024-10-05,P18,Serabi,27,0
2024-10-05,P19,Tahu Isi,57,0
2024-10-05,P20,Tempe Goreng,44,0
2024-10-05,P21,Roti Bakar Coklat,31,0
2024-10-05,P22,Telur Dadar,53,0
2024-10-05,P23,Capcay,33,0
2024-10-05,P24,Nasi Goreng Seafood,33,0
2024-10-05,P25,Bakso Urat,47,0
2024-10-06,P01,Nasi Goreng Spesial,112,0
2024-10-06,P02,Mie Goreng Ayam,105,0
2024-10-06,P03,Nasi Kuning,79,0
2024-10-06,P04,Nasi Uduk,71,0
2024-10-06,P05,Mie Ayam Bakso,91,0
2024-10-06,P06,Soto Ayam,64,0
2024-10-06,P07,Ayam Geprek,92,0
2024-10-06,P08,Es Teh Manis,149,0
2024-10-06,P09,Es Jeruk,101,0
2024-10-06,P10,Kopi Hitam,79,0
2024-10-06,P11,Teh Anget,64,0
2024-10-06,P12,Jus Alpukat,37,0
2024-10-06,P13,Es Campur,34,0
2024-10-06,P14,Kerupuk,168,0
2024-10-06,P15,Kue Lumpur,50,0
2024-10-06,P16,Pisang Goreng,77,0
2024-10-06,P17,Lemper,53,0
2024-10-06,P18,Serabi,44,0
2024-10-06,P19,Tahu Isi,73,0
2024-10-06,P20,Tempe Goreng,62,0
2024-10-06,P21,Roti Bakar Coklat,47,0
2024-10-06,P22,Telur Dadar,78,0
2024-10-06,P23,Capcay,57,0
2024-10-06,P24,Nasi Goreng Seafood,46,0
2024-10-06,P25,Bakso Urat,69,0
2024-10-07,P01,Nasi Goreng Spesial,91,0
2024-10-07,P02,Mie Goreng Ayam,76,0
2024-10-07,P03,Nasi Kuning,63,0
2024-10-07,P04,Nasi Uduk,58,0
2024-10-07,P05,Mie Ayam Bakso,73,0
2024-10-07,P06,Soto Ayam,43,0
2024-10-07,P07,Ayam Geprek,68,0
2024-10-07,P08,Es Teh Manis,113,0
2024-10-07,P09,Es Jeruk,89,0
2024-10-07,P10,Kopi Hitam,60,0
2024-10-07,P11,Teh Anget,62,0
2024-10-07,P12,Jus Alpukat,32,0
2024-10-07,P13,Es Campur,27,0
2024-10-07,P14,Kerupuk,136,0
2024-10-07,P15,Kue Lumpur,38,0
2024-10-07,P16,Pisang Goreng,56,0
2024-10-07,P17,Lemper,48,0
2024-10-07,P18,Serabi,31,0
2024-10-07,P19,Tahu Isi,54,0
2024-10-07,P20,Tempe Goreng,49,0
2024-10-07,P21,Roti Bakar Coklat,36,0
2024-10-07,P22,Telur Dadar,62,0
2024-10-07,P23,Capcay,43,0
2024-10-07,P24,Nasi Goreng Seafood,39,0
2024-10-07,P25,Bakso Urat,61,0
2024-10-08,P01,Nasi Goreng Spesial,146,0
2024-10-08,P02,Mie Goreng Ayam,114,0
2024-10-08,P03,Nasi Kuning,90,1
2024-10-08,P04,Nasi Uduk,82,0
2024-10-08,P05,Mie Ayam Bakso,108,0
2024-10-08,P06,Soto Ayam,78,0
2024-10-08,P07,Ayam Geprek,93,0
2024-10-08,P08,Es Teh Manis,215,0
2024-10-08,P09,Es Jeruk,166,0
2024-10-08,P10,Kopi Hitam,129,0
2024-10-08,P11,Teh Anget,95,0
2024-10-08,P12,Jus Alpukat,69,0
2024-10-08,P13,Es Campur,59,0
2024-10-08,P14,Kerupuk,182,0
2024-10-08,P15,Kue Lumpur,51,0
2024-10-08,P16,Pisang Goreng,90,0
2024-10-08,P17,Lemper,64,0
2024-10-08,P18,Serabi,46,1
2024-10-08,P19,Tahu Isi,80,0
2024-10-08,P20,Tempe Goreng,66,1
2024-10-08,P21,Roti Bakar Coklat,54,0
2024-10-08,P22,Telur Dadar,85,1
2024-10-08,P23,Capcay,73,0
2024-10-08,P24,Nasi Goreng Seafood,66,0
2024-10-08,P25,Bakso Urat,84,0
2024-10-09,P01,Nasi Goreng Spesial,86,0
2024-10-09,P02,Mie Goreng Ayam,70,0
2024-10-09,P03,Nasi Kuning,63,0
2024-10-09,P04,Nasi Uduk,53,0
2024-10-09,P05,Mie Ayam Bakso,64,0
2024-10-09,P06,Soto Ayam,50,0
2024-10-09,P07,Ayam Geprek,71,0
2024-10-09,P08,Es Teh Manis,98,0
2024-10-09,P09,Es Jeruk,74,0
2024-10-09,P10,Kopi Hitam,65,0
2024-10-09,P11,Teh Anget,68,0
2024-10-09,P12,Jus Alpukat,36,0
2024-10-09,P13,Es Campur,34,0
2024-10-09,P14,Kerupuk,119,0
2024-10-09,P15,Kue Lumpur,34,0
2024-10-09,P16,Pisang Goreng,61,0
2024-10-09,P17,Lemper,43,0
2024-10-09,P18,Serabi,33,0
2024-10-09,P19,Tahu Isi,53,0
2024-10-09,P20,Tempe Goreng,49,0
2024-10-09,P21,Roti Bakar Coklat,38,0
2024-10-09,P22,Telur Dadar,64,0
2024-10-09,P23,Capcay,48,0
2024-10-09,P24,Nasi Goreng Seafood,35,0
2024-10-09,P25,Bakso Urat,45,0
2024-10-10,P01,Nasi Goreng Spesial,92,0
2024-10-10,P02,Mie Goreng Ayam,69,0
2024-10-10,P03,Nasi Kuning,53,0
2024-10-10,P04,Nasi Uduk,42,0
2024-10-10,P05,Mie Ayam Bakso,63,0
2024-10-10,P06,Soto Ayam,43,0
2024-10-10,P07,Ayam Geprek,49,0
2024-10-10,P08,Es Teh Manis,96,0
2024-10-10,P09,Es Jeruk,66,0
2024-10-10,P10,Kopi Hitam,67,0
2024-10-10,P11,Teh Anget,51,0
2024-10-10,P12,Jus Alpukat,27,0
2024-10-10,P13,Es Campur,25,0
2024-10-10,P14,Kerupuk,110,0
2024-10-10,P15,Kue Lumpur,31,0
2024-10-10,P16,Pisang Goreng,45,0
2024-10-10,P17,Lemper,36,0
2024-10-10,P18,Serabi,25,0
2024-10-10,P19,Tahu Isi,40,0
2024-10-10,P20,Tempe Goreng,42,0
2024-10-10,P21,Roti Bakar Coklat,33,0
2024-10-10,P22,Telur Dadar,43,0
2024-10-10,P23,Capcay,38,0
2024-10-10,P24,Nasi Goreng Seafood,37,0
2024-10-10,P25,Bakso Urat,52,0
2024-10-11,P01,Nasi Goreng Spesial,44,0
2024-10-11,P02,Mie Goreng Ayam,57,0
2024-10-11,P03,Nasi Kuning,48,0
2024-10-11,P04,Nasi Uduk,32,0
2024-10-11,P05,Mie Ayam Bakso,45,0
2024-10-11,P06,Soto Ayam,31,0
2024-10-11,P07,Ayam Geprek,39,0
2024-10-11,P08,Es Teh Manis,77,0
2024-10-11,P09,Es Jeruk,68,0
2024-10-11,P10,Kopi Hitam,59,0
2024-10-11,P11,Teh Anget,36,0
2024-10-11,P12,Jus Alpukat,29,0
2024-10-11,P13,Es Campur,20,0
2024-10-11,P14,Kerupuk,104,0
2024-10-11,P15,Kue Lumpur,25,0
2024-10-11,P16,Pisang Goreng,40,0
2024-10-11,P17,Lemper,30,0
2024-10-11,P18,Serabi,29,0
2024-10-11,P19,Tahu Isi,39,0
2024-10-11,P20,Tempe Goreng,30,0
2024-10-11,P21,Roti Bakar Coklat,28,0
2024-10-11,P22,Telur Dadar,39,0
2024-10-11,P23,Capcay,29,0
2024-10-11,P24,Nasi Goreng Seafood,30,0
2024-10-11,P25,Bakso Urat,37,0
2024-10-12,P01,Nasi Goreng Spesial,113,0
2024-10-12,P02,Mie Goreng Ayam,82,0
2024-10-12,P03,Nasi Kuning,65,0
2024-10-12,P04,Nasi Uduk,63,0
2024-10-12,P05,Mie Ayam Bakso,82,0
2024-10-12,P06,Soto Ayam,59,0
2024-10-12,P07,Ayam Geprek,80,0
2024-10-12,P08,Es Teh Manis,184,0
2024-10-12,P09,Es Jeruk,138,0
2024-10-12,P10,Kopi Hitam,101,0
2024-10-12,P11,Teh Anget,83,0
2024-10-12,P12,Jus Alpukat,54,0
2024-10-12,P13,Es Campur,42,0
2024-10-12,P14,Kerupuk,159,0
2024-10-12,P15,Kue Lumpur,45,0
2024-10-12,P16,Pisang Goreng,70,0
2024-10-12,P17,Lemper,56,0
2024-10-12,P18,Serabi,37,0
2024-10-12,P19,Tahu Isi,73,0
2024-10-12,P20,Tempe Goreng,57,0
2024-10-12,P21,Roti Bakar Coklat,41,0
2024-10-12,P22,Telur Dadar,74,0
2024-10-12,P23,Capcay,51,0
2024-10-12,P24,Nasi Goreng Seafood,46,0
2024-10-12,P25,Bakso Urat,69,0
2024-10-13,P01,Nasi Goreng Spesial,126,0
2024-10-13,P02,Mie Goreng Ayam,102,0
2024-10-13,P03,Nasi Kuning,80,0
2024-10-13,P04,Nasi Uduk,59,0
2024-10-13,P05,Mie Ayam Bakso,94,0
2024-10-13,P06,Soto Ayam,51,0
2024-10-13,P07,Ayam Geprek,76,0
2024-10-13,P08,Es Teh Manis,194,0
2024-10-13,P09,Es Jeruk,134,0
2024-10-13,P10,Kopi Hitam,97,0
2024-10-13,P11,Teh Anget,84,0
2024-10-13,P12,Jus Alpukat,58,0
2024-10-13,P13,Es Campur,45,0
2024-10-13,P14,Kerupuk,186,0
2024-10-13,P15,Kue Lumpur,47,0
2024-10-13,P16,Pisang Goreng,77,0
2024-10-13,P17,Lemper,60,0
2024-10-13,P18,Serabi,41,0
2024-10-13,P19,Tahu Isi,64,0
2024-10-13,P20,Tempe Goreng,61,0
2024-10-13,P21,Roti Bakar Coklat,47,0
2024-10-13,P22,Telur Dadar,72,0
2024-10-13,P23,Capcay,58,0
2024-10-13,P24,Nasi Goreng Seafood,50,0
2024-10-13,P25,Bakso Urat,76,0
2024-10-14,P01,Nasi Goreng Spesial,64,0
2024-10-14,P02,Mie Goreng Ayam,50,0
2024-10-14,P03,Nasi Kuning,39,0
2024-10-14,P04,Nasi Uduk,40,0
2024-10-14,P05,Mie Ayam Bakso,48,0
2024-10-14,P06,Soto Ayam,35,0
2024-10-14,P07,Ayam Geprek,48,0
2024-10-14,P08,Es Teh Manis,75,0
2024-10-14,P09,Es Jeruk,62,0
2024-10-14,P10,Kopi Hitam,48,0
2024-10-14,P11,Teh Anget,30,0
2024-10-14,P12,Jus Alpukat,27,0
2024-10-14,P13,Es Campur,18,0
2024-10-14,P14,Kerupuk,71,0
2024-10-14,P15,Kue Lumpur,22,0
2024-10-14,P16,Pisang Goreng,35,0
2024-10-14,P17,Lemper,29,0
2024-10-14,P18,Serabi,21,0
2024-10-14,P19,Tahu Isi,35,0
2024-10-14,P20,Tempe Goreng,35,0
2024-10-14,P21,Roti Bakar Coklat,26,0
2024-10-14,P22,Telur Dadar,42,0
2024-10-14,P23,Capcay,32,0
2024-10-14,P24,Nasi Goreng Seafood,29,0
2024-10-14,P25,Bakso Urat,28,0
2024-10-15,P01,Nasi Goreng Spesial,98,0
2024-10-15,P02,Mie Goreng Ayam,85,0
2024-10-15,P03,Nasi Kuning,61,0
2024-10-15,P04,Nasi Uduk,63,0
2024-10-15,P05,Mie Ayam Bakso,69,0
2024-10-15,P06,Soto Ayam,56,0
2024-10-15,P07,Ayam Geprek,63,0
2024-10-15,P08,Es Teh Manis,165,0
2024-10-15,P09,Es Jeruk,105,0
2024-10-15,P10,Kopi Hitam,96,0
2024-10-15,P11,Teh Anget,86,0
2024-10-15,P12,Jus Alpukat,46,0
2024-10-15,P13,Es Campur,40,0
2024-10-15,P14,Kerupuk,114,0
2024-10-15,P15,Kue Lumpur,36,0
2024-10-15,P16,Pisang Goreng,50,0
2024-10-15,P17,Lemper,38,0
2024-10-15,P18,Serabi,31,0
2024-10-15,P19,Tahu Isi,57,0
2024-10-15,P20,Tempe Goreng,57,0
2024-10-15,P21,Roti Bakar Coklat,35,0
2024-10-15,P22,Telur Dadar,68,0
2024-10-15,P23,Capcay,47,0
2024-10-15,P24,Nasi Goreng Seafood,40,0
2024-10-15,P25,Bakso Urat,58,0
2024-10-16,P01,Nasi Goreng Spesial,99,0
2024-10-16,P02,Mie Goreng Ayam,90,0
2024-10-16,P03,Nasi Kuning,60,0
2024-10-16,P04,Nasi Uduk,58,0
2024-10-16,P05,Mie Ayam Bakso,67,0
2024-10-16,P06,Soto Ayam,53,0
2024-10-16,P07,Ayam Geprek,67,0
2024-10-16,P08,Es Teh Manis,154,0
2024-10-16,P09,Es Jeruk,110,0
2024-10-16,P10,Kopi Hitam,90,0
2024-10-16,P11,Teh Anget,75,0
2024-10-16,P12,Jus Alpukat,52,0
2024-10-16,P13,Es Campur,40,0
2024-10-16,P14,Kerupuk,123,0
2024-10-16,P15,Kue Lumpur,30,0
2024-10-16,P16,Pisang Goreng,53,0
2024-10-16,P17,Lemper,41,0
2024-10-16,P18,Serabi,29,0
2024-10-16,P19,Tahu Isi,58,0
2024-10-16,P20,Tempe Goreng,46,0
2024-10-16,P21,Roti Bakar Coklat,40,0
2024-10-16,P22,Telur Dadar,62,0
2024-10-16,P23,Capcay,46,0
2024-10-16,P24,Nasi Goreng Seafood,41,0
2024-10-16,P25,Bakso Urat,57,0
2024-10-17,P01,Nasi Goreng Spesial,85,0
2024-10-17,P02,Mie Goreng Ayam,77,0
2024-10-17,P03,Nasi Kuning,51,0
2024-10-17,P04,Nasi Uduk,50,0
2024-10-17,P05,Mie Ayam Bakso,69,0
2024-10-17,P06,Soto Ayam,50,0
2024-10-17,P07,Ayam Geprek,65,0
2024-10-17,P08,Es Teh Manis,142,0
2024-10-17,P09,Es Jeruk,116,0
2024-10-17,P10,Kopi Hitam,83,0
2024-10-17,P11,Teh Anget,78,0
2024-10-17,P12,Jus Alpukat,44,0
2024-10-17,P13,Es Campur,35,0
2024-10-17,P14,Kerupuk,116,0
2024-10-17,P15,Kue Lumpur,35,0
2024-10-17,P16,Pisang Goreng,57,0
2024-10-17,P17,Lemper,39,0
2024-10-17,P18,Serabi,33,0
2024-10-17,P19,Tahu Isi,53,0
2024-10-17,P20,Tempe Goreng,43,0
2024-10-17,P21,Roti Bakar Coklat,37,0
2024-10-17,P22,Telur Dadar,68,0
2024-10-17,P23,Capcay,51,0
2024-10-17,P24,Nasi Goreng Seafood,35,0
2024-10-17,P25,Bakso Urat,49,0
2024-10-18,P01,Nasi Goreng Spesial,46,0
2024-10-18,P02,Mie Goreng Ayam,38,0
2024-10-18,P03,Nasi Kuning,35,0
2024-10-18,P04,Nasi Uduk,33,0
2024-10-18,P05,Mie Ayam Bakso,36,0
2024-10-18,P06,Soto Ayam,29,0
2024-10-18,P07,Ayam Geprek,40,0
2024-10-18,P08,Es Teh Manis,70,0
2024-10-18,P09,Es Jeruk,56,0
2024-10-18,P10,Kopi Hitam,44,0
2024-10-18,P11,Teh Anget,23,0
2024-10-18,P12,Jus Alpukat,23,0
2024-10-18,P13,Es Campur,13,0
2024-10-18,P14,Kerupuk,82,0
2024-10-18,P15,Kue Lumpur,21,0
2024-10-18,P16,Pisang Goreng,31,0
2024-10-18,P17,Lemper,18,0
2024-10-18,P18,Serabi,17,0
2024-10-18,P19,Tahu Isi,24,0
2024-10-18,P20,Tempe Goreng,30,0
2024-10-18,P21,Roti Bakar Coklat,25,0
2024-10-18,P22,Telur Dadar,30,0
2024-10-18,P23,Capcay,27,0
2024-10-18,P24,Nasi Goreng Seafood,20,0
2024-10-18,P25,Bakso Urat,29,0
2024-10-19,P01,Nasi Goreng Spesial,120,0
2024-10-19,P02,Mie Goreng Ayam,96,0
2024-10-19,P03,Nasi Kuning,69,0
2024-10-19,P04,Nasi Uduk,64,0
2024-10-19,P05,Mie Ayam Bakso,72,0
2024-10-19,P06,Soto Ayam,60,0
2024-10-19,P07,Ayam Geprek,82,0
2024-10-19,P08,Es Teh Manis,181,0
2024-10-19,P09,Es Jeruk,132,0
2024-10-19,P10,Kopi Hitam,105,0
2024-10-19,P11,Teh Anget,88,0
2024-10-19,P12,Jus Alpukat,56,0
2024-10-19,P13,Es Campur,43,0
2024-10-19,P14,Kerupuk,160,0
2024-10-19,P15,Kue Lumpur,47,0
2024-10-19,P16,Pisang Goreng,69,0
2024-10-19,P17,Lemper,43,0
2024-10-19,P18,Serabi,36,0
2024-10-19,P19,Tahu Isi,69,0
2024-10-19,P20,Tempe Goreng,47,0
2024-10-19,P21,Roti Bakar Coklat,44,0
2024-10-19,P22,Telur Dadar,66,0
2024-10-19,P23,Capcay,56,0
2024-10-19,P24,Nasi Goreng Seafood,45,0
2024-10-19,P25,Bakso Urat,67,0
2024-10-20,P01,Nasi Goreng Spesial,107,0
2024-10-20,P02,Mie Goreng Ayam,101,0
2024-10-20,P03,Nasi Kuning,70,0
2024-10-20,P04,Nasi Uduk,64,0
2024-10-20,P05,Mie Ayam Bakso,86,0
2024-10-20,P06,Soto Ayam,54,0
2024-10-20,P07,Ayam Geprek,79,0
2024-10-20,P08,Es Teh Manis,229,0
2024-10-20,P09,Es Jeruk,144,0
2024-10-20,P10,Kopi Hitam,112,0
2024-10-20,P11,Teh Anget,92,0
2024-10-20,P12,Jus Alpukat,56,0
2024-10-20,P13,Es Campur,50,0
2024-10-20,P14,Kerupuk,150,0
2024-10-20,P15,Kue Lumpur,47,0
2024-10-20,P16,Pisang Goreng,62,0
2024-10-20,P17,Lemper,54,0
2024-10-20,P18,Serabi,37,0
2024-10-20,P19,Tahu Isi,65,0
2024-10-20,P20,Tempe Goreng,53,0
2024-10-20,P21,Roti Bakar Coklat,48,0
2024-10-20,P22,Telur Dadar,77,0
2024-10-20,P23,Capcay,57,0
2024-10-20,P24,Nasi Goreng Seafood,42,0
2024-10-20,P25,Bakso Urat,69,0
2024-10-21,P01,Nasi Goreng Spesial,58,0
2024-10-21,P02,Mie Goreng Ayam,46,0
2024-10-21,P03,Nasi Kuning,37,0
2024-10-21,P04,Nasi Uduk,31,0
2024-10-21,P05,Mie Ayam Bakso,42,0
2024-10-21,P06,Soto Ayam,26,0
2024-10-21,P07,Ayam Geprek,48,0
2024-10-21,P08,Es Teh Manis,47,0
2024-10-21,P09,Es Jeruk,57,0
2024-10-21,P10,Kopi Hitam,47,0
2024-10-21,P11,Teh Anget,26,0
2024-10-21,P12,Jus Alpukat,27,0
2024-10-21,P13,Es Campur,20,0
2024-10-21,P14,Kerupuk,81,0
2024-10-21,P15,Kue Lumpur,21,0
2024-10-21,P16,Pisang Goreng,32,0
2024-10-21,P17,Lemper,23,0
2024-10-21,P18,Serabi,18,0
2024-10-21,P19,Tahu Isi,35,0
2024-10-21,P20,Tempe Goreng,27,0
2024-10-21,P21,Roti Bakar Coklat,18,0
2024-10-21,P22,Telur Dadar,37,0
2024-10-21,P23,Capcay,28,0
2024-10-21,P24,Nasi Goreng Seafood,24,0
2024-10-21,P25,Bakso Urat,34,0
2024-10-22,P01,Nasi Goreng Spesial,99,0
2024-10-22,P02,Mie Goreng Ayam,87,0
2024-10-22,P03,Nasi Kuning,61,0
2024-10-22,P04,Nasi Uduk,50,0
2024-10-22,P05,Mie Ayam Bakso,63,0
2024-10-22,P06,Soto Ayam,45,0
2024-10-22,P07,Ayam Geprek,56,0
2024-10-22,P08,Es Teh Manis,174,0
2024-10-22,P09,Es Jeruk,129,0
2024-10-22,P10,Kopi Hitam,97,0
2024-10-22,P11,Teh Anget,67,0
2024-10-22,P12,Jus Alpukat,48,0
2024-10-22,P13,Es Campur,42,0
2024-10-22,P14,Kerupuk,145,0
2024-10-22,P15,Kue Lumpur,32,0
2024-10-22,P16,Pisang Goreng,55,0
2024-10-22,P17,Lemper,47,0
2024-10-22,P18,Serabi,32,0
2024-10-22,P19,Tahu Isi,54,0
2024-10-22,P20,Tempe Goreng,47,0
2024-10-22,P21,Roti Bakar Coklat,37,0
2024-10-22,P22,Telur Dadar,64,0
2024-10-22,P23,Capcay,42,0
2024-10-22,P24,Nasi Goreng Seafood,43,0
2024-10-22,P25,Bakso Urat,49,0
2024-10-23,P01,Nasi Goreng Spesial,70,0
2024-10-23,P02,Mie Goreng Ayam,75,0
2024-10-23,P03,Nasi Kuning,56,0
2024-10-23,P04,Nasi Uduk,51,0
2024-10-23,P05,Mie Ayam Bakso,73,0
2024-10-23,P06,Soto Ayam,53,0
2024-10-23,P07,Ayam Geprek,61,0
2024-10-23,P08,Es Teh Manis,139,0
2024-10-23,P09,Es Jeruk,119,0
2024-10-23,P10,Kopi Hitam,97,0
2024-10-23,P11,Teh Anget,79,0
2024-10-23,P12,Jus Alpukat,50,0
2024-10-23,P13,Es Campur,37,0
2024-10-23,P14,Kerupuk,138,0
2024-10-23,P15,Kue Lumpur,32,0
2024-10-23,P16,Pisang Goreng,57,0
2024-10-23,P17,Lemper,34,0
2024-10-23,P18,Serabi,27,0
2024-10-23,P19,Tahu Isi,55,0
2024-10-23,P20,Tempe Goreng,43,0
2024-10-23,P21,Roti Bakar Coklat,37,0
2024-10-23,P22,Telur Dadar,58,0
2024-10-23,P23,Capcay,43,0
2024-10-23,P24,Nasi Goreng Seafood,42,0
2024-10-23,P25,Bakso Urat,51,0
2024-10-24,P01,Nasi Goreng Spesial,57,0
2024-10-24,P02,Mie Goreng Ayam,53,0
2024-10-24,P03,Nasi Kuning,33,0
2024-10-24,P04,Nasi Uduk,34,0
2024-10-24,P05,Mie Ayam Bakso,36,0
2024-10-24,P06,Soto Ayam,28,0
2024-10-24,P07,Ayam Geprek,29,0
2024-10-24,P08,Es Teh Manis,33,0
2024-10-24,P09,Es Jeruk,51,0
2024-10-24,P10,Kopi Hitam,28,0
2024-10-24,P11,Teh Anget,27,0
2024-10-24,P12,Jus Alpukat,12,0
2024-10-24,P13,Es Campur,11,0
2024-10-24,P14,Kerupuk,70,0
2024-10-24,P15,Kue Lumpur,19,0
2024-10-24,P16,Pisang Goreng,34,0
2024-10-24,P17,Lemper,25,0
2024-10-24,P18,Serabi,18,0
2024-10-24,P19,Tahu Isi,31,0
2024-10-24,P20,Tempe Goreng,32,0
2024-10-24,P21,Roti Bakar Coklat,18,0
2024-10-24,P22,Telur Dadar,34,0
2024-10-24,P23,Capcay,30,0
2024-10-24,P24,Nasi Goreng Seafood,27,0
2024-10-24,P25,Bakso Urat,25,0
2024-10-25,P01,Nasi Goreng Spesial,100,0
2024-10-25,P02,Mie Goreng Ayam,78,0
2024-10-25,P03,Nasi Kuning,57,0
2024-10-25,P04,Nasi Uduk,47,0
2024-10-25,P05,Mie Ayam Bakso,71,0
2024-10-25,P06,Soto Ayam,39,0
2024-10-25,P07,Ayam Geprek,66,0
2024-10-25,P08,Es Teh Manis,142,0
2024-10-25,P09,Es Jeruk,111,0
2024-10-25,P10,Kopi Hitam,90,0
2024-10-25,P11,Teh Anget,82,0
2024-10-25,P12,Jus Alpukat,44,0
2024-10-25,P13,Es Campur,38,0
2024-10-25,P14,Kerupuk,114,0
2024-10-25,P15,Kue Lumpur,38,0
2024-10-25,P16,Pisang Goreng,57,0
2024-10-25,P17,Lemper,38,0
2024-10-25,P18,Serabi,29,0
2024-10-25,P19,Tahu Isi,43,0
2024-10-25,P20,Tempe Goreng,46,0
2024-10-25,P21,Roti Bakar Coklat,29,0
2024-10-25,P22,Telur Dadar,62,0
2024-10-25,P23,Capcay,44,0
2024-10-25,P24,Nasi Goreng Seafood,46,0
2024-10-25,P25,Bakso Urat,48,0
2024-10-26,P01,Nasi Goreng Spesial,113,0
2024-10-26,P02,Mie Goreng Ayam,86,0
2024-10-26,P03,Nasi Kuning,73,0
2024-10-26,P04,Nasi Uduk,63,0
2024-10-26,P05,Mie Ayam Bakso,96,0
2024-10-26,P06,Soto Ayam,52,0
2024-10-26,P07,Ayam Geprek,78,0
2024-10-26,P08,Es Teh Manis,193,0
2024-10-26,P09,Es Jeruk,138,0
2024-10-26,P10,Kopi Hitam,118,0
2024-10-26,P11,Teh Anget,83,0
2024-10-26,P12,Jus Alpukat,59,0
2024-10-26,P13,Es Campur,58,0
2024-10-26,P14,Kerupuk,149,0
2024-10-26,P15,Kue Lumpur,45,0
2024-10-26,P16,Pisang Goreng,75,0
2024-10-26,P17,Lemper,50,0
2024-10-26,P18,Serabi,37,0
2024-10-26,P19,Tahu Isi,55,0
2024-10-26,P20,Tempe Goreng,60,0
2024-10-26,P21,Roti Bakar Coklat,44,0
2024-10-26,P22,Telur Dadar,66,0
2024-10-26,P23,Capcay,53,0
2024-10-26,P24,Nasi Goreng Seafood,45,0
2024-10-26,P25,Bakso Urat,62,0
2024-10-27,P01,Nasi Goreng Spesial,112,0
2024-10-27,P02,Mie Goreng Ayam,94,0
2024-10-27,P03,Nasi Kuning,71,0
2024-10-27,P04,Nasi Uduk,72,0
2024-10-27,P05,Mie Ayam Bakso,89,0
2024-10-27,P06,Soto Ayam,68,0
2024-10-27,P07,Ayam Geprek,91,0
2024-10-27,P08,Es Teh Manis,177,0
2024-10-27,P09,Es Jeruk,131,0
2024-10-27,P10,Kopi Hitam,98,0
2024-10-27,P11,Teh Anget,84,0
2024-10-27,P12,Jus Alpukat,51,0
2024-10-27,P13,Es Campur,44,0
2024-10-27,P14,Kerupuk,145,0
2024-10-27,P15,Kue Lumpur,45,0
2024-10-27,P16,Pisang Goreng,66,0
2024-10-27,P17,Lemper,54,0
2024-10-27,P18,Serabi,36,0
2024-10-27,P19,Tahu Isi,76,0
2024-10-27,P20,Tempe Goreng,56,0
2024-10-27,P21,Roti Bakar Coklat,45,0
2024-10-27,P22,Telur Dadar,67,0
2024-10-27,P23,Capcay,61,0
2024-10-27,P24,Nasi Goreng Seafood,52,0
2024-10-27,P25,Bakso Urat,69,0
2024-10-28,P01,Nasi Goreng Spesial,104,0
2024-10-28,P02,Mie Goreng Ayam,69,0
2024-10-28,P03,Nasi Kuning,51,0
2024-10-28,P04,Nasi Uduk,57,0
2024-10-28,P05,Mie Ayam Bakso,71,0
2024-10-28,P06,Soto Ayam,51,0
2024-10-28,P07,Ayam Geprek,64,0
2024-10-28,P08,Es Teh Manis,180,0
2024-10-28,P09,Es Jeruk,126,0
2024-10-28,P10,Kopi Hitam,100,0
2024-10-28,P11,Teh Anget,79,0
2024-10-28,P12,Jus Alpukat,40,0
2024-10-28,P13,Es Campur,45,0
2024-10-28,P14,Kerupuk,137,0
2024-10-28,P15,Kue Lumpur,38,0
2024-10-28,P16,Pisang Goreng,53,0
2024-10-28,P17,Lemper,43,0
2024-10-28,P18,Serabi,33,0
2024-10-28,P19,Tahu Isi,58,0
2024-10-28,P20,Tempe Goreng,43,0
2024-10-28,P21,Roti Bakar Coklat,35,0
2024-10-28,P22,Telur Dadar,64,0
2024-10-28,P23,Capcay,46,0
2024-10-28,P24,Nasi Goreng Seafood,37,0
2024-10-28,P25,Bakso Urat,58,0
2024-10-29,P01,Nasi Goreng Spesial,106,0
2024-10-29,P02,Mie Goreng Ayam,82,0
2024-10-29,P03,Nasi Kuning,64,0
2024-10-29,P04,Nasi Uduk,62,0
2024-10-29,P05,Mie Ayam Bakso,71,0
2024-10-29,P06,Soto Ayam,50,0
2024-10-29,P07,Ayam Geprek,62,0
2024-10-29,P08,Es Teh Manis,142,0
2024-10-29,P09,Es Jeruk,91,0
2024-10-29,P10,Kopi Hitam,93,0
2024-10-29,P11,Teh Anget,84,0
2024-10-29,P12,Jus Alpukat,49,0
2024-10-29,P13,Es Campur,33,0
2024-10-29,P14,Kerupuk,134,0
2024-10-29,P15,Kue Lumpur,41,0
2024-10-29,P16,Pisang Goreng,56,0
2024-10-29,P17,Lemper,42,0
2024-10-29,P18,Serabi,27,0
2024-10-29,P19,Tahu Isi,54,0
2024-10-29,P20,Tempe Goreng,43,0
2024-10-29,P21,Roti Bakar Coklat,37,0
2024-10-29,P22,Telur Dadar,56,0
2024-10-29,P23,Capcay,49,0
2024-10-29,P24,Nasi Goreng Seafood,45,0
2024-10-29,P25,Bakso Urat,54,0
2024-10-30,P01,Nasi Goreng Spesial,80,0
2024-10-30,P02,Mie Goreng Ayam,72,0
2024-10-30,P03,Nasi Kuning,51,0
2024-10-30,P04,Nasi Uduk,55,0
2024-10-30,P05,Mie Ayam Bakso,70,0
2024-10-30,P06,Soto Ayam,40,0
2024-10-30,P07,Ayam Geprek,59,0
2024-10-30,P08,Es Teh Manis,163,0
2024-10-30,P09,Es Jeruk,131,0
2024-10-30,P10,Kopi Hitam,88,0
2024-10-30,P11,Teh Anget,91,0
2024-10-30,P12,Jus Alpukat,49,0
2024-10-30,P13,Es Campur,40,0
2024-10-30,P14,Kerupuk,111,0
2024-10-30,P15,Kue Lumpur,32,0
2024-10-30,P16,Pisang Goreng,48,0
2024-10-30,P17,Lemper,39,0
2024-10-30,P18,Serabi,26,0
2024-10-30,P19,Tahu Isi,40,0
2024-10-30,P20,Tempe Goreng,43,0
2024-10-30,P21,Roti Bakar Coklat,29,0
2024-10-30,P22,Telur Dadar,53,0
2024-10-30,P23,Capcay,39,0
2024-10-30,P24,Nasi Goreng Seafood,35,0
2024-10-30,P25,Bakso Urat,60,0
2024-10-31,P01,Nasi Goreng Spesial,95,0
2024-10-31,P02,Mie Goreng Ayam,76,0
2024-10-31,P03,Nasi Kuning,59,0
2024-10-31,P04,Nasi Uduk,57,0
2024-10-31,P05,Mie Ayam Bakso,67,0
2024-10-31,P06,Soto Ayam,47,0
2024-10-31,P07,Ayam Geprek,59,0
2024-10-31,P08,Es Teh Manis,178,0
2024-10-31,P09,Es Jeruk,123,0
2024-10-31,P10,Kopi Hitam,99,0
2024-10-31,P11,Teh Anget,87,0
2024-10-31,P12,Jus Alpukat,49,0
2024-10-31,P13,Es Campur,44,0
2024-10-31,P14,Kerupuk,128,0
2024-10-31,P15,Kue Lumpur,36,0
2024-10-31,P16,Pisang Goreng,55,0
2024-10-31,P17,Lemper,48,0
2024-10-31,P18,Serabi,30,0
2024-10-31,P19,Tahu Isi,49,0
2024-10-31,P20,Tempe Goreng,48,0
2024-10-31,P21,Roti Bakar Coklat,37,0
2024-10-31,P22,Telur Dadar,54,0
2024-10-31,P23,Capcay,49,0
2024-10-31,P24,Nasi Goreng Seafood,40,0
2024-10-31,P25,Bakso Urat,51,0
2024-11-01,P01,Nasi Goreng Spesial,99,0
2024-11-01,P02,Mie Goreng Ayam,81,0
2024-11-01,P03,Nasi Kuning,67,0
2024-11-01,P04,Nasi Uduk,49,0
2024-11-01,P05,Mie Ayam Bakso,60,0
2024-11-01,P06,Soto Ayam,44,0
2024-11-01,P07,Ayam Geprek,66,0
2024-11-01,P08,Es Teh Manis,189,0
2024-11-01,P09,Es Jeruk,126,0
2024-11-01,P10,Kopi Hitam,94,0
2024-11-01,P11,Teh Anget,90,0
2024-11-01,P12,Jus Alpukat,47,0
2024-11-01,P13,Es Campur,49,0
2024-11-01,P14,Kerupuk,149,0
2024-11-01,P15,Kue Lumpur,36,0
2024-11-01,P16,Pisang Goreng,58,0
2024-11-01,P17,Lemper,38,0
2024-11-01,P18,Serabi,26,0
2024-11-01,P19,Tahu Isi,48,0
2024-11-01,P20,Tempe Goreng,41,0
2024-11-01,P21,Roti Bakar Coklat,31,0
2024-11-01,P22,Telur Dadar,66,0
2024-11-01,P23,Capcay,44,0
2024-11-01,P24,Nasi Goreng Seafood,39,0
2024-11-01,P25,Bakso Urat,51,0
2024-11-02,P01,Nasi Goreng Spesial,149,0
2024-11-02,P02,Mie Goreng Ayam,118,1
2024-11-02,P03,Nasi Kuning,105,0
2024-11-02,P04,Nasi Uduk,91,0
2024-11-02,P05,Mie Ayam Bakso,105,0
2024-11-02,P06,Soto Ayam,79,0
2024-11-02,P07,Ayam Geprek,110,0
2024-11-02,P08,Es Teh Manis,256,0
2024-11-02,P09,Es Jeruk,170,1
2024-11-02,P10,Kopi Hitam,132,1
2024-11-02,P11,Teh Anget,115,0
2024-11-02,P12,Jus Alpukat,70,0
2024-11-02,P13,Es Campur,65,0
2024-11-02,P14,Kerupuk,212,0
2024-11-02,P15,Kue Lumpur,62,0
2024-11-02,P16,Pisang Goreng,99,0
2024-11-02,P17,Lemper,70,0
2024-11-02,P18,Serabi,53,0
2024-11-02,P19,Tahu Isi,85,0
2024-11-02,P20,Tempe Goreng,78,0
2024-11-02,P21,Roti Bakar Coklat,61,0
2024-11-02,P22,Telur Dadar,99,0
2024-11-02,P23,Capcay,76,0
2024-11-02,P24,Nasi Goreng Seafood,67,0
2024-11-02,P25,Bakso Urat,90,0
2024-11-03,P01,Nasi Goreng Spesial,130,0
2024-11-03,P02,Mie Goreng Ayam,108,0
2024-11-03,P03,Nasi Kuning,75,0
2024-11-03,P04,Nasi Uduk,75,0
2024-11-03,P05,Mie Ayam Bakso,88,0
2024-11-03,P06,Soto Ayam,64,0
2024-11-03,P07,Ayam Geprek,81,0
2024-11-03,P08,Es Teh Manis,227,0
2024-11-03,P09,Es Jeruk,150,0
2024-11-03,P10,Kopi Hitam,123,0
2024-11-03,P11,Teh Anget,106,0
2024-11-03,P12,Jus Alpukat,69,0
2024-11-03,P13,Es Campur,47,0
2024-11-03,P14,Kerupuk,161,0
2024-11-03,P15,Kue Lumpur,47,0
2024-11-03,P16,Pisang Goreng,73,0
2024-11-03,P17,Lemper,52,0
2024-11-03,P18,Serabi,41,0
2024-11-03,P19,Tahu Isi,65,0
2024-11-03,P20,Tempe Goreng,64,0
2024-11-03,P21,Roti Bakar Coklat,49,0
2024-11-03,P22,Telur Dadar,81,0
2024-11-03,P23,Capcay,61,0
2024-11-03,P24,Nasi Goreng Seafood,54,0
2024-11-03,P25,Bakso Urat,71,0
2024-11-04,P01,Nasi Goreng Spesial,109,0
2024-11-04,P02,Mie Goreng Ayam,74,0
2024-11-04,P03,Nasi Kuning,60,0
2024-11-04,P04,Nasi Uduk,55,0
2024-11-04,P05,Mie Ayam Bakso,69,0
2024-11-04,P06,Soto Ayam,47,0
2024-11-04,P07,Ayam Geprek,57,0
2024-11-04,P08,Es Teh Manis,169,0
2024-11-04,P09,Es Jeruk,109,0
2024-11-04,P10,Kopi Hitam,95,0
2024-11-04,P11,Teh Anget,74,0
2024-11-04,P12,Jus Alpukat,43,0
2024-11-04,P13,Es Campur,42,0
2024-11-04,P14,Kerupuk,124,0
2024-11-04,P15,Kue Lumpur,37,0
2024-11-04,P16,Pisang Goreng,66,0
2024-11-04,P17,Lemper,42,0
2024-11-04,P18,Serabi,32,0
2024-11-04,P19,Tahu Isi,47,0
2024-11-04,P20,Tempe Goreng,41,0
2024-11-04,P21,Roti Bakar Coklat,40,0
2024-11-04,P22,Telur Dadar,55,0
2024-11-04,P23,Capcay,41,0
2024-11-04,P24,Nasi Goreng Seafood,40,0
2024-11-04,P25,Bakso Urat,54,0
2024-11-05,P01,Nasi Goreng Spesial,88,0
2024-11-05,P02,Mie Goreng Ayam,85,0
2024-11-05,P03,Nasi Kuning,65,0
2024-11-05,P04,Nasi Uduk,56,0
2024-11-05,P05,Mie Ayam Bakso,54,0
2024-11-05,P06,Soto Ayam,46,0
2024-11-05,P07,Ayam Geprek,76,0
2024-11-05,P08,Es Teh Manis,155,0
2024-11-05,P09,Es Jeruk,94,0
2024-11-05,P10,Kopi Hitam,100,0
2024-11-05,P11,Teh Anget,76,0
2024-11-05,P12,Jus Alpukat,49,0
2024-11-05,P13,Es Campur,41,0
2024-11-05,P14,Kerupuk,128,0
2024-11-05,P15,Kue Lumpur,37,0
2024-11-05,P16,Pisang Goreng,59,0
2024-11-05,P17,Lemper,48,0
2024-11-05,P18,Serabi,33,0
2024-11-05,P19,Tahu Isi,45,0
2024-11-05,P20,Tempe Goreng,48,0
2024-11-05,P21,Roti Bakar Coklat,39,0
2024-11-05,P22,Telur Dadar,67,0
2024-11-05,P23,Capcay,44,0
2024-11-05,P24,Nasi Goreng Seafood,44,0
2024-11-05,P25,Bakso Urat,60,0
2024-11-06,P01,Nasi Goreng Spesial,102,0
2024-11-06,P02,Mie Goreng Ayam,73,0
2024-11-06,P03,Nasi Kuning,52,0
2024-11-06,P04,Nasi Uduk,55,0
2024-11-06,P05,Mie Ayam Bakso,69,0
2024-11-06,P06,Soto Ayam,47,0
2024-11-06,P07,Ayam Geprek,65,0
2024-11-06,P08,Es Teh Manis,209,0
2024-11-06,P09,Es Jeruk,127,0
2024-11-06,P10,Kopi Hitam,105,0
2024-11-06,P11,Teh Anget,86,0
2024-11-06,P12,Jus Alpukat,54,0
2024-11-06,P13,Es Campur,42,0
2024-11-06,P14,Kerupuk,103,0
2024-11-06,P15,Kue Lumpur,35,0
2024-11-06,P16,Pisang Goreng,59,0
2024-11-06,P17,Lemper,37,0
2024-11-06,P18,Serabi,30,0
2024-11-06,P19,Tahu Isi,48,0
2024-11-06,P20,Tempe Goreng,51,0
2024-11-06,P21,Roti Bakar Coklat,37,0
2024-11-06,P22,Telur Dadar,62,0
2024-11-06,P23,Capcay,46,0
2024-11-06,P24,Nasi Goreng Seafood,39,0
2024-11-06,P25,Bakso Urat,55,0
2024-11-07,P01,Nasi Goreng Spesial,71,0
2024-11-07,P02,Mie Goreng Ayam,63,0
2024-11-07,P03,Nasi Kuning,41,0
2024-11-07,P04,Nasi Uduk,29,0
2024-11-07,P05,Mie Ayam Bakso,52,0
2024-11-07,P06,Soto Ayam,28,0
2024-11-07,P07,Ayam Geprek,46,0
2024-11-07,P08,Es Teh Manis,77,0
2024-11-07,P09,Es Jeruk,50,0
2024-11-07,P10,Kopi Hitam,46,0
2024-11-07,P11,Teh Anget,40,0
2024-11-07,P12,Jus Alpukat,22,0
2024-11-07,P13,Es Campur,24,0
2024-11-07,P14,Kerupuk,85,0
2024-11-07,P15,Kue Lumpur,28,0
2024-11-07,P16,Pisang Goreng,42,0
2024-11-07,P17,Lemper,27,0
2024-11-07,P18,Serabi,20,0
2024-11-07,P19,Tahu Isi,30,0
2024-11-07,P20,Tempe Goreng,34,0
2024-11-07,P21,Roti Bakar Coklat,25,0
2024-11-07,P22,Telur Dadar,30,0
2024-11-07,P23,Capcay,29,0
2024-11-07,P24,Nasi Goreng Seafood,25,0
2024-11-07,P25,Bakso Urat,45,0
2024-11-08,P01,Nasi Goreng Spesial,106,0
2024-11-08,P02,Mie Goreng Ayam,89,0
2024-11-08,P03,Nasi Kuning,76,0
2024-11-08,P04,Nasi Uduk,56,0
2024-11-08,P05,Mie Ayam Bakso,71,0
2024-11-08,P06,Soto Ayam,55,0
2024-11-08,P07,Ayam Geprek,73,0
2024-11-08,P08,Es Teh Manis,170,0
2024-11-08,P09,Es Jeruk,118,0
2024-11-08,P10,Kopi Hitam,103,0
2024-11-08,P11,Teh Anget,78,0
2024-11-08,P12,Jus Alpukat,48,0
2024-11-08,P13,Es Campur,44,0
2024-11-08,P14,Kerupuk,139,0
2024-11-08,P15,Kue Lumpur,36,0
2024-11-08,P16,Pisang Goreng,51,0
2024-11-08,P17,Lemper,37,0
2024-11-08,P18,Serabi,29,0
2024-11-08,P19,Tahu Isi,48,0
2024-11-08,P20,Tempe Goreng,48,0
2024-11-08,P21,Roti Bakar Coklat,34,0
2024-11-08,P22,Telur Dadar,60,0
2024-11-08,P23,Capcay,44,0
2024-11-08,P24,Nasi Goreng Seafood,40,0
2024-11-08,P25,Bakso Urat,64,0
2024-11-09,P01,Nasi Goreng Spesial,79,0
2024-11-09,P02,Mie Goreng Ayam,62,0
2024-11-09,P03,Nasi Kuning,45,0
2024-11-09,P04,Nasi Uduk,45,0
2024-11-09,P05,Mie Ayam Bakso,54,0
2024-11-09,P06,Soto Ayam,41,0
2024-11-09,P07,Ayam Geprek,52,0
2024-11-09,P08,Es Teh Manis,100,0
2024-11-09,P09,Es Jeruk,59,0
2024-11-09,P10,Kopi Hitam,52,0
2024-11-09,P11,Teh Anget,36,0
2024-11-09,P12,Jus Alpukat,20,0
2024-11-09,P13,Es Campur,25,0
2024-11-09,P14,Kerupuk,99,0
2024-11-09,P15,Kue Lumpur,30,0
2024-11-09,P16,Pisang Goreng,45,0
2024-11-09,P17,Lemper,30,0
2024-11-09,P18,Serabi,24,0
2024-11-09,P19,Tahu Isi,46,0
2024-11-09,P20,Tempe Goreng,38,0
2024-11-09,P21,Roti Bakar Coklat,23,0
2024-11-09,P22,Telur Dadar,43,0
2024-11-09,P23,Capcay,39,0
2024-11-09,P24,Nasi Goreng Seafood,28,0
2024-11-09,P25,Bakso Urat,32,0
2024-11-10,P01,Nasi Goreng Spesial,170,0
2024-11-10,P02,Mie Goreng Ayam,147,0
2024-11-10,P03,Nasi Kuning,95,1
2024-11-10,P04,Nasi Uduk,96,0
2024-11-10,P05,Mie Ayam Bakso,121,0
2024-11-10,P06,Soto Ayam,77,1
2024-11-10,P07,Ayam Geprek,121,0
2024-11-10,P08,Es Teh Manis,288,0
2024-11-10,P09,Es Jeruk,179,0
2024-11-10,P10,Kopi Hitam,155,0
2024-11-10,P11,Teh Anget,130,0
2024-11-10,P12,Jus Alpukat,70,0
2024-11-10,P13,Es Campur,69,0
2024-11-10,P14,Kerupuk,177,1
2024-11-10,P15,Kue Lumpur,56,1
2024-11-10,P16,Pisang Goreng,107,0
2024-11-10,P17,Lemper,69,1
2024-11-10,P18,Serabi,54,0
2024-11-10,P19,Tahu Isi,93,0
2024-11-10,P20,Tempe Goreng,79,0
2024-11-10,P21,Roti Bakar Coklat,61,0
2024-11-10,P22,Telur Dadar,109,0
2024-11-10,P23,Capcay,82,0
2024-11-10,P24,Nasi Goreng Seafood,66,0
2024-11-10,P25,Bakso Urat,99,0
2024-11-11,P01,Nasi Goreng Spesial,82,0
2024-11-11,P02,Mie Goreng Ayam,73,0
2024-11-11,P03,Nasi Kuning,59,0
2024-11-11,P04,Nasi Uduk,47,0
2024-11-11,P05,Mie Ayam Bakso,73,0
2024-11-11,P06,Soto Ayam,43,0
2024-11-11,P07,Ayam Geprek,56,0
2024-11-11,P08,Es Teh Manis,131,0
2024-11-11,P09,Es Jeruk,78,0
2024-11-11,P10,Kopi Hitam,59,0
2024-11-11,P11,Teh Anget,51,0
2024-11-11,P12,Jus Alpukat,36,0
2024-11-11,P13,Es Campur,32,0
2024-11-11,P14,Kerupuk,109,0
2024-11-11,P15,Kue Lumpur,34,0
2024-11-11,P16,Pisang Goreng,54,0
2024-11-11,P17,Lemper,35,0
2024-11-11,P18,Serabi,29,0
2024-11-11,P19,Tahu Isi,48,0
2024-11-11,P20,Tempe Goreng,48,0
2024-11-11,P21,Roti Bakar Coklat,37,0
2024-11-11,P22,Telur Dadar,53,0
2024-11-11,P23,Capcay,40,0
2024-11-11,P24,Nasi Goreng Seafood,38,0
2024-11-11,P25,Bakso Urat,48,0
2024-11-12,P01,Nasi Goreng Spesial,93,0
2024-11-12,P02,Mie Goreng Ayam,84,0
2024-11-12,P03,Nasi Kuning,59,0
2024-11-12,P04,Nasi Uduk,57,0
2024-11-12,P05,Mie Ayam Bakso,79,0
2024-11-12,P06,Soto Ayam,52,0
2024-11-12,P07,Ayam Geprek,56,0
2024-11-12,P08,Es Teh Manis,171,0
2024-11-12,P09,Es Jeruk,124,0
2024-11-12,P10,Kopi Hitam,91,0
2024-11-12,P11,Teh Anget,83,0
2024-11-12,P12,Jus Alpukat,44,0
2024-11-12,P13,Es Campur,36,0
2024-11-12,P14,Kerupuk,125,0
2024-11-12,P15,Kue Lumpur,31,0
2024-11-12,P16,Pisang Goreng,55,0
2024-11-12,P17,Lemper,45,0
2024-11-12,P18,Serabi,26,0
2024-11-12,P19,Tahu Isi,46,0
2024-11-12,P20,Tempe Goreng,42,0
2024-11-12,P21,Roti Bakar Coklat,35,0
2024-11-12,P22,Telur Dadar,59,0
2024-11-12,P23,Capcay,50,0
2024-11-12,P24,Nasi Goreng Seafood,43,0
2024-11-12,P25,Bakso Urat,58,0
2024-11-13,P01,Nasi Goreng Spesial,47,0
2024-11-13,P02,Mie Goreng Ayam,39,0
2024-11-13,P03,Nasi Kuning,44,0
2024-11-13,P04,Nasi Uduk,30,0
2024-11-13,P05,Mie Ayam Bakso,41,0
2024-11-13,P06,Soto Ayam,28,0
2024-11-13,P07,Ayam Geprek,33,0
2024-11-13,P08,Es Teh Manis,63,0
2024-11-13,P09,Es Jeruk,67,0
2024-11-13,P10,Kopi Hitam,47,0
2024-11-13,P11,Teh Anget,25,0
2024-11-13,P12,Jus Alpukat,20,0
2024-11-13,P13,Es Campur,13,0
2024-11-13,P14,Kerupuk,58,0
2024-11-13,P15,Kue Lumpur,24,0
2024-11-13,P16,Pisang Goreng,39,0
2024-11-13,P17,Lemper,28,0
2024-11-13,P18,Serabi,17,0
2024-11-13,P19,Tahu Isi,30,0
2024-11-13,P20,Tempe Goreng,30,0
2024-11-13,P21,Roti Bakar Coklat,22,0
2024-11-13,P22,Telur Dadar,33,0
2024-11-13,P23,Capcay,21,0
2024-11-13,P24,Nasi Goreng Seafood,24,0
2024-11-13,P25,Bakso Urat,37,0
2024-11-14,P01,Nasi Goreng Spesial,105,0
2024-11-14,P02,Mie Goreng Ayam,89,0
2024-11-14,P03,Nasi Kuning,76,0
2024-11-14,P04,Nasi Uduk,63,0
2024-11-14,P05,Mie Ayam Bakso,76,0
2024-11-14,P06,Soto Ayam,55,0
2024-11-14,P07,Ayam Geprek,80,0
2024-11-14,P08,Es Teh Manis,303,0
2024-11-14,P09,Es Jeruk,207,0
2024-11-14,P10,Kopi Hitam,163,0
2024-11-14,P11,Teh Anget,141,0
2024-11-14,P12,Jus Alpukat,79,1
2024-11-14,P13,Es Campur,72,0
2024-11-14,P14,Kerupuk,149,0
2024-11-14,P15,Kue Lumpur,43,0
2024-11-14,P16,Pisang Goreng,59,0
2024-11-14,P17,Lemper,43,0
2024-11-14,P18,Serabi,35,0
2024-11-14,P19,Tahu Isi,65,0
2024-11-14,P20,Tempe Goreng,45,0
2024-11-14,P21,Roti Bakar Coklat,41,0
2024-11-14,P22,Telur Dadar,62,0
2024-11-14,P23,Capcay,49,0
2024-11-14,P24,Nasi Goreng Seafood,45,0
2024-11-14,P25,Bakso Urat,61,0
2024-11-15,P01,Nasi Goreng Spesial,139,1
2024-11-15,P02,Mie Goreng Ayam,153,0
2024-11-15,P03,Nasi Kuning,94,1
2024-11-15,P04,Nasi Uduk,87,1
2024-11-15,P05,Mie Ayam Bakso,113,1
2024-11-15,P06,Soto Ayam,104,0
2024-11-15,P07,Ayam Geprek,135,0
2024-11-15,P08,Es Teh Manis,298,0
2024-11-15,P09,Es Jeruk,195,0
2024-11-15,P10,Kopi Hitam,139,1
2024-11-15,P11,Teh Anget,138,0
2024-11-15,P12,Jus Alpukat,76,1
2024-11-15,P13,Es Campur,72,0
2024-11-15,P14,Kerupuk,227,0
2024-11-15,P15,Kue Lumpur,64,0
2024-11-15,P16,Pisang Goreng,111,0
2024-11-15,P17,Lemper,65,1
2024-11-15,P18,Serabi,66,0
2024-11-15,P19,Tahu Isi,94,0
2024-11-15,P20,Tempe Goreng,84,0
2024-11-15,P21,Roti Bakar Coklat,70,0
2024-11-15,P22,Telur Dadar,90,1
2024-11-15,P23,Capcay,88,0
2024-11-15,P24,Nasi Goreng Seafood,80,0
2024-11-15,P25,Bakso Urat,100,0
2024-11-16,P01,Nasi Goreng Spesial,137,0
2024-11-16,P02,Mie Goreng Ayam,105,0
2024-11-16,P03,Nasi Kuning,79,0
2024-11-16,P04,Nasi Uduk,75,0
2024-11-16,P05,Mie Ayam Bakso,101,0
2024-11-16,P06,Soto Ayam,68,0
2024-11-16,P07,Ayam Geprek,82,0
2024-11-16,P08,Es Teh Manis,145,0
2024-11-16,P09,Es Jeruk,91,0
2024-11-16,P10,Kopi Hitam,91,0
2024-11-16,P11,Teh Anget,65,0
2024-11-16,P12,Jus Alpukat,30,0
2024-11-16,P13,Es Campur,35,0
2024-11-16,P14,Kerupuk,174,1
2024-11-16,P15,Kue Lumpur,55,0
2024-11-16,P16,Pisang Goreng,88,0
2024-11-16,P17,Lemper,55,0
2024-11-16,P18,Serabi,46,0
2024-11-16,P19,Tahu Isi,70,0
2024-11-16,P20,Tempe Goreng,67,0
2024-11-16,P21,Roti Bakar Coklat,47,0
2024-11-16,P22,Telur Dadar,78,0
2024-11-16,P23,Capcay,58,0
2024-11-16,P24,Nasi Goreng Seafood,57,0
2024-11-16,P25,Bakso Urat,78,0
2024-11-17,P01,Nasi Goreng Spesial,142,0
2024-11-17,P02,Mie Goreng Ayam,98,0
2024-11-17,P03,Nasi Kuning,80,0
2024-11-17,P04,Nasi Uduk,74,0
2024-11-17,P05,Mie Ayam Bakso,89,0
2024-11-17,P06,Soto Ayam,67,0
2024-11-17,P07,Ayam Geprek,78,0
2024-11-17,P08,Es Teh Manis,164,0
2024-11-17,P09,Es Jeruk,94,0
2024-11-17,P10,Kopi Hitam,96,0
2024-11-17,P11,Teh Anget,68,0
2024-11-17,P12,Jus Alpukat,44,0
2024-11-17,P13,Es Campur,36,0
2024-11-17,P14,Kerupuk,175,0
2024-11-17,P15,Kue Lumpur,49,0
2024-11-17,P16,Pisang Goreng,80,0
2024-11-17,P17,Lemper,59,0
2024-11-17,P18,Serabi,41,0
2024-11-17,P19,Tahu Isi,72,0
2024-11-17,P20,Tempe Goreng,63,0
2024-11-17,P21,Roti Bakar Coklat,57,0
2024-11-17,P22,Telur Dadar,79,0
2024-11-17,P23,Capcay,65,0
2024-11-17,P24,Nasi Goreng Seafood,52,0
2024-11-17,P25,Bakso Urat,74,0
2024-11-18,P01,Nasi Goreng Spesial,117,0
2024-11-18,P02,Mie Goreng Ayam,109,0
2024-11-18,P03,Nasi Kuning,79,0
2024-11-18,P04,Nasi Uduk,61,0
2024-11-18,P05,Mie Ayam Bakso,83,0
2024-11-18,P06,Soto Ayam,70,0
2024-11-18,P07,Ayam Geprek,85,0
2024-11-18,P08,Es Teh Manis,142,0
2024-11-18,P09,Es Jeruk,103,0
2024-11-18,P10,Kopi Hitam,85,0
2024-11-18,P11,Teh Anget,75,0
2024-11-18,P12,Jus Alpukat,37,0
2024-11-18,P13,Es Campur,35,0
2024-11-18,P14,Kerupuk,165,0
2024-11-18,P15,Kue Lumpur,47,0
2024-11-18,P16,Pisang Goreng,77,0
2024-11-18,P17,Lemper,50,0
2024-11-18,P18,Serabi,41,0
2024-11-18,P19,Tahu Isi,72,0
2024-11-18,P20,Tempe Goreng,62,0
2024-11-18,P21,Roti Bakar Coklat,48,0
2024-11-18,P22,Telur Dadar,76,0
2024-11-18,P23,Capcay,54,0
2024-11-18,P24,Nasi Goreng Seafood,51,0
2024-11-18,P25,Bakso Urat,76,0
2024-11-19,P01,Nasi Goreng Spesial,113,0
2024-11-19,P02,Mie Goreng Ayam,81,0
2024-11-19,P03,Nasi Kuning,65,0
2024-11-19,P04,Nasi Uduk,52,0
2024-11-19,P05,Mie Ayam Bakso,69,0
2024-11-19,P06,Soto Ayam,58,0
2024-11-19,P07,Ayam Geprek,68,0
2024-11-19,P08,Es Teh Manis,152,0
2024-11-19,P09,Es Jeruk,116,0
2024-11-19,P10,Kopi Hitam,90,0
2024-11-19,P11,Teh Anget,75,0
2024-11-19,P12,Jus Alpukat,49,0
2024-11-19,P13,Es Campur,38,0
2024-11-19,P14,Kerupuk,122,0
2024-11-19,P15,Kue Lumpur,38,0
2024-11-19,P16,Pisang Goreng,64,0
2024-11-19,P17,Lemper,47,0
2024-11-19,P18,Serabi,31,0
2024-11-19,P19,Tahu Isi,58,0
2024-11-19,P20,Tempe Goreng,46,0
2024-11-19,P21,Roti Bakar Coklat,43,0
2024-11-19,P22,Telur Dadar,59,0
2024-11-19,P23,Capcay,53,0
2024-11-19,P24,Nasi Goreng Seafood,41,0
2024-11-19,P25,Bakso Urat,68,0
2024-11-20,P01,Nasi Goreng Spesial,72,0
2024-11-20,P02,Mie Goreng Ayam,61,0
2024-11-20,P03,Nasi Kuning,43,0
2024-11-20,P04,Nasi Uduk,50,0
2024-11-20,P05,Mie Ayam Bakso,63,0
2024-11-20,P06,Soto Ayam,42,0
2024-11-20,P07,Ayam Geprek,63,0
2024-11-20,P08,Es Teh Manis,85,0
2024-11-20,P09,Es Jeruk,87,0
2024-11-20,P10,Kopi Hitam,47,0
2024-11-20,P11,Teh Anget,42,0
2024-11-20,P12,Jus Alpukat,23,0
2024-11-20,P13,Es Campur,23,0
2024-11-20,P14,Kerupuk,109,0
2024-11-20,P15,Kue Lumpur,29,0
2024-11-20,P16,Pisang Goreng,54,0
2024-11-20,P17,Lemper,34,0
2024-11-20,P18,Serabi,26,0
2024-11-20,P19,Tahu Isi,38,0
2024-11-20,P20,Tempe Goreng,39,0
2024-11-20,P21,Roti Bakar Coklat,29,0
2024-11-20,P22,Telur Dadar,45,0
2024-11-20,P23,Capcay,33,0
2024-11-20,P24,Nasi Goreng Seafood,41,0
2024-11-20,P25,Bakso Urat,43,0
2024-11-21,P01,Nasi Goreng Spesial,129,0
2024-11-21,P02,Mie Goreng Ayam,115,0
2024-11-21,P03,Nasi Kuning,80,0
2024-11-21,P04,Nasi Uduk,78,0
2024-11-21,P05,Mie Ayam Bakso,106,0
2024-11-21,P06,Soto Ayam,66,0
2024-11-21,P07,Ayam Geprek,92,0
2024-11-21,P08,Es Teh Manis,255,0
2024-11-21,P09,Es Jeruk,162,0
2024-11-21,P10,Kopi Hitam,131,0
2024-11-21,P11,Teh Anget,120,0
2024-11-21,P12,Jus Alpukat,66,0
2024-11-21,P13,Es Campur,64,0
2024-11-21,P14,Kerupuk,178,1
2024-11-21,P15,Kue Lumpur,50,0
2024-11-21,P16,Pisang Goreng,82,0
2024-11-21,P17,Lemper,59,0
2024-11-21,P18,Serabi,46,0
2024-11-21,P19,Tahu Isi,70,0
2024-11-21,P20,Tempe Goreng,65,0
2024-11-21,P21,Roti Bakar Coklat,50,0
2024-11-21,P22,Telur Dadar,89,0
2024-11-21,P23,Capcay,60,0
2024-11-21,P24,Nasi Goreng Seafood,60,0
2024-11-21,P25,Bakso Urat,80,0
2024-11-22,P01,Nasi Goreng Spesial,128,0
2024-11-22,P02,Mie Goreng Ayam,122,0
2024-11-22,P03,Nasi Kuning,88,0
2024-11-22,P04,Nasi Uduk,85,0
2024-11-22,P05,Mie Ayam Bakso,102,0
2024-11-22,P06,Soto Ayam,67,0
2024-11-22,P07,Ayam Geprek,97,1
2024-11-22,P08,Es Teh Manis,225,0
2024-11-22,P09,Es Jeruk,161,0
2024-11-22,P10,Kopi Hitam,124,0
2024-11-22,P11,Teh Anget,114,1
2024-11-22,P12,Jus Alpukat,61,0
2024-11-22,P13,Es Campur,56,0
2024-11-22,P14,Kerupuk,177,0
2024-11-22,P15,Kue Lumpur,48,0
2024-11-22,P16,Pisang Goreng,82,0
2024-11-22,P17,Lemper,60,1
2024-11-22,P18,Serabi,42,0
2024-11-22,P19,Tahu Isi,75,0
2024-11-22,P20,Tempe Goreng,56,0
2024-11-22,P21,Roti Bakar Coklat,51,0
2024-11-22,P22,Telur Dadar,86,0
2024-11-22,P23,Capcay,62,0
2024-11-22,P24,Nasi Goreng Seafood,61,0
2024-11-22,P25,Bakso Urat,78,0
2024-11-23,P01,Nasi Goreng Spesial,176,0
2024-11-23,P02,Mie Goreng Ayam,148,0
2024-11-23,P03,Nasi Kuning,112,0
2024-11-23,P04,Nasi Uduk,95,0
2024-11-23,P05,Mie Ayam Bakso,124,0
2024-11-23,P06,Soto Ayam,89,0
2024-11-23,P07,Ayam Geprek,121,0
2024-11-23,P08,Es Teh Manis,276,0
2024-11-23,P09,Es Jeruk,193,0
2024-11-23,P10,Kopi Hitam,164,0
2024-11-23,P11,Teh Anget,136,0
2024-11-23,P12,Jus Alpukat,72,1
2024-11-23,P13,Es Campur,67,0
2024-11-23,P14,Kerupuk,240,0
2024-11-23,P15,Kue Lumpur,52,1
2024-11-23,P16,Pisang Goreng,98,0
2024-11-23,P17,Lemper,65,1
2024-11-23,P18,Serabi,57,0
2024-11-23,P19,Tahu Isi,98,1
2024-11-23,P20,Tempe Goreng,65,1
2024-11-23,P21,Roti Bakar Coklat,67,0
2024-11-23,P22,Telur Dadar,112,0
2024-11-23,P23,Capcay,82,0
2024-11-23,P24,Nasi Goreng Seafood,70,0
2024-11-23,P25,Bakso Urat,98,0
2024-11-24,P01,Nasi Goreng Spesial,164,1
2024-11-24,P02,Mie Goreng Ayam,130,0
2024-11-24,P03,Nasi Kuning,104,0
2024-11-24,P04,Nasi Uduk,83,1
2024-11-24,P05,Mie Ayam Bakso,119,0
2024-11-24,P06,Soto Ayam,84,0
2024-11-24,P07,Ayam Geprek,112,0
2024-11-24,P08,Es Teh Manis,276,0
2024-11-24,P09,Es Jeruk,187,0
2024-11-24,P10,Kopi Hitam,143,0
2024-11-24,P11,Teh Anget,120,0
2024-11-24,P12,Jus Alpukat,69,1
2024-11-24,P13,Es Campur,68,0
2024-11-24,P14,Kerupuk,211,0
2024-11-24,P15,Kue Lumpur,65,0
2024-11-24,P16,Pisang Goreng,98,0
2024-11-24,P17,Lemper,69,0
2024-11-24,P18,Serabi,53,0
2024-11-24,P19,Tahu Isi,87,1
2024-11-24,P20,Tempe Goreng,69,1
2024-11-24,P21,Roti Bakar Coklat,68,0
2024-11-24,P22,Telur Dadar,99,0
2024-11-24,P23,Capcay,76,0
2024-11-24,P24,Nasi Goreng Seafood,58,1
2024-11-24,P25,Bakso Urat,93,0
2024-11-25,P01,Nasi Goreng Spesial,139,0
2024-11-25,P02,Mie Goreng Ayam,122,0
2024-11-25,P03,Nasi Kuning,88,0
2024-11-25,P04,Nasi Uduk,85,0
2024-11-25,P05,Mie Ayam Bakso,102,0
2024-11-25,P06,Soto Ayam,72,0
2024-11-25,P07,Ayam Geprek,100,0
2024-11-25,P08,Es Teh Manis,219,0
2024-11-25,P09,Es Jeruk,184,0
2024-11-25,P10,Kopi Hitam,133,0
2024-11-25,P11,Teh Anget,111,0
2024-11-25,P12,Jus Alpukat,67,0
2024-11-25,P13,Es Campur,64,0
2024-11-25,P14,Kerupuk,184,0
2024-11-25,P15,Kue Lumpur,47,0
2024-11-25,P16,Pisang Goreng,87,0
2024-11-25,P17,Lemper,57,0
2024-11-25,P18,Serabi,44,0
2024-11-25,P19,Tahu Isi,68,0
2024-11-25,P20,Tempe Goreng,68,0
2024-11-25,P21,Roti Bakar Coklat,49,0
2024-11-25,P22,Telur Dadar,87,0
2024-11-25,P23,Capcay,64,0
2024-11-25,P24,Nasi Goreng Seafood,64,0
2024-11-25,P25,Bakso Urat,88,0
2024-11-26,P01,Nasi Goreng Spesial,132,0
2024-11-26,P02,Mie Goreng Ayam,123,0
2024-11-26,P03,Nasi Kuning,79,0
2024-11-26,P04,Nasi Uduk,81,0
2024-11-26,P05,Mie Ayam Bakso,111,0
2024-11-26,P06,Soto Ayam,74,0
2024-11-26,P07,Ayam Geprek,94,0
2024-11-26,P08,Es Teh Manis,229,0
2024-11-26,P09,Es Jeruk,158,0
2024-11-26,P10,Kopi Hitam,132,0
2024-11-26,P11,Teh Anget,107,0
2024-11-26,P12,Jus Alpukat,65,0
2024-11-26,P13,Es Campur,56,0
2024-11-26,P14,Kerupuk,180,0
2024-11-26,P15,Kue Lumpur,52,0
2024-11-26,P16,Pisang Goreng,80,0
2024-11-26,P17,Lemper,55,0
2024-11-26,P18,Serabi,42,0
2024-11-26,P19,Tahu Isi,73,0
2024-11-26,P20,Tempe Goreng,67,0
2024-11-26,P21,Roti Bakar Coklat,56,0
2024-11-26,P22,Telur Dadar,89,0
2024-11-26,P23,Capcay,70,0
2024-11-26,P24,Nasi Goreng Seafood,63,0
2024-11-26,P25,Bakso Urat,81,0
2024-11-27,P01,Nasi Goreng Spesial,113,0
2024-11-27,P02,Mie Goreng Ayam,84,0
2024-11-27,P03,Nasi Kuning,70,0
2024-11-27,P04,Nasi Uduk,60,0
2024-11-27,P05,Mie Ayam Bakso,77,0
2024-11-27,P06,Soto Ayam,48,0
2024-11-27,P07,Ayam Geprek,74,0
2024-11-27,P08,Es Teh Manis,172,0
2024-11-27,P09,Es Jeruk,129,0
2024-11-27,P10,Kopi Hitam,93,0
2024-11-27,P11,Teh Anget,84,0
2024-11-27,P12,Jus Alpukat,51,0
2024-11-27,P13,Es Campur,43,0
2024-11-27,P14,Kerupuk,134,0
2024-11-27,P15,Kue Lumpur,37,0
2024-11-27,P16,Pisang Goreng,56,0
2024-11-27,P17,Lemper,48,0
2024-11-27,P18,Serabi,35,0
2024-11-27,P19,Tahu Isi,51,0
2024-11-27,P20,Tempe Goreng,50,0
2024-11-27,P21,Roti Bakar Coklat,35,0
2024-11-27,P22,Telur Dadar,58,0
2024-11-27,P23,Capcay,51,0
2024-11-27,P24,Nasi Goreng Seafood,37,0
2024-11-27,P25,Bakso Urat,62,0
2024-11-28,P01,Nasi Goreng Spesial,69,0
2024-11-28,P02,Mie Goreng Ayam,52,0
2024-11-28,P03,Nasi Kuning,40,0
2024-11-28,P04,Nasi Uduk,39,0
2024-11-28,P05,Mie Ayam Bakso,57,0
2024-11-28,P06,Soto Ayam,43,0
2024-11-28,P07,Ayam Geprek,49,0
2024-11-28,P08,Es Teh Manis,79,0
2024-11-28,P09,Es Jeruk,79,0
2024-11-28,P10,Kopi Hitam,44,0
2024-11-28,P11,Teh Anget,36,0
2024-11-28,P12,Jus Alpukat,17,0
2024-11-28,P13,Es Campur,25,0
2024-11-28,P14,Kerupuk,100,0
2024-11-28,P15,Kue Lumpur,33,0
2024-11-28,P16,Pisang Goreng,35,0
2024-11-28,P17,Lemper,35,0
2024-11-28,P18,Serabi,22,0
2024-11-28,P19,Tahu Isi,41,0
2024-11-28,P20,Tempe Goreng,28,0
2024-11-28,P21,Roti Bakar Coklat,30,0
2024-11-28,P22,Telur Dadar,46,0
2024-11-28,P23,Capcay,32,0
2024-11-28,P24,Nasi Goreng Seafood,30,0
2024-11-28,P25,Bakso Urat,36,0
2024-11-29,P01,Nasi Goreng Spesial,64,0
2024-11-29,P02,Mie Goreng Ayam,56,0
2024-11-29,P03,Nasi Kuning,36,0
2024-11-29,P04,Nasi Uduk,46,0
2024-11-29,P05,Mie Ayam Bakso,48,0
2024-11-29,P06,Soto Ayam,41,0
2024-11-29,P07,Ayam Geprek,47,0
2024-11-29,P08,Es Teh Manis,99,0
2024-11-29,P09,Es Jeruk,58,0
2024-11-29,P10,Kopi Hitam,51,0
2024-11-29,P11,Teh Anget,42,0
2024-11-29,P12,Jus Alpukat,25,0
2024-11-29,P13,Es Campur,21,0
2024-11-29,P14,Kerupuk,89,0
2024-11-29,P15,Kue Lumpur,32,0
2024-11-29,P16,Pisang Goreng,37,0
2024-11-29,P17,Lemper,30,0
2024-11-29,P18,Serabi,22,0
2024-11-29,P19,Tahu Isi,39,0
2024-11-29,P20,Tempe Goreng,32,0
2024-11-29,P21,Roti Bakar Coklat,27,0
2024-11-29,P22,Telur Dadar,42,0
2024-11-29,P23,Capcay,27,0
2024-11-29,P24,Nasi Goreng Seafood,29,0
2024-11-29,P25,Bakso Urat,35,0
2024-11-30,P01,Nasi Goreng Spesial,124,0
2024-11-30,P02,Mie Goreng Ayam,105,0
2024-11-30,P03,Nasi Kuning,79,0
2024-11-30,P04,Nasi Uduk,78,0
2024-11-30,P05,Mie Ayam Bakso,95,0
2024-11-30,P06,Soto Ayam,68,0
2024-11-30,P07,Ayam Geprek,93,0
2024-11-30,P08,Es Teh Manis,193,0
2024-11-30,P09,Es Jeruk,131,0
2024-11-30,P10,Kopi Hitam,113,0
2024-11-30,P11,Teh Anget,95,0
2024-11-30,P12,Jus Alpukat,54,0
2024-11-30,P13,Es Campur,49,0
2024-11-30,P14,Kerupuk,164,0
2024-11-30,P15,Kue Lumpur,47,0
2024-11-30,P16,Pisang Goreng,82,0
2024-11-30,P17,Lemper,58,0
2024-11-30,P18,Serabi,44,0
2024-11-30,P19,Tahu Isi,72,0
2024-11-30,P20,Tempe Goreng,64,0
2024-11-30,P21,Roti Bakar Coklat,52,0
2024-11-30,P22,Telur Dadar,87,0
2024-11-30,P23,Capcay,65,0
2024-11-30,P24,Nasi Goreng Seafood,55,0
2024-11-30,P25,Bakso Urat,82,0
2024-12-01,P01,Nasi Goreng Spesial,67,0
2024-12-01,P02,Mie Goreng Ayam,67,0
2024-12-01,P03,Nasi Kuning,39,0
2024-12-01,P04,Nasi Uduk,42,0
2024-12-01,P05,Mie Ayam Bakso,60,0
2024-12-01,P06,Soto Ayam,41,0
2024-12-01,P07,Ayam Geprek,55,0
2024-12-01,P08,Es Teh Manis,89,0
2024-12-01,P09,Es Jeruk,72,0
2024-12-01,P10,Kopi Hitam,57,0
2024-12-01,P11,Teh Anget,45,0
2024-12-01,P12,Jus Alpukat,28,0
2024-12-01,P13,Es Campur,25,0
2024-12-01,P14,Kerupuk,101,0
2024-12-01,P15,Kue Lumpur,27,0
2024-12-01,P16,Pisang Goreng,50,0
2024-12-01,P17,Lemper,37,0
2024-12-01,P18,Serabi,29,0
2024-12-01,P19,Tahu Isi,40,0
2024-12-01,P20,Tempe Goreng,36,0
2024-12-01,P21,Roti Bakar Coklat,32,0
2024-12-01,P22,Telur Dadar,48,0
2024-12-01,P23,Capcay,29,0
2024-12-01,P24,Nasi Goreng Seafood,33,0
2024-12-01,P25,Bakso Urat,36,0
2024-12-02,P01,Nasi Goreng Spesial,175,0
2024-12-02,P02,Mie Goreng Ayam,136,0
2024-12-02,P03,Nasi Kuning,105,0
2024-12-02,P04,Nasi Uduk,97,0
2024-12-02,P05,Mie Ayam Bakso,131,0
2024-12-02,P06,Soto Ayam,86,0
2024-12-02,P07,Ayam Geprek,105,1
2024-12-02,P08,Es Teh Manis,424,0
2024-12-02,P09,Es Jeruk,280,0
2024-12-02,P10,Kopi Hitam,228,0
2024-12-02,P11,Teh Anget,143,1
2024-12-02,P12,Jus Alpukat,79,1
2024-12-02,P13,Es Campur,98,1
2024-12-02,P14,Kerupuk,210,0
2024-12-02,P15,Kue Lumpur,61,0
2024-12-02,P16,Pisang Goreng,90,0
2024-12-02,P17,Lemper,66,0
2024-12-02,P18,Serabi,57,0
2024-12-02,P19,Tahu Isi,86,0
2024-12-02,P20,Tempe Goreng,75,0
2024-12-02,P21,Roti Bakar Coklat,63,1
2024-12-02,P22,Telur Dadar,105,1
2024-12-02,P23,Capcay,81,0
2024-12-02,P24,Nasi Goreng Seafood,69,0
2024-12-02,P25,Bakso Urat,95,0
2024-12-03,P01,Nasi Goreng Spesial,146,0
2024-12-03,P02,Mie Goreng Ayam,118,0
2024-12-03,P03,Nasi Kuning,88,0
2024-12-03,P04,Nasi Uduk,88,0
2024-12-03,P05,Mie Ayam Bakso,104,0
2024-12-03,P06,Soto Ayam,80,0
2024-12-03,P07,Ayam Geprek,96,0
2024-12-03,P08,Es Teh Manis,260,0
2024-12-03,P09,Es Jeruk,172,0
2024-12-03,P10,Kopi Hitam,152,1
2024-12-03,P11,Teh Anget,122,0
2024-12-03,P12,Jus Alpukat,76,0
2024-12-03,P13,Es Campur,61,0
2024-12-03,P14,Kerupuk,192,0
2024-12-03,P15,Kue Lumpur,53,0
2024-12-03,P16,Pisang Goreng,86,0
2024-12-03,P17,Lemper,63,0
2024-12-03,P18,Serabi,46,0
2024-12-03,P19,Tahu Isi,75,0
2024-12-03,P20,Tempe Goreng,66,0
2024-12-03,P21,Roti Bakar Coklat,49,0
2024-12-03,P22,Telur Dadar,89,0
2024-12-03,P23,Capcay,73,0
2024-12-03,P24,Nasi Goreng Seafood,58,0
2024-12-03,P25,Bakso Urat,80,0
2024-12-04,P01,Nasi Goreng Spesial,135,0
2024-12-04,P02,Mie Goreng Ayam,125,0
2024-12-04,P03,Nasi Kuning,92,0
2024-12-04,P04,Nasi Uduk,87,0
2024-12-04,P05,Mie Ayam Bakso,107,0
2024-12-04,P06,Soto Ayam,76,0
2024-12-04,P07,Ayam Geprek,104,0
2024-12-04,P08,Es Teh Manis,249,0
2024-12-04,P09,Es Jeruk,168,0
2024-12-04,P10,Kopi Hitam,147,0
2024-12-04,P11,Teh Anget,114,0
2024-12-04,P12,Jus Alpukat,67,0
2024-12-04,P13,Es Campur,58,0
2024-12-04,P14,Kerupuk,189,0
2024-12-04,P15,Kue Lumpur,56,0
2024-12-04,P16,Pisang Goreng,83,0
2024-12-04,P17,Lemper,65,1
2024-12-04,P18,Serabi,41,0
2024-12-04,P19,Tahu Isi,76,0
2024-12-04,P20,Tempe Goreng,68,0
2024-12-04,P21,Roti Bakar Coklat,51,0
2024-12-04,P22,Telur Dadar,101,1
2024-12-04,P23,Capcay,67,0
2024-12-04,P24,Nasi Goreng Seafood,59,0
2024-12-04,P25,Bakso Urat,83,0
2024-12-05,P01,Nasi Goreng Spesial,93,0
2024-12-05,P02,Mie Goreng Ayam,65,0
2024-12-05,P03,Nasi Kuning,54,0
2024-12-05,P04,Nasi Uduk,44,0
2024-12-05,P05,Mie Ayam Bakso,60,0
2024-12-05,P06,Soto Ayam,41,0
2024-12-05,P07,Ayam Geprek,60,0
2024-12-05,P08,Es Teh Manis,88,0
2024-12-05,P09,Es Jeruk,75,0
2024-12-05,P10,Kopi Hitam,52,0
2024-12-05,P11,Teh Anget,41,0
2024-12-05,P12,Jus Alpukat,22,0
2024-12-05,P13,Es Campur,25,0
2024-12-05,P14,Kerupuk,119,0
2024-12-05,P15,Kue Lumpur,33,0
2024-12-05,P16,Pisang Goreng,60,0
2024-12-05,P17,Lemper,41,0
2024-12-05,P18,Serabi,26,0
2024-12-05,P19,Tahu Isi,44,0
2024-12-05,P20,Tempe Goreng,43,0
2024-12-05,P21,Roti Bakar Coklat,30,0
2024-12-05,P22,Telur Dadar,58,0
2024-12-05,P23,Capcay,41,0
2024-12-05,P24,Nasi Goreng Seafood,36,0
2024-12-05,P25,Bakso Urat,51,0
2024-12-06,P01,Nasi Goreng Spesial,148,0
2024-12-06,P02,Mie Goreng Ayam,122,0
2024-12-06,P03,Nasi Kuning,93,0
2024-12-06,P04,Nasi Uduk,86,0
2024-12-06,P05,Mie Ayam Bakso,115,0
2024-12-06,P06,Soto Ayam,78,0
2024-12-06,P07,Ayam Geprek,104,0
2024-12-06,P08,Es Teh Manis,253,0
2024-12-06,P09,Es Jeruk,184,0
2024-12-06,P10,Kopi Hitam,149,0
2024-12-06,P11,Teh Anget,127,0
2024-12-06,P12,Jus Alpukat,75,0
2024-12-06,P13,Es Campur,67,0
2024-12-06,P14,Kerupuk,190,0
2024-12-06,P15,Kue Lumpur,56,0
2024-12-06,P16,Pisang Goreng,92,0
2024-12-06,P17,Lemper,61,0
2024-12-06,P18,Serabi,46,0
2024-12-06,P19,Tahu Isi,80,0
2024-12-06,P20,Tempe Goreng,73,0
2024-12-06,P21,Roti Bakar Coklat,53,0
2024-12-06,P22,Telur Dadar,94,0
2024-12-06,P23,Capcay,70,0
2024-12-06,P24,Nasi Goreng Seafood,55,0
2024-12-06,P25,Bakso Urat,85,0
2024-12-07,P01,Nasi Goreng Spesial,169,0
2024-12-07,P02,Mie Goreng Ayam,150,0
2024-12-07,P03,Nasi Kuning,97,0
2024-12-07,P04,Nasi Uduk,105,0
2024-12-07,P05,Mie Ayam Bakso,135,0
2024-12-07,P06,Soto Ayam,90,0
2024-12-07,P07,Ayam Geprek,113,1
2024-12-07,P08,Es Teh Manis,328,0
2024-12-07,P09,Es Jeruk,215,0
2024-12-07,P10,Kopi Hitam,184,0
2024-12-07,P11,Teh Anget,145,0
2024-12-07,P12,Jus Alpukat,76,1
2024-12-07,P13,Es Campur,69,1
2024-12-07,P14,Kerupuk,199,1
2024-12-07,P15,Kue Lumpur,66,0
2024-12-07,P16,Pisang Goreng,92,1
2024-12-07,P17,Lemper,76,0
2024-12-07,P18,Serabi,60,0
2024-12-07,P19,Tahu Isi,93,0
2024-12-07,P20,Tempe Goreng,87,1
2024-12-07,P21,Roti Bakar Coklat,70,0
2024-12-07,P22,Telur Dadar,103,1
2024-12-07,P23,Capcay,85,0
2024-12-07,P24,Nasi Goreng Seafood,71,0
2024-12-07,P25,Bakso Urat,93,1
2024-12-08,P01,Nasi Goreng Spesial,162,0
2024-12-08,P02,Mie Goreng Ayam,132,1
2024-12-08,P03,Nasi Kuning,102,0
2024-12-08,P04,Nasi Uduk,99,0
2024-12-08,P05,Mie Ayam Bakso,129,0
2024-12-08,P06,Soto Ayam,86,0
2024-12-08,P07,Ayam Geprek,113,0
2024-12-08,P08,Es Teh Manis,318,0
2024-12-08,P09,Es Jeruk,224,0
2024-12-08,P10,Kopi Hitam,187,0
2024-12-08,P11,Teh Anget,153,0
2024-12-08,P12,Jus Alpukat,90,0
2024-12-08,P13,Es Campur,76,1
2024-12-08,P14,Kerupuk,224,0
2024-12-08,P15,Kue Lumpur,55,1
2024-12-08,P16,Pisang Goreng,100,1
2024-12-08,P17,Lemper,79,0
2024-12-08,P18,Serabi,53,0
2024-12-08,P19,Tahu Isi,88,1
2024-12-08,P20,Tempe Goreng,81,1
2024-12-08,P21,Roti Bakar Coklat,68,0
2024-12-08,P22,Telur Dadar,102,0
2024-12-08,P23,Capcay,74,1
2024-12-08,P24,Nasi Goreng Seafood,64,1
2024-12-08,P25,Bakso Urat,101,0
2024-12-09,P01,Nasi Goreng Spesial,156,0
2024-12-09,P02,Mie Goreng Ayam,118,0
2024-12-09,P03,Nasi Kuning,98,0
2024-12-09,P04,Nasi Uduk,85,0
2024-12-09,P05,Mie Ayam Bakso,124,0
2024-12-09,P06,Soto Ayam,70,0
2024-12-09,P07,Ayam Geprek,94,0
2024-12-09,P08,Es Teh Manis,248,0
2024-12-09,P09,Es Jeruk,170,0
2024-12-09,P10,Kopi Hitam,150,0
2024-12-09,P11,Teh Anget,110,0
2024-12-09,P12,Jus Alpukat,71,1
2024-12-09,P13,Es Campur,64,0
2024-12-09,P14,Kerupuk,190,0
2024-12-09,P15,Kue Lumpur,50,0
2024-12-09,P16,Pisang Goreng,90,0
2024-12-09,P17,Lemper,65,0
2024-12-09,P18,Serabi,47,0
2024-12-09,P19,Tahu Isi,77,0
2024-12-09,P20,Tempe Goreng,69,0
2024-12-09,P21,Roti Bakar Coklat,53,0
2024-12-09,P22,Telur Dadar,93,0
2024-12-09,P23,Capcay,68,0
2024-12-09,P24,Nasi Goreng Seafood,57,0
2024-12-09,P25,Bakso Urat,78,0
2024-12-10,P01,Nasi Goreng Spesial,136,0
2024-12-10,P02,Mie Goreng Ayam,122,0
2024-12-10,P03,Nasi Kuning,86,0
2024-12-10,P04,Nasi Uduk,78,0
2024-12-10,P05,Mie Ayam Bakso,97,0
2024-12-10,P06,Soto Ayam,78,0
2024-12-10,P07,Ayam Geprek,81,0
2024-12-10,P08,Es Teh Manis,274,0
2024-12-10,P09,Es Jeruk,177,0
2024-12-10,P10,Kopi Hitam,145,0
2024-12-10,P11,Teh Anget,133,0
2024-12-10,P12,Jus Alpukat,71,0
2024-12-10,P13,Es Campur,63,0
2024-12-10,P14,Kerupuk,179,0
2024-12-10,P15,Kue Lumpur,53,0
2024-12-10,P16,Pisang Goreng,81,0
2024-12-10,P17,Lemper,55,0
2024-12-10,P18,Serabi,43,0
2024-12-10,P19,Tahu Isi,80,0
2024-12-10,P20,Tempe Goreng,68,0
2024-12-10,P21,Roti Bakar Coklat,54,0
2024-12-10,P22,Telur Dadar,86,0
2024-12-10,P23,Capcay,63,0
2024-12-10,P24,Nasi Goreng Seafood,63,0
2024-12-10,P25,Bakso Urat,79,0
2024-12-11,P01,Nasi Goreng Spesial,153,0
2024-12-11,P02,Mie Goreng Ayam,125,0
2024-12-11,P03,Nasi Kuning,92,0
2024-12-11,P04,Nasi Uduk,78,0
2024-12-11,P05,Mie Ayam Bakso,105,0
2024-12-11,P06,Soto Ayam,72,0
2024-12-11,P07,Ayam Geprek,96,0
2024-12-11,P08,Es Teh Manis,250,0
2024-12-11,P09,Es Jeruk,156,0
2024-12-11,P10,Kopi Hitam,150,0
2024-12-11,P11,Teh Anget,118,0
2024-12-11,P12,Jus Alpukat,69,0
2024-12-11,P13,Es Campur,61,0
2024-12-11,P14,Kerupuk,185,0
2024-12-11,P15,Kue Lumpur,50,0
2024-12-11,P16,Pisang Goreng,73,0
2024-12-11,P17,Lemper,62,0
2024-12-11,P18,Serabi,46,0
2024-12-11,P19,Tahu Isi,75,0
2024-12-11,P20,Tempe Goreng,64,0
2024-12-11,P21,Roti Bakar Coklat,53,0
2024-12-11,P22,Telur Dadar,82,0
2024-12-11,P23,Capcay,63,0
2024-12-11,P24,Nasi Goreng Seafood,57,0
2024-12-11,P25,Bakso Urat,85,0
2024-12-12,P01,Nasi Goreng Spesial,99,0
2024-12-12,P02,Mie Goreng Ayam,90,0
2024-12-12,P03,Nasi Kuning,56,0
2024-12-12,P04,Nasi Uduk,52,0
2024-12-12,P05,Mie Ayam Bakso,65,0
2024-12-12,P06,Soto Ayam,52,0
2024-12-12,P07,Ayam Geprek,67,0
2024-12-12,P08,Es Teh Manis,127,0
2024-12-12,P09,Es Jeruk,82,0
2024-12-12,P10,Kopi Hitam,65,0
2024-12-12,P11,Teh Anget,62,0
2024-12-12,P12,Jus Alpukat,35,0
2024-12-12,P13,Es Campur,31,0
2024-12-12,P14,Kerupuk,147,0
2024-12-12,P15,Kue Lumpur,38,0
2024-12-12,P16,Pisang Goreng,66,0
2024-12-12,P17,Lemper,42,0
2024-12-12,P18,Serabi,33,0
2024-12-12,P19,Tahu Isi,55,0
2024-12-12,P20,Tempe Goreng,43,0
2024-12-12,P21,Roti Bakar Coklat,42,0
2024-12-12,P22,Telur Dadar,61,0
2024-12-12,P23,Capcay,49,0
2024-12-12,P24,Nasi Goreng Seafood,38,0
2024-12-12,P25,Bakso Urat,56,0
2024-12-13,P01,Nasi Goreng Spesial,99,0
2024-12-13,P02,Mie Goreng Ayam,92,0
2024-12-13,P03,Nasi Kuning,62,0
2024-12-13,P04,Nasi Uduk,54,0
2024-12-13,P05,Mie Ayam Bakso,71,0
2024-12-13,P06,Soto Ayam,46,0
2024-12-13,P07,Ayam Geprek,70,0
2024-12-13,P08,Es Teh Manis,136,0
2024-12-13,P09,Es Jeruk,110,0
2024-12-13,P10,Kopi Hitam,68,0
2024-12-13,P11,Teh Anget,59,0
2024-12-13,P12,Jus Alpukat,34,0
2024-12-13,P13,Es Campur,33,0
2024-12-13,P14,Kerupuk,136,0
2024-12-13,P15,Kue Lumpur,38,0
2024-12-13,P16,Pisang Goreng,65,0
2024-12-13,P17,Lemper,42,0
2024-12-13,P18,Serabi,35,0
2024-12-13,P19,Tahu Isi,57,0
2024-12-13,P20,Tempe Goreng,49,0
2024-12-13,P21,Roti Bakar Coklat,37,0
2024-12-13,P22,Telur Dadar,74,0
2024-12-13,P23,Capcay,44,0
2024-12-13,P24,Nasi Goreng Seafood,42,0
2024-12-13,P25,Bakso Urat,54,0
2024-12-14,P01,Nasi Goreng Spesial,216,0
2024-12-14,P02,Mie Goreng Ayam,176,0
2024-12-14,P03,Nasi Kuning,123,0
2024-12-14,P04,Nasi Uduk,113,0
2024-12-14,P05,Mie Ayam Bakso,153,0
2024-12-14,P06,Soto Ayam,94,1
2024-12-14,P07,Ayam Geprek,138,0
2024-12-14,P08,Es Teh Manis,407,1
2024-12-14,P09,Es Jeruk,202,1
2024-12-14,P10,Kopi Hitam,166,1
2024-12-14,P11,Teh Anget,216,1
2024-12-14,P12,Jus Alpukat,96,1
2024-12-14,P13,Es Campur,72,1
2024-12-14,P14,Kerupuk,241,1
2024-12-14,P15,Kue Lumpur,73,1
2024-12-14,P16,Pisang Goreng,118,0
2024-12-14,P17,Lemper,90,0
2024-12-14,P18,Serabi,66,0
2024-12-14,P19,Tahu Isi,112,0
2024-12-14,P20,Tempe Goreng,104,0
2024-12-14,P21,Roti Bakar Coklat,70,1
2024-12-14,P22,Telur Dadar,127,0
2024-12-14,P23,Capcay,83,1
2024-12-14,P24,Nasi Goreng Seafood,68,1
2024-12-14,P25,Bakso Urat,124,0
2024-12-15,P01,Nasi Goreng Spesial,227,0
2024-12-15,P02,Mie Goreng Ayam,182,0
2024-12-15,P03,Nasi Kuning,111,1
2024-12-15,P04,Nasi Uduk,109,1
2024-12-15,P05,Mie Ayam Bakso,153,1
2024-12-15,P06,Soto Ayam,117,0
2024-12-15,P07,Ayam Geprek,136,0
2024-12-15,P08,Es Teh Manis,278,1
2024-12-15,P09,Es Jeruk,190,1
2024-12-15,P10,Kopi Hitam,191,1
2024-12-15,P11,Teh Anget,175,0
2024-12-15,P12,Jus Alpukat,111,0
2024-12-15,P13,Es Campur,68,1
2024-12-15,P14,Kerupuk,280,1
2024-12-15,P15,Kue Lumpur,62,1
2024-12-15,P16,Pisang Goreng,136,1
2024-12-15,P17,Lemper,96,0
2024-12-15,P18,Serabi,65,1
2024-12-15,P19,Tahu Isi,83,1
2024-12-15,P20,Tempe Goreng,105,1
2024-12-15,P21,Roti Bakar Coklat,74,1
2024-12-15,P22,Telur Dadar,144,0
2024-12-15,P23,Capcay,91,1
2024-12-15,P24,Nasi Goreng Seafood,97,0
2024-12-15,P25,Bakso Urat,106,1
2024-12-16,P01,Nasi Goreng Spesial,119,0
2024-12-16,P02,Mie Goreng Ayam,71,0
2024-12-16,P03,Nasi Kuning,62,0
2024-12-16,P04,Nasi Uduk,73,0
2024-12-16,P05,Mie Ayam Bakso,81,0
2024-12-16,P06,Soto Ayam,51,0
2024-12-16,P07,Ayam Geprek,72,0
2024-12-16,P08,Es Teh Manis,182,0
2024-12-16,P09,Es Jeruk,131,0
2024-12-16,P10,Kopi Hitam,115,0
2024-12-16,P11,Teh Anget,87,0
2024-12-16,P12,Jus Alpukat,49,0
2024-12-16,P13,Es Campur,47,0
2024-12-16,P14,Kerupuk,129,0
2024-12-16,P15,Kue Lumpur,36,0
2024-12-16,P16,Pisang Goreng,54,0
2024-12-16,P17,Lemper,40,0
2024-12-16,P18,Serabi,31,0
2024-12-16,P19,Tahu Isi,51,0
2024-12-16,P20,Tempe Goreng,52,0
2024-12-16,P21,Roti Bakar Coklat,36,0
2024-12-16,P22,Telur Dadar,52,0
2024-12-16,P23,Capcay,46,0
2024-12-16,P24,Nasi Goreng Seafood,43,0
2024-12-16,P25,Bakso Urat,59,0
2024-12-17,P01,Nasi Goreng Spesial,117,0
2024-12-17,P02,Mie Goreng Ayam,96,0
2024-12-17,P03,Nasi Kuning,72,0
2024-12-17,P04,Nasi Uduk,71,0
2024-12-17,P05,Mie Ayam Bakso,85,0
2024-12-17,P06,Soto Ayam,62,0
2024-12-17,P07,Ayam Geprek,72,0
2024-12-17,P08,Es Teh Manis,172,0
2024-12-17,P09,Es Jeruk,142,0
2024-12-17,P10,Kopi Hitam,105,0
2024-12-17,P11,Teh Anget,83,0
2024-12-17,P12,Jus Alpukat,50,0
2024-12-17,P13,Es Campur,44,0
2024-12-17,P14,Kerupuk,136,0
2024-12-17,P15,Kue Lumpur,38,0
2024-12-17,P16,Pisang Goreng,59,0
2024-12-17,P17,Lemper,47,0
2024-12-17,P18,Serabi,34,0
2024-12-17,P19,Tahu Isi,64,0
2024-12-17,P20,Tempe Goreng,54,0
2024-12-17,P21,Roti Bakar Coklat,42,0
2024-12-17,P22,Telur Dadar,67,0
2024-12-17,P23,Capcay,53,0
2024-12-17,P24,Nasi Goreng Seafood,48,0
2024-12-17,P25,Bakso Urat,68,0
2024-12-18,P01,Nasi Goreng Spesial,108,0
2024-12-18,P02,Mie Goreng Ayam,107,0
2024-12-18,P03,Nasi Kuning,59,0
2024-12-18,P04,Nasi Uduk,62,0
2024-12-18,P05,Mie Ayam Bakso,81,0
2024-12-18,P06,Soto Ayam,55,0
2024-12-18,P07,Ayam Geprek,80,0
2024-12-18,P08,Es Teh Manis,154,0
2024-12-18,P09,Es Jeruk,98,0
2024-12-18,P10,Kopi Hitam,78,0
2024-12-18,P11,Teh Anget,66,0
2024-12-18,P12,Jus Alpukat,40,0
2024-12-18,P13,Es Campur,35,0
2024-12-18,P14,Kerupuk,146,0
2024-12-18,P15,Kue Lumpur,43,0
2024-12-18,P16,Pisang Goreng,71,0
2024-12-18,P17,Lemper,45,0
2024-12-18,P18,Serabi,34,0
2024-12-18,P19,Tahu Isi,54,0
2024-12-18,P20,Tempe Goreng,58,0
2024-12-18,P21,Roti Bakar Coklat,43,0
2024-12-18,P22,Telur Dadar,72,0
2024-12-18,P23,Capcay,47,0
2024-12-18,P24,Nasi Goreng Seafood,52,0
2024-12-18,P25,Bakso Urat,61,0
2024-12-19,P01,Nasi Goreng Spesial,170,0
2024-12-19,P02,Mie Goreng Ayam,134,0
2024-12-19,P03,Nasi Kuning,89,0
2024-12-19,P04,Nasi Uduk,76,0
2024-12-19,P05,Mie Ayam Bakso,118,0
2024-12-19,P06,Soto Ayam,81,0
2024-12-19,P07,Ayam Geprek,112,0
2024-12-19,P08,Es Teh Manis,281,0
2024-12-19,P09,Es Jeruk,204,0
2024-12-19,P10,Kopi Hitam,170,0
2024-12-19,P11,Teh Anget,134,0
2024-12-19,P12,Jus Alpukat,80,0
2024-12-19,P13,Es Campur,73,0
2024-12-19,P14,Kerupuk,206,0
2024-12-19,P15,Kue Lumpur,58,0
2024-12-19,P16,Pisang Goreng,96,0
2024-12-19,P17,Lemper,65,0
2024-12-19,P18,Serabi,47,0
2024-12-19,P19,Tahu Isi,91,0
2024-12-19,P20,Tempe Goreng,73,0
2024-12-19,P21,Roti Bakar Coklat,57,0
2024-12-19,P22,Telur Dadar,97,0
2024-12-19,P23,Capcay,73,0
2024-12-19,P24,Nasi Goreng Seafood,64,0
2024-12-19,P25,Bakso Urat,89,0
2024-12-20,P01,Nasi Goreng Spesial,70,0
2024-12-20,P02,Mie Goreng Ayam,57,0
2024-12-20,P03,Nasi Kuning,36,0
2024-12-20,P04,Nasi Uduk,36,0
2024-12-20,P05,Mie Ayam Bakso,44,0
2024-12-20,P06,Soto Ayam,32,0
2024-12-20,P07,Ayam Geprek,53,0
2024-12-20,P08,Es Teh Manis,47,0
2024-12-20,P09,Es Jeruk,46,0
2024-12-20,P10,Kopi Hitam,48,0
2024-12-20,P11,Teh Anget,24,0
2024-12-20,P12,Jus Alpukat,17,0
2024-12-20,P13,Es Campur,15,0
2024-12-20,P14,Kerupuk,80,0
2024-12-20,P15,Kue Lumpur,19,0
2024-12-20,P16,Pisang Goreng,40,0
2024-12-20,P17,Lemper,29,0
2024-12-20,P18,Serabi,21,0
2024-12-20,P19,Tahu Isi,30,0
2024-12-20,P20,Tempe Goreng,31,0
2024-12-20,P21,Roti Bakar Coklat,21,0
2024-12-20,P22,Telur Dadar,38,0
2024-12-20,P23,Capcay,37,0
2024-12-20,P24,Nasi Goreng Seafood,26,0
2024-12-20,P25,Bakso Urat,31,0
2024-12-21,P01,Nasi Goreng Spesial,156,0
2024-12-21,P02,Mie Goreng Ayam,125,0
2024-12-21,P03,Nasi Kuning,92,0
2024-12-21,P04,Nasi Uduk,76,0
2024-12-21,P05,Mie Ayam Bakso,100,0
2024-12-21,P06,Soto Ayam,73,0
2024-12-21,P07,Ayam Geprek,91,0
2024-12-21,P08,Es Teh Manis,235,0
2024-12-21,P09,Es Jeruk,160,0
2024-12-21,P10,Kopi Hitam,121,0
2024-12-21,P11,Teh Anget,114,0
2024-12-21,P12,Jus Alpukat,64,0
2024-12-21,P13,Es Campur,51,0
2024-12-21,P14,Kerupuk,185,0
2024-12-21,P15,Kue Lumpur,54,0
2024-12-21,P16,Pisang Goreng,89,0
2024-12-21,P17,Lemper,60,0
2024-12-21,P18,Serabi,48,0
2024-12-21,P19,Tahu Isi,78,0
2024-12-21,P20,Tempe Goreng,64,0
2024-12-21,P21,Roti Bakar Coklat,50,0
2024-12-21,P22,Telur Dadar,93,0
2024-12-21,P23,Capcay,70,0
2024-12-21,P24,Nasi Goreng Seafood,60,0
2024-12-21,P25,Bakso Urat,87,0
2024-12-22,P01,Nasi Goreng Spesial,142,0
2024-12-22,P02,Mie Goreng Ayam,115,0
2024-12-22,P03,Nasi Kuning,85,0
2024-12-22,P04,Nasi Uduk,81,0
2024-12-22,P05,Mie Ayam Bakso,101,0
2024-12-22,P06,Soto Ayam,69,0
2024-12-22,P07,Ayam Geprek,94,0
2024-12-22,P08,Es Teh Manis,231,0
2024-12-22,P09,Es Jeruk,154,0
2024-12-22,P10,Kopi Hitam,117,0
2024-12-22,P11,Teh Anget,112,0
2024-12-22,P12,Jus Alpukat,54,0
2024-12-22,P13,Es Campur,55,0
2024-12-22,P14,Kerupuk,179,0
2024-12-22,P15,Kue Lumpur,54,0
2024-12-22,P16,Pisang Goreng,87,0
2024-12-22,P17,Lemper,65,0
2024-12-22,P18,Serabi,44,0
2024-12-22,P19,Tahu Isi,79,0
2024-12-22,P20,Tempe Goreng,70,0
2024-12-22,P21,Roti Bakar Coklat,49,0
2024-12-22,P22,Telur Dadar,97,0
2024-12-22,P23,Capcay,61,0
2024-12-22,P24,Nasi Goreng Seafood,60,0
2024-12-22,P25,Bakso Urat,83,0
2024-12-23,P01,Nasi Goreng Spesial,108,0
2024-12-23,P02,Mie Goreng Ayam,80,0
2024-12-23,P03,Nasi Kuning,69,0
2024-12-23,P04,Nasi Uduk,57,0
2024-12-23,P05,Mie Ayam Bakso,69,0
2024-12-23,P06,Soto Ayam,51,0
2024-12-23,P07,Ayam Geprek,55,0
2024-12-23,P08,Es Teh Manis,202,0
2024-12-23,P09,Es Jeruk,138,0
2024-12-23,P10,Kopi Hitam,120,0
2024-12-23,P11,Teh Anget,84,0
2024-12-23,P12,Jus Alpukat,61,0
2024-12-23,P13,Es Campur,53,0
2024-12-23,P14,Kerupuk,145,0
2024-12-23,P15,Kue Lumpur,38,0
2024-12-23,P16,Pisang Goreng,65,0
2024-12-23,P17,Lemper,39,0
2024-12-23,P18,Serabi,35,0
2024-12-23,P19,Tahu Isi,52,0
2024-12-23,P20,Tempe Goreng,44,0
2024-12-23,P21,Roti Bakar Coklat,35,0
2024-12-23,P22,Telur Dadar,64,0
2024-12-23,P23,Capcay,45,0
2024-12-23,P24,Nasi Goreng Seafood,44,0
2024-12-23,P25,Bakso Urat,50,0
2024-12-24,P01,Nasi Goreng Spesial,66,0
2024-12-24,P02,Mie Goreng Ayam,53,0
2024-12-24,P03,Nasi Kuning,44,0
2024-12-24,P04,Nasi Uduk,33,0
2024-12-24,P05,Mie Ayam Bakso,41,0
2024-12-24,P06,Soto Ayam,30,0
2024-12-24,P07,Ayam Geprek,43,0
2024-12-24,P08,Es Teh Manis,67,0
2024-12-24,P09,Es Jeruk,54,0
2024-12-24,P10,Kopi Hitam,48,0
2024-12-24,P11,Teh Anget,27,0
2024-12-24,P12,Jus Alpukat,17,0
2024-12-24,P13,Es Campur,12,0
2024-12-24,P14,Kerupuk,102,0
2024-12-24,P15,Kue Lumpur,25,0
2024-12-24,P16,Pisang Goreng,40,0
2024-12-24,P17,Lemper,23,0
2024-12-24,P18,Serabi,20,0
2024-12-24,P19,Tahu Isi,36,0
2024-12-24,P20,Tempe Goreng,30,0
2024-12-24,P21,Roti Bakar Coklat,27,0
2024-12-24,P22,Telur Dadar,51,0
2024-12-24,P23,Capcay,26,0
2024-12-24,P24,Nasi Goreng Seafood,23,0
2024-12-24,P25,Bakso Urat,32,0
2024-12-25,P01,Nasi Goreng Spesial,108,0
2024-12-25,P02,Mie Goreng Ayam,93,0
2024-12-25,P03,Nasi Kuning,73,0
2024-12-25,P04,Nasi Uduk,67,0
2024-12-25,P05,Mie Ayam Bakso,79,0
2024-12-25,P06,Soto Ayam,61,0
2024-12-25,P07,Ayam Geprek,76,0
2024-12-25,P08,Es Teh Manis,99,0
2024-12-25,P09,Es Jeruk,89,0
2024-12-25,P10,Kopi Hitam,84,0
2024-12-25,P11,Teh Anget,53,0
2024-12-25,P12,Jus Alpukat,38,0
2024-12-25,P13,Es Campur,39,0
2024-12-25,P14,Kerupuk,149,0
2024-12-25,P15,Kue Lumpur,45,0
2024-12-25,P16,Pisang Goreng,66,0
2024-12-25,P17,Lemper,57,0
2024-12-25,P18,Serabi,39,0
2024-12-25,P19,Tahu Isi,65,0
2024-12-25,P20,Tempe Goreng,63,0
2024-12-25,P21,Roti Bakar Coklat,47,0
2024-12-25,P22,Telur Dadar,67,0
2024-12-25,P23,Capcay,51,0
2024-12-25,P24,Nasi Goreng Seafood,49,0
2024-12-25,P25,Bakso Urat,62,0
2024-12-26,P01,Nasi Goreng Spesial,180,0
2024-12-26,P02,Mie Goreng Ayam,154,0
2024-12-26,P03,Nasi Kuning,115,0
2024-12-26,P04,Nasi Uduk,106,0
2024-12-26,P05,Mie Ayam Bakso,140,0
2024-12-26,P06,Soto Ayam,98,0
2024-12-26,P07,Ayam Geprek,123,0
2024-12-26,P08,Es Teh Manis,291,0
2024-12-26,P09,Es Jeruk,205,0
2024-12-26,P10,Kopi Hitam,152,1
2024-12-26,P11,Teh Anget,145,0
2024-12-26,P12,Jus Alpukat,84,0
2024-12-26,P13,Es Campur,73,0
2024-12-26,P14,Kerupuk,217,0
2024-12-26,P15,Kue Lumpur,55,1
2024-12-26,P16,Pisang Goreng,103,0
2024-12-26,P17,Lemper,71,0
2024-12-26,P18,Serabi,54,0
2024-12-26,P19,Tahu Isi,90,1
2024-12-26,P20,Tempe Goreng,80,0
2024-12-26,P21,Roti Bakar Coklat,67,0
2024-12-26,P22,Telur Dadar,114,1
2024-12-26,P23,Capcay,83,0
2024-12-26,P24,Nasi Goreng Seafood,74,0
2024-12-26,P25,Bakso Urat,106,0
2024-12-27,P01,Nasi Goreng Spesial,126,0
2024-12-27,P02,Mie Goreng Ayam,101,0
2024-12-27,P03,Nasi Kuning,70,0
2024-12-27,P04,Nasi Uduk,68,0
2024-12-27,P05,Mie Ayam Bakso,95,0
2024-12-27,P06,Soto Ayam,69,0
2024-12-27,P07,Ayam Geprek,88,0
2024-12-27,P08,Es Teh Manis,164,0
2024-12-27,P09,Es Jeruk,95,0
2024-12-27,P10,Kopi Hitam,90,0
2024-12-27,P11,Teh Anget,65,0
2024-12-27,P12,Jus Alpukat,38,0
2024-12-27,P13,Es Campur,39,0
2024-12-27,P14,Kerupuk,163,0
2024-12-27,P15,Kue Lumpur,48,0
2024-12-27,P16,Pisang Goreng,74,0
2024-12-27,P17,Lemper,54,0
2024-12-27,P18,Serabi,37,0
2024-12-27,P19,Tahu Isi,65,0
2024-12-27,P20,Tempe Goreng,53,0
2024-12-27,P21,Roti Bakar Coklat,40,0
2024-12-27,P22,Telur Dadar,78,0
2024-12-27,P23,Capcay,53,0
2024-12-27,P24,Nasi Goreng Seafood,52,0
2024-12-27,P25,Bakso Urat,73,0
2024-12-28,P01,Nasi Goreng Spesial,161,0
2024-12-28,P02,Mie Goreng Ayam,125,0
2024-12-28,P03,Nasi Kuning,91,0
2024-12-28,P04,Nasi Uduk,91,0
2024-12-28,P05,Mie Ayam Bakso,113,0
2024-12-28,P06,Soto Ayam,73,0
2024-12-28,P07,Ayam Geprek,95,0
2024-12-28,P08,Es Teh Manis,191,0
2024-12-28,P09,Es Jeruk,125,0
2024-12-28,P10,Kopi Hitam,104,0
2024-12-28,P11,Teh Anget,93,0
2024-12-28,P12,Jus Alpukat,54,0
2024-12-28,P13,Es Campur,50,0
2024-12-28,P14,Kerupuk,187,0
2024-12-28,P15,Kue Lumpur,60,0
2024-12-28,P16,Pisang Goreng,97,0
2024-12-28,P17,Lemper,63,0
2024-12-28,P18,Serabi,47,1
2024-12-28,P19,Tahu Isi,82,0
2024-12-28,P20,Tempe Goreng,77,0
2024-12-28,P21,Roti Bakar Coklat,64,0
2024-12-28,P22,Telur Dadar,103,0
2024-12-28,P23,Capcay,67,0
2024-12-28,P24,Nasi Goreng Seafood,63,0
2024-12-28,P25,Bakso Urat,88,0
2024-12-29,P01,Nasi Goreng Spesial,156,1
2024-12-29,P02,Mie Goreng Ayam,171,0
2024-12-29,P03,Nasi Kuning,131,0
2024-12-29,P04,Nasi Uduk,96,1
2024-12-29,P05,Mie Ayam Bakso,148,0
2024-12-29,P06,Soto Ayam,84,1
2024-12-29,P07,Ayam Geprek,141,0
2024-12-29,P08,Es Teh Manis,264,1
2024-12-29,P09,Es Jeruk,269,0
2024-12-29,P10,Kopi Hitam,166,1
2024-12-29,P11,Teh Anget,179,0
2024-12-29,P12,Jus Alpukat,78,1
2024-12-29,P13,Es Campur,73,1
2024-12-29,P14,Kerupuk,260,1
2024-12-29,P15,Kue Lumpur,81,1
2024-12-29,P16,Pisang Goreng,126,0
2024-12-29,P17,Lemper,64,1
2024-12-29,P18,Serabi,47,1
2024-12-29,P19,Tahu Isi,101,1
2024-12-29,P20,Tempe Goreng,92,1
2024-12-29,P21,Roti Bakar Coklat,79,0
2024-12-29,P22,Telur Dadar,132,0
2024-12-29,P23,Capcay,103,0
2024-12-29,P24,Nasi Goreng Seafood,70,1
2024-12-29,P25,Bakso Urat,113,0
2024-12-30,P01,Nasi Goreng Spesial,184,1
2024-12-30,P02,Mie Goreng Ayam,149,0
2024-12-30,P03,Nasi Kuning,107,0
2024-12-30,P04,Nasi Uduk,100,1
2024-12-30,P05,Mie Ayam Bakso,125,0
2024-12-30,P06,Soto Ayam,93,0
2024-12-30,P07,Ayam Geprek,122,0
2024-12-30,P08,Es Teh Manis,318,0
2024-12-30,P09,Es Jeruk,206,0
2024-12-30,P10,Kopi Hitam,168,0
2024-12-30,P11,Teh Anget,145,0
2024-12-30,P12,Jus Alpukat,90,0
2024-12-30,P13,Es Campur,78,1
2024-12-30,P14,Kerupuk,214,0
2024-12-30,P15,Kue Lumpur,67,0
2024-12-30,P16,Pisang Goreng,86,1
2024-12-30,P17,Lemper,79,0
2024-12-30,P18,Serabi,54,0
2024-12-30,P19,Tahu Isi,92,0
2024-12-30,P20,Tempe Goreng,83,0
2024-12-30,P21,Roti Bakar Coklat,66,0
2024-12-30,P22,Telur Dadar,114,0
2024-12-30,P23,Capcay,86,0
2024-12-30,P24,Nasi Goreng Seafood,75,0
2024-12-30,P25,Bakso Urat,98,0
2024-12-31,P01,Nasi Goreng Spesial,112,0
2024-12-31,P02,Mie Goreng Ayam,95,0
2024-12-31,P03,Nasi Kuning,78,0
2024-12-31,P04,Nasi Uduk,73,0
2024-12-31,P05,Mie Ayam Bakso,82,0
2024-12-31,P06,Soto Ayam,65,0
2024-12-31,P07,Ayam Geprek,79,0
2024-12-31,P08,Es Teh Manis,149,0
2024-12-31,P09,Es Jeruk,114,0
2024-12-31,P10,Kopi Hitam,89,0
2024-12-31,P11,Teh Anget,74,0
2024-12-31,P12,Jus Alpukat,48,0
2024-12-31,P13,Es Campur,35,0
2024-12-31,P14,Kerupuk,149,0
2024-12-31,P15,Kue Lumpur,44,0
2024-12-31,P16,Pisang Goreng,71,0
2024-12-31,P17,Lemper,45,0
2024-12-31,P18,Serabi,39,0
2024-12-31,P19,Tahu Isi,64,0
2024-12-31,P20,Tempe Goreng,62,0
2024-12-31,P21,Roti Bakar Coklat,47,0
2024-12-31,P22,Telur Dadar,72,0
2024-12-31,P23,Capcay,59,0
2024-12-31,P24,Nasi Goreng Seafood,52,0
2024-12-31,P25,Bakso Urat,66,0
2025-01-01,P01,Nasi Goreng Spesial,111,0
2025-01-01,P02,Mie Goreng Ayam,89,0
2025-01-01,P03,Nasi Kuning,68,0
2025-01-01,P04,Nasi Uduk,63,0
2025-01-01,P05,Mie Ayam Bakso,72,0
2025-01-01,P06,Soto Ayam,52,0
2025-01-01,P07,Ayam Geprek,61,0
2025-01-01,P08,Es Teh Manis,198,0
2025-01-01,P09,Es Jeruk,120,0
2025-01-01,P10,Kopi Hitam,108,0
2025-01-01,P11,Teh Anget,91,0
2025-01-01,P12,Jus Alpukat,55,0
2025-01-01,P13,Es Campur,43,0
2025-01-01,P14,Kerupuk,143,0
2025-01-01,P15,Kue Lumpur,46,0
2025-01-01,P16,Pisang Goreng,73,0
2025-01-01,P17,Lemper,51,0
2025-01-01,P18,Serabi,36,0
2025-01-01,P19,Tahu Isi,56,0
2025-01-01,P20,Tempe Goreng,56,0
2025-01-01,P21,Roti Bakar Coklat,41,0
2025-01-01,P22,Telur Dadar,70,0
2025-01-01,P23,Capcay,48,0
2025-01-01,P24,Nasi Goreng Seafood,44,0
2025-01-01,P25,Bakso Urat,62,0
2025-01-02,P01,Nasi Goreng Spesial,89,0
2025-01-02,P02,Mie Goreng Ayam,70,0
2025-01-02,P03,Nasi Kuning,57,0
2025-01-02,P04,Nasi Uduk,53,0
2025-01-02,P05,Mie Ayam Bakso,72,0
2025-01-02,P06,Soto Ayam,49,0
2025-01-02,P07,Ayam Geprek,64,0
2025-01-02,P08,Es Teh Manis,185,0
2025-01-02,P09,Es Jeruk,123,0
2025-01-02,P10,Kopi Hitam,97,0
2025-01-02,P11,Teh Anget,86,0
2025-01-02,P12,Jus Alpukat,49,0
2025-01-02,P13,Es Campur,50,0
2025-01-02,P14,Kerupuk,132,0
2025-01-02,P15,Kue Lumpur,36,0
2025-01-02,P16,Pisang Goreng,56,0
2025-01-02,P17,Lemper,39,0
2025-01-02,P18,Serabi,26,0
2025-01-02,P19,Tahu Isi,48,0
2025-01-02,P20,Tempe Goreng,45,0
2025-01-02,P21,Roti Bakar Coklat,35,0
2025-01-02,P22,Telur Dadar,59,0
2025-01-02,P23,Capcay,46,0
2025-01-02,P24,Nasi Goreng Seafood,36,0
2025-01-02,P25,Bakso Urat,49,0
2025-01-03,P01,Nasi Goreng Spesial,101,0
2025-01-03,P02,Mie Goreng Ayam,65,0
2025-01-03,P03,Nasi Kuning,51,0
2025-01-03,P04,Nasi Uduk,49,0
2025-01-03,P05,Mie Ayam Bakso,59,0
2025-01-03,P06,Soto Ayam,48,0
2025-01-03,P07,Ayam Geprek,65,0
2025-01-03,P08,Es Teh Manis,156,0
2025-01-03,P09,Es Jeruk,127,0
2025-01-03,P10,Kopi Hitam,102,0
2025-01-03,P11,Teh Anget,78,0
2025-01-03,P12,Jus Alpukat,48,0
2025-01-03,P13,Es Campur,37,0
2025-01-03,P14,Kerupuk,116,0
2025-01-03,P15,Kue Lumpur,35,0
2025-01-03,P16,Pisang Goreng,55,0
2025-01-03,P17,Lemper,41,0
2025-01-03,P18,Serabi,30,0
2025-01-03,P19,Tahu Isi,48,0
2025-01-03,P20,Tempe Goreng,46,0
2025-01-03,P21,Roti Bakar Coklat,37,0
2025-01-03,P22,Telur Dadar,58,0
2025-01-03,P23,Capcay,45,0
2025-01-03,P24,Nasi Goreng Seafood,38,0
2025-01-03,P25,Bakso Urat,50,0
2025-01-04,P01,Nasi Goreng Spesial,87,0
2025-01-04,P02,Mie Goreng Ayam,69,0
2025-01-04,P03,Nasi Kuning,47,0
2025-01-04,P04,Nasi Uduk,48,0
2025-01-04,P05,Mie Ayam Bakso,66,0
2025-01-04,P06,Soto Ayam,45,0
2025-01-04,P07,Ayam Geprek,57,0
2025-01-04,P08,Es Teh Manis,93,0
2025-01-04,P09,Es Jeruk,78,0
2025-01-04,P10,Kopi Hitam,35,0
2025-01-04,P11,Teh Anget,50,0
2025-01-04,P12,Jus Alpukat,38,0
2025-01-04,P13,Es Campur,21,0
2025-01-04,P14,Kerupuk,112,0
2025-01-04,P15,Kue Lumpur,33,0
2025-01-04,P16,Pisang Goreng,50,0
2025-01-04,P17,Lemper,41,0
2025-01-04,P18,Serabi,29,0
2025-01-04,P19,Tahu Isi,48,0
2025-01-04,P20,Tempe Goreng,45,0
2025-01-04,P21,Roti Bakar Coklat,33,0
2025-01-04,P22,Telur Dadar,67,0
2025-01-04,P23,Capcay,39,0
2025-01-04,P24,Nasi Goreng Seafood,35,0
2025-01-04,P25,Bakso Urat,40,0
2025-01-05,P01,Nasi Goreng Spesial,102,0
2025-01-05,P02,Mie Goreng Ayam,74,0
2025-01-05,P03,Nasi Kuning,50,0
2025-01-05,P04,Nasi Uduk,57,0
2025-01-05,P05,Mie Ayam Bakso,59,0
2025-01-05,P06,Soto Ayam,44,0
2025-01-05,P07,Ayam Geprek,54,0
2025-01-05,P08,Es Teh Manis,119,0
2025-01-05,P09,Es Jeruk,66,0
2025-01-05,P10,Kopi Hitam,56,0
2025-01-05,P11,Teh Anget,53,0
2025-01-05,P12,Jus Alpukat,29,0
2025-01-05,P13,Es Campur,24,0
2025-01-05,P14,Kerupuk,126,0
2025-01-05,P15,Kue Lumpur,40,0
2025-01-05,P16,Pisang Goreng,54,0
2025-01-05,P17,Lemper,38,0
2025-01-05,P18,Serabi,29,0
2025-01-05,P19,Tahu Isi,53,0
2025-01-05,P20,Tempe Goreng,41,0
2025-01-05,P21,Roti Bakar Coklat,32,0
2025-01-05,P22,Telur Dadar,45,0
2025-01-05,P23,Capcay,35,0
2025-01-05,P24,Nasi Goreng Seafood,33,0
2025-01-05,P25,Bakso Urat,48,0
2025-01-06,P01,Nasi Goreng Spesial,54,0
2025-01-06,P02,Mie Goreng Ayam,50,0
2025-01-06,P03,Nasi Kuning,37,0
2025-01-06,P04,Nasi Uduk,31,0
2025-01-06,P05,Mie Ayam Bakso,34,0
2025-01-06,P06,Soto Ayam,30,0
2025-01-06,P07,Ayam Geprek,37,0
2025-01-06,P08,Es Teh Manis,38,0
2025-01-06,P09,Es Jeruk,47,0
2025-01-06,P10,Kopi Hitam,42,0
2025-01-06,P11,Teh Anget,44,0
2025-01-06,P12,Jus Alpukat,16,0
2025-01-06,P13,Es Campur,13,0
2025-01-06,P14,Kerupuk,63,0
2025-01-06,P15,Kue Lumpur,22,0
2025-01-06,P16,Pisang Goreng,34,0
2025-01-06,P17,Lemper,22,0
2025-01-06,P18,Serabi,18,0
2025-01-06,P19,Tahu Isi,22,0
2025-01-06,P20,Tempe Goreng,31,0
2025-01-06,P21,Roti Bakar Coklat,19,0
2025-01-06,P22,Telur Dadar,35,0
2025-01-06,P23,Capcay,21,0
2025-01-06,P24,Nasi Goreng Seafood,22,0
2025-01-06,P25,Bakso Urat,31,0
2025-01-07,P01,Nasi Goreng Spesial,94,0
2025-01-07,P02,Mie Goreng Ayam,71,0
2025-01-07,P03,Nasi Kuning,64,0
2025-01-07,P04,Nasi Uduk,52,0
2025-01-07,P05,Mie Ayam Bakso,65,0
2025-01-07,P06,Soto Ayam,54,0
2025-01-07,P07,Ayam Geprek,70,0
2025-01-07,P08,Es Teh Manis,184,0
2025-01-07,P09,Es Jeruk,113,0
2025-01-07,P10,Kopi Hitam,95,0
2025-01-07,P11,Teh Anget,79,0
2025-01-07,P12,Jus Alpukat,50,0
2025-01-07,P13,Es Campur,47,0
2025-01-07,P14,Kerupuk,124,0
2025-01-07,P15,Kue Lumpur,40,0
2025-01-07,P16,Pisang Goreng,59,0
2025-01-07,P17,Lemper,39,0
2025-01-07,P18,Serabi,32,0
2025-01-07,P19,Tahu Isi,57,0
2025-01-07,P20,Tempe Goreng,52,0
2025-01-07,P21,Roti Bakar Coklat,38,0
2025-01-07,P22,Telur Dadar,59,0
2025-01-07,P23,Capcay,43,0
2025-01-07,P24,Nasi Goreng Seafood,41,0
2025-01-07,P25,Bakso Urat,61,0
2025-01-08,P01,Nasi Goreng Spesial,137,0
2025-01-08,P02,Mie Goreng Ayam,108,0
2025-01-08,P03,Nasi Kuning,83,0
2025-01-08,P04,Nasi Uduk,77,0
2025-01-08,P05,Mie Ayam Bakso,89,0
2025-01-08,P06,Soto Ayam,65,0
2025-01-08,P07,Ayam Geprek,85,0
2025-01-08,P08,Es Teh Manis,218,0
2025-01-08,P09,Es Jeruk,145,0
2025-01-08,P10,Kopi Hitam,121,0
2025-01-08,P11,Teh Anget,86,0
2025-01-08,P12,Jus Alpukat,53,0
2025-01-08,P13,Es Campur,54,0
2025-01-08,P14,Kerupuk,140,0
2025-01-08,P15,Kue Lumpur,52,0
2025-01-08,P16,Pisang Goreng,68,0
2025-01-08,P17,Lemper,58,0
2025-01-08,P18,Serabi,39,0
2025-01-08,P19,Tahu Isi,73,0
2025-01-08,P20,Tempe Goreng,74,0
2025-01-08,P21,Roti Bakar Coklat,42,0
2025-01-08,P22,Telur Dadar,87,0
2025-01-08,P23,Capcay,56,0
2025-01-08,P24,Nasi Goreng Seafood,57,0
2025-01-08,P25,Bakso Urat,76,0
2025-01-09,P01,Nasi Goreng Spesial,135,0
2025-01-09,P02,Mie Goreng Ayam,118,0
2025-01-09,P03,Nasi Kuning,85,0
2025-01-09,P04,Nasi Uduk,71,0
2025-01-09,P05,Mie Ayam Bakso,107,0
2025-01-09,P06,Soto Ayam,74,0
2025-01-09,P07,Ayam Geprek,93,0
2025-01-09,P08,Es Teh Manis,302,1
2025-01-09,P09,Es Jeruk,254,1
2025-01-09,P10,Kopi Hitam,167,1
2025-01-09,P11,Teh Anget,116,1
2025-01-09,P12,Jus Alpukat,109,1
2025-01-09,P13,Es Campur,55,1
2025-01-09,P14,Kerupuk,175,1
2025-01-09,P15,Kue Lumpur,51,0
2025-01-09,P16,Pisang Goreng,85,0
2025-01-09,P17,Lemper,61,0
2025-01-09,P18,Serabi,37,0
2025-01-09,P19,Tahu Isi,76,0
2025-01-09,P20,Tempe Goreng,62,0
2025-01-09,P21,Roti Bakar Coklat,47,0
2025-01-09,P22,Telur Dadar,86,0
2025-01-09,P23,Capcay,67,0
2025-01-09,P24,Nasi Goreng Seafood,53,0
2025-01-09,P25,Bakso Urat,83,0
2025-01-10,P01,Nasi Goreng Spesial,124,0
2025-01-10,P02,Mie Goreng Ayam,99,0
2025-01-10,P03,Nasi Kuning,78,0
2025-01-10,P04,Nasi Uduk,66,0
2025-01-10,P05,Mie Ayam Bakso,91,0
2025-01-10,P06,Soto Ayam,61,0
2025-01-10,P07,Ayam Geprek,77,0
2025-01-10,P08,Es Teh Manis,153,0
2025-01-10,P09,Es Jeruk,98,0
2025-01-10,P10,Kopi Hitam,103,0
2025-01-10,P11,Teh Anget,73,0
2025-01-10,P12,Jus Alpukat,46,0
2025-01-10,P13,Es Campur,37,0
2025-01-10,P14,Kerupuk,148,0
2025-01-10,P15,Kue Lumpur,45,0
2025-01-10,P16,Pisang Goreng,77,0
2025-01-10,P17,Lemper,51,0
2025-01-10,P18,Serabi,37,0
2025-01-10,P19,Tahu Isi,66,0
2025-01-10,P20,Tempe Goreng,61,0
2025-01-10,P21,Roti Bakar Coklat,50,0
2025-01-10,P22,Telur Dadar,76,0
2025-01-10,P23,Capcay,58,0
2025-01-10,P24,Nasi Goreng Seafood,52,0
2025-01-10,P25,Bakso Urat,63,0
2025-01-11,P01,Nasi Goreng Spesial,168,1
2025-01-11,P02,Mie Goreng Ayam,155,1
2025-01-11,P03,Nasi Kuning,114,1
2025-01-11,P04,Nasi Uduk,122,0
2025-01-11,P05,Mie Ayam Bakso,138,1
2025-01-11,P06,Soto Ayam,118,1
2025-01-11,P07,Ayam Geprek,108,1
2025-01-11,P08,Es Teh Manis,290,1
2025-01-11,P09,Es Jeruk,163,1
2025-01-11,P10,Kopi Hitam,171,1
2025-01-11,P11,Teh Anget,164,1
2025-01-11,P12,Jus Alpukat,102,0
2025-01-11,P13,Es Campur,82,1
2025-01-11,P14,Kerupuk,259,1
2025-01-11,P15,Kue Lumpur,56,1
2025-01-11,P16,Pisang Goreng,79,1
2025-01-11,P17,Lemper,92,0
2025-01-11,P18,Serabi,47,1
2025-01-11,P19,Tahu Isi,75,1
2025-01-11,P20,Tempe Goreng,109,0
2025-01-11,P21,Roti Bakar Coklat,84,0
2025-01-11,P22,Telur Dadar,128,1
2025-01-11,P23,Capcay,83,1
2025-01-11,P24,Nasi Goreng Seafood,83,0
2025-01-11,P25,Bakso Urat,90,1
2025-01-12,P01,Nasi Goreng Spesial,196,1
2025-01-12,P02,Mie Goreng Ayam,160,1
2025-01-12,P03,Nasi Kuning,134,0
2025-01-12,P04,Nasi Uduk,98,1
2025-01-12,P05,Mie Ayam Bakso,148,0
2025-01-12,P06,Soto Ayam,108,0
2025-01-12,P07,Ayam Geprek,138,0
2025-01-12,P08,Es Teh Manis,397,1
2025-01-12,P09,Es Jeruk,273,0
2025-01-12,P10,Kopi Hitam,139,1
2025-01-12,P11,Teh Anget,167,0
2025-01-12,P12,Jus Alpukat,106,1
2025-01-12,P13,Es Campur,86,1
2025-01-12,P14,Kerupuk,207,1
2025-01-12,P15,Kue Lumpur,76,0
2025-01-12,P16,Pisang Goreng,90,1
2025-01-12,P17,Lemper,79,1
2025-01-12,P18,Serabi,60,1
2025-01-12,P19,Tahu Isi,79,1
2025-01-12,P20,Tempe Goreng,101,1
2025-01-12,P21,Roti Bakar Coklat,52,1
2025-01-12,P22,Telur Dadar,117,0
2025-01-12,P23,Capcay,93,0
2025-01-12,P24,Nasi Goreng Seafood,72,1
2025-01-12,P25,Bakso Urat,123,1
2025-01-13,P01,Nasi Goreng Spesial,182,0
2025-01-13,P02,Mie Goreng Ayam,150,0
2025-01-13,P03,Nasi Kuning,121,0
2025-01-13,P04,Nasi Uduk,109,1
2025-01-13,P05,Mie Ayam Bakso,136,0
2025-01-13,P06,Soto Ayam,99,0
2025-01-13,P07,Ayam Geprek,124,0
2025-01-13,P08,Es Teh Manis,296,0
2025-01-13,P09,Es Jeruk,198,0
2025-01-13,P10,Kopi Hitam,155,1
2025-01-13,P11,Teh Anget,135,0
2025-01-13,P12,Jus Alpukat,80,1
2025-01-13,P13,Es Campur,73,0
2025-01-13,P14,Kerupuk,231,0
2025-01-13,P15,Kue Lumpur,68,1
2025-01-13,P16,Pisang Goreng,99,1
2025-01-13,P17,Lemper,76,0
2025-01-13,P18,Serabi,57,0
2025-01-13,P19,Tahu Isi,77,1
2025-01-13,P20,Tempe Goreng,84,0
2025-01-13,P21,Roti Bakar Coklat,63,1
2025-01-13,P22,Telur Dadar,114,1
2025-01-13,P23,Capcay,73,1
2025-01-13,P24,Nasi Goreng Seafood,77,0
2025-01-13,P25,Bakso Urat,114,0
2025-01-14,P01,Nasi Goreng Spesial,181,0
2025-01-14,P02,Mie Goreng Ayam,130,1
2025-01-14,P03,Nasi Kuning,108,0
2025-01-14,P04,Nasi Uduk,101,0
2025-01-14,P05,Mie Ayam Bakso,115,1
2025-01-14,P06,Soto Ayam,93,0
2025-01-14,P07,Ayam Geprek,107,1
2025-01-14,P08,Es Teh Manis,226,1
2025-01-14,P09,Es Jeruk,198,0
2025-01-14,P10,Kopi Hitam,168,0
2025-01-14,P11,Teh Anget,146,0
2025-01-14,P12,Jus Alpukat,85,0
2025-01-14,P13,Es Campur,63,1
2025-01-14,P14,Kerupuk,224,0
2025-01-14,P15,Kue Lumpur,57,1
2025-01-14,P16,Pisang Goreng,103,0
2025-01-14,P17,Lemper,69,0
2025-01-14,P18,Serabi,54,1
2025-01-14,P19,Tahu Isi,86,0
2025-01-14,P20,Tempe Goreng,86,0
2025-01-14,P21,Roti Bakar Coklat,61,0
2025-01-14,P22,Telur Dadar,89,1
2025-01-14,P23,Capcay,64,1
2025-01-14,P24,Nasi Goreng Seafood,61,1
2025-01-14,P25,Bakso Urat,102,1
2025-01-15,P01,Nasi Goreng Spesial,122,0
2025-01-15,P02,Mie Goreng Ayam,99,0
2025-01-15,P03,Nasi Kuning,78,0
2025-01-15,P04,Nasi Uduk,81,0
2025-01-15,P05,Mie Ayam Bakso,88,0
2025-01-15,P06,Soto Ayam,62,0
2025-01-15,P07,Ayam Geprek,88,0
2025-01-15,P08,Es Teh Manis,150,0
2025-01-15,P09,Es Jeruk,114,0
2025-01-15,P10,Kopi Hitam,84,0
2025-01-15,P11,Teh Anget,67,0
2025-01-15,P12,Jus Alpukat,35,0
2025-01-15,P13,Es Campur,31,0
2025-01-15,P14,Kerupuk,142,0
2025-01-15,P15,Kue Lumpur,47,0
2025-01-15,P16,Pisang Goreng,67,0
2025-01-15,P17,Lemper,57,0
2025-01-15,P18,Serabi,40,0
2025-01-15,P19,Tahu Isi,65,0
2025-01-15,P20,Tempe Goreng,57,0
2025-01-15,P21,Roti Bakar Coklat,48,0
2025-01-15,P22,Telur Dadar,72,0
2025-01-15,P23,Capcay,54,0
2025-01-15,P24,Nasi Goreng Seafood,55,0
2025-01-15,P25,Bakso Urat,71,0
2025-01-16,P01,Nasi Goreng Spesial,67,0
2025-01-16,P02,Mie Goreng Ayam,54,0
2025-01-16,P03,Nasi Kuning,38,0
2025-01-16,P04,Nasi Uduk,42,0
2025-01-16,P05,Mie Ayam Bakso,43,0
2025-01-16,P06,Soto Ayam,37,0
2025-01-16,P07,Ayam Geprek,57,0
2025-01-16,P08,Es Teh Manis,101,0
2025-01-16,P09,Es Jeruk,43,0
2025-01-16,P10,Kopi Hitam,42,0
2025-01-16,P11,Teh Anget,41,0
2025-01-16,P12,Jus Alpukat,22,0
2025-01-16,P13,Es Campur,16,0
2025-01-16,P14,Kerupuk,92,0
2025-01-16,P15,Kue Lumpur,25,0
2025-01-16,P16,Pisang Goreng,49,0
2025-01-16,P17,Lemper,28,0
2025-01-16,P18,Serabi,25,0
2025-01-16,P19,Tahu Isi,32,0
2025-01-16,P20,Tempe Goreng,29,0
2025-01-16,P21,Roti Bakar Coklat,28,0
2025-01-16,P22,Telur Dadar,47,0
2025-01-16,P23,Capcay,28,0
2025-01-16,P24,Nasi Goreng Seafood,28,0
2025-01-16,P25,Bakso Urat,33,0
2025-01-17,P01,Nasi Goreng Spesial,69,0
2025-01-17,P02,Mie Goreng Ayam,57,0
2025-01-17,P03,Nasi Kuning,46,0
2025-01-17,P04,Nasi Uduk,43,0
2025-01-17,P05,Mie Ayam Bakso,53,0
2025-01-17,P06,Soto Ayam,40,0
2025-01-17,P07,Ayam Geprek,49,0
2025-01-17,P08,Es Teh Manis,86,0
2025-01-17,P09,Es Jeruk,68,0
2025-01-17,P10,Kopi Hitam,46,0
2025-01-17,P11,Teh Anget,39,0
2025-01-17,P12,Jus Alpukat,29,0
2025-01-17,P13,Es Campur,26,0
2025-01-17,P14,Kerupuk,88,0
2025-01-17,P15,Kue Lumpur,24,0
2025-01-17,P16,Pisang Goreng,47,0
2025-01-17,P17,Lemper,32,0
2025-01-17,P18,Serabi,22,0
2025-01-17,P19,Tahu Isi,35,0
2025-01-17,P20,Tempe Goreng,34,0
2025-01-17,P21,Roti Bakar Coklat,25,0
2025-01-17,P22,Telur Dadar,39,0
2025-01-17,P23,Capcay,32,0
2025-01-17,P24,Nasi Goreng Seafood,29,0
2025-01-17,P25,Bakso Urat,37,0
2025-01-18,P01,Nasi Goreng Spesial,74,0
2025-01-18,P02,Mie Goreng Ayam,69,0
2025-01-18,P03,Nasi Kuning,52,0
2025-01-18,P04,Nasi Uduk,39,0
2025-01-18,P05,Mie Ayam Bakso,60,0
2025-01-18,P06,Soto Ayam,46,0
2025-01-18,P07,Ayam Geprek,58,0
2025-01-18,P08,Es Teh Manis,133,0
2025-01-18,P09,Es Jeruk,83,0
2025-01-18,P10,Kopi Hitam,69,0
2025-01-18,P11,Teh Anget,66,0
2025-01-18,P12,Jus Alpukat,32,0
2025-01-18,P13,Es Campur,26,0
2025-01-18,P14,Kerupuk,124,0
2025-01-18,P15,Kue Lumpur,31,0
2025-01-18,P16,Pisang Goreng,53,0
2025-01-18,P17,Lemper,36,0
2025-01-18,P18,Serabi,29,0
2025-01-18,P19,Tahu Isi,45,0
2025-01-18,P20,Tempe Goreng,40,0
2025-01-18,P21,Roti Bakar Coklat,34,0
2025-01-18,P22,Telur Dadar,51,0
2025-01-18,P23,Capcay,32,0
2025-01-18,P24,Nasi Goreng Seafood,30,0
2025-01-18,P25,Bakso Urat,42,0
2025-01-19,P01,Nasi Goreng Spesial,114,0
2025-01-19,P02,Mie Goreng Ayam,89,0
2025-01-19,P03,Nasi Kuning,71,0
2025-01-19,P04,Nasi Uduk,65,0
2025-01-19,P05,Mie Ayam Bakso,80,0
2025-01-19,P06,Soto Ayam,60,0
2025-01-19,P07,Ayam Geprek,81,0
2025-01-19,P08,Es Teh Manis,216,0
2025-01-19,P09,Es Jeruk,146,0
2025-01-19,P10,Kopi Hitam,122,0
2025-01-19,P11,Teh Anget,102,0
2025-01-19,P12,Jus Alpukat,55,0
2025-01-19,P13,Es Campur,56,0
2025-01-19,P14,Kerupuk,151,0
2025-01-19,P15,Kue Lumpur,48,0
2025-01-19,P16,Pisang Goreng,73,0
2025-01-19,P17,Lemper,55,0
2025-01-19,P18,Serabi,36,0
2025-01-19,P19,Tahu Isi,63,0
2025-01-19,P20,Tempe Goreng,53,0
2025-01-19,P21,Roti Bakar Coklat,43,0
2025-01-19,P22,Telur Dadar,78,0
2025-01-19,P23,Capcay,59,0
2025-01-19,P24,Nasi Goreng Seafood,44,0
2025-01-19,P25,Bakso Urat,64,0
2025-01-20,P01,Nasi Goreng Spesial,137,0
2025-01-20,P02,Mie Goreng Ayam,103,0
2025-01-20,P03,Nasi Kuning,84,0
2025-01-20,P04,Nasi Uduk,82,1
2025-01-20,P05,Mie Ayam Bakso,105,0
2025-01-20,P06,Soto Ayam,81,0
2025-01-20,P07,Ayam Geprek,100,0
2025-01-20,P08,Es Teh Manis,253,0
2025-01-20,P09,Es Jeruk,159,1
2025-01-20,P10,Kopi Hitam,150,0
2025-01-20,P11,Teh Anget,114,0
2025-01-20,P12,Jus Alpukat,70,0
2025-01-20,P13,Es Campur,59,0
2025-01-20,P14,Kerupuk,195,0
2025-01-20,P15,Kue Lumpur,54,0
2025-01-20,P16,Pisang Goreng,80,0
2025-01-20,P17,Lemper,60,0
2025-01-20,P18,Serabi,46,0
2025-01-20,P19,Tahu Isi,74,0
2025-01-20,P20,Tempe Goreng,66,0
2025-01-20,P21,Roti Bakar Coklat,51,0
2025-01-20,P22,Telur Dadar,91,0
2025-01-20,P23,Capcay,66,0
2025-01-20,P24,Nasi Goreng Seafood,58,0
2025-01-20,P25,Bakso Urat,76,0
2025-01-21,P01,Nasi Goreng Spesial,107,0
2025-01-21,P02,Mie Goreng Ayam,84,0
2025-01-21,P03,Nasi Kuning,59,0
2025-01-21,P04,Nasi Uduk,58,0
2025-01-21,P05,Mie Ayam Bakso,77,0
2025-01-21,P06,Soto Ayam,48,0
2025-01-21,P07,Ayam Geprek,61,0
2025-01-21,P08,Es Teh Manis,148,0
2025-01-21,P09,Es Jeruk,78,0
2025-01-21,P10,Kopi Hitam,67,0
2025-01-21,P11,Teh Anget,55,0
2025-01-21,P12,Jus Alpukat,36,0
2025-01-21,P13,Es Campur,36,0
2025-01-21,P14,Kerupuk,139,0
2025-01-21,P15,Kue Lumpur,34,0
2025-01-21,P16,Pisang Goreng,55,0
2025-01-21,P17,Lemper,43,0
2025-01-21,P18,Serabi,32,0
2025-01-21,P19,Tahu Isi,48,0
2025-01-21,P20,Tempe Goreng,53,0
2025-01-21,P21,Roti Bakar Coklat,36,0
2025-01-21,P22,Telur Dadar,71,0
2025-01-21,P23,Capcay,54,0
2025-01-21,P24,Nasi Goreng Seafood,42,0
2025-01-21,P25,Bakso Urat,60,0
2025-01-22,P01,Nasi Goreng Spesial,82,0
2025-01-22,P02,Mie Goreng Ayam,91,0
2025-01-22,P03,Nasi Kuning,62,0
2025-01-22,P04,Nasi Uduk,66,0
2025-01-22,P05,Mie Ayam Bakso,64,0
2025-01-22,P06,Soto Ayam,56,0
2025-01-22,P07,Ayam Geprek,68,0
2025-01-22,P08,Es Teh Manis,124,0
2025-01-22,P09,Es Jeruk,76,0
2025-01-22,P10,Kopi Hitam,76,0
2025-01-22,P11,Teh Anget,64,0
2025-01-22,P12,Jus Alpukat,42,0
2025-01-22,P13,Es Campur,35,0
2025-01-22,P14,Kerupuk,127,0
2025-01-22,P15,Kue Lumpur,36,0
2025-01-22,P16,Pisang Goreng,55,0
2025-01-22,P17,Lemper,49,0
2025-01-22,P18,Serabi,31,0
2025-01-22,P19,Tahu Isi,61,0
2025-01-22,P20,Tempe Goreng,51,0
2025-01-22,P21,Roti Bakar Coklat,39,0
2025-01-22,P22,Telur Dadar,61,0
2025-01-22,P23,Capcay,49,0
2025-01-22,P24,Nasi Goreng Seafood,42,0
2025-01-22,P25,Bakso Urat,56,0
2025-01-23,P01,Nasi Goreng Spesial,160,1
2025-01-23,P02,Mie Goreng Ayam,122,0
2025-01-23,P03,Nasi Kuning,88,0
2025-01-23,P04,Nasi Uduk,78,0
2025-01-23,P05,Mie Ayam Bakso,105,0
2025-01-23,P06,Soto Ayam,72,0
2025-01-23,P07,Ayam Geprek,98,0
2025-01-23,P08,Es Teh Manis,279,0
2025-01-23,P09,Es Jeruk,162,1
2025-01-23,P10,Kopi Hitam,154,1
2025-01-23,P11,Teh Anget,122,0
2025-01-23,P12,Jus Alpukat,76,0
2025-01-23,P13,Es Campur,73,0
2025-01-23,P14,Kerupuk,187,0
2025-01-23,P15,Kue Lumpur,56,0
2025-01-23,P16,Pisang Goreng,80,0
2025-01-23,P17,Lemper,68,0
2025-01-23,P18,Serabi,46,0
2025-01-23,P19,Tahu Isi,83,0
2025-01-23,P20,Tempe Goreng,71,0
2025-01-23,P21,Roti Bakar Coklat,57,0
2025-01-23,P22,Telur Dadar,97,0
2025-01-23,P23,Capcay,68,0
2025-01-23,P24,Nasi Goreng Seafood,66,0
2025-01-23,P25,Bakso Urat,82,0
2025-01-24,P01,Nasi Goreng Spesial,90,0
2025-01-24,P02,Mie Goreng Ayam,86,0
2025-01-24,P03,Nasi Kuning,60,0
2025-01-24,P04,Nasi Uduk,54,0
2025-01-24,P05,Mie Ayam Bakso,74,0
2025-01-24,P06,Soto Ayam,49,0
2025-01-24,P07,Ayam Geprek,52,0
2025-01-24,P08,Es Teh Manis,123,0
2025-01-24,P09,Es Jeruk,122,0
2025-01-24,P10,Kopi Hitam,100,0
2025-01-24,P11,Teh Anget,87,0
2025-01-24,P12,Jus Alpukat,45,0
2025-01-24,P13,Es Campur,36,0
2025-01-24,P14,Kerupuk,118,0
2025-01-24,P15,Kue Lumpur,35,0
2025-01-24,P16,Pisang Goreng,51,0
2025-01-24,P17,Lemper,46,0
2025-01-24,P18,Serabi,35,0
2025-01-24,P19,Tahu Isi,52,0
2025-01-24,P20,Tempe Goreng,45,0
2025-01-24,P21,Roti Bakar Coklat,32,0
2025-01-24,P22,Telur Dadar,68,0
2025-01-24,P23,Capcay,46,0
2025-01-24,P24,Nasi Goreng Seafood,39,0
2025-01-24,P25,Bakso Urat,58,0
2025-01-25,P01,Nasi Goreng Spesial,117,0
2025-01-25,P02,Mie Goreng Ayam,100,0
2025-01-25,P03,Nasi Kuning,73,0
2025-01-25,P04,Nasi Uduk,68,0
2025-01-25,P05,Mie Ayam Bakso,100,0
2025-01-25,P06,Soto Ayam,63,0
2025-01-25,P07,Ayam Geprek,89,0
2025-01-25,P08,Es Teh Manis,194,0
2025-01-25,P09,Es Jeruk,147,0
2025-01-25,P10,Kopi Hitam,107,0
2025-01-25,P11,Teh Anget,96,0
2025-01-25,P12,Jus Alpukat,57,0
2025-01-25,P13,Es Campur,56,1
2025-01-25,P14,Kerupuk,172,0
2025-01-25,P15,Kue Lumpur,46,0
2025-01-25,P16,Pisang Goreng,79,0
2025-01-25,P17,Lemper,62,0
2025-01-25,P18,Serabi,37,0
2025-01-25,P19,Tahu Isi,66,0
2025-01-25,P20,Tempe Goreng,61,0
2025-01-25,P21,Roti Bakar Coklat,47,0
2025-01-25,P22,Telur Dadar,78,0
2025-01-25,P23,Capcay,55,0
2025-01-25,P24,Nasi Goreng Seafood,57,0
2025-01-25,P25,Bakso Urat,67,0
2025-01-26,P01,Nasi Goreng Spesial,174,0
2025-01-26,P02,Mie Goreng Ayam,144,1
2025-01-26,P03,Nasi Kuning,94,1
2025-01-26,P04,Nasi Uduk,97,0
2025-01-26,P05,Mie Ayam Bakso,127,0
2025-01-26,P06,Soto Ayam,82,0
2025-01-26,P07,Ayam Geprek,128,0
2025-01-26,P08,Es Teh Manis,317,0
2025-01-26,P09,Es Jeruk,223,0
2025-01-26,P10,Kopi Hitam,166,1
2025-01-26,P11,Teh Anget,151,0
2025-01-26,P12,Jus Alpukat,75,1
2025-01-26,P13,Es Campur,76,0
2025-01-26,P14,Kerupuk,224,1
2025-01-26,P15,Kue Lumpur,49,1
2025-01-26,P16,Pisang Goreng,108,0
2025-01-26,P17,Lemper,82,0
2025-01-26,P18,Serabi,52,1
2025-01-26,P19,Tahu Isi,96,0
2025-01-26,P20,Tempe Goreng,79,1
2025-01-26,P21,Roti Bakar Coklat,63,0
2025-01-26,P22,Telur Dadar,112,0
2025-01-26,P23,Capcay,79,1
2025-01-26,P24,Nasi Goreng Seafood,77,1
2025-01-26,P25,Bakso Urat,94,0
2025-01-27,P01,Nasi Goreng Spesial,95,0
2025-01-27,P02,Mie Goreng Ayam,84,0
2025-01-27,P03,Nasi Kuning,59,0
2025-01-27,P04,Nasi Uduk,63,0
2025-01-27,P05,Mie Ayam Bakso,75,0
2025-01-27,P06,Soto Ayam,48,0
2025-01-27,P07,Ayam Geprek,68,0
2025-01-27,P08,Es Teh Manis,135,0
2025-01-27,P09,Es Jeruk,102,0
2025-01-27,P10,Kopi Hitam,70,0
2025-01-27,P11,Teh Anget,67,0
2025-01-27,P12,Jus Alpukat,37,0
2025-01-27,P13,Es Campur,38,0
2025-01-27,P14,Kerupuk,145,0
2025-01-27,P15,Kue Lumpur,39,0
2025-01-27,P16,Pisang Goreng,59,0
2025-01-27,P17,Lemper,45,0
2025-01-27,P18,Serabi,32,0
2025-01-27,P19,Tahu Isi,61,0
2025-01-27,P20,Tempe Goreng,50,0
2025-01-27,P21,Roti Bakar Coklat,37,0
2025-01-27,P22,Telur Dadar,60,0
2025-01-27,P23,Capcay,42,0
2025-01-27,P24,Nasi Goreng Seafood,43,0
2025-01-27,P25,Bakso Urat,53,0
2025-01-28,P01,Nasi Goreng Spesial,110,0
2025-01-28,P02,Mie Goreng Ayam,84,0
2025-01-28,P03,Nasi Kuning,65,0
2025-01-28,P04,Nasi Uduk,65,0
2025-01-28,P05,Mie Ayam Bakso,63,0
2025-01-28,P06,Soto Ayam,56,0
2025-01-28,P07,Ayam Geprek,68,0
2025-01-28,P08,Es Teh Manis,151,0
2025-01-28,P09,Es Jeruk,114,0
2025-01-28,P10,Kopi Hitam,100,0
2025-01-28,P11,Teh Anget,82,0
2025-01-28,P12,Jus Alpukat,45,0
2025-01-28,P13,Es Campur,43,0
2025-01-28,P14,Kerupuk,137,0
2025-01-28,P15,Kue Lumpur,37,0
2025-01-28,P16,Pisang Goreng,56,0
2025-01-28,P17,Lemper,41,0
2025-01-28,P18,Serabi,34,0
2025-01-28,P19,Tahu Isi,53,0
2025-01-28,P20,Tempe Goreng,44,0
2025-01-28,P21,Roti Bakar Coklat,32,0
2025-01-28,P22,Telur Dadar,69,0
2025-01-28,P23,Capcay,46,0
2025-01-28,P24,Nasi Goreng Seafood,44,0
2025-01-28,P25,Bakso Urat,65,0
2025-01-29,P01,Nasi Goreng Spesial,64,0
2025-01-29,P02,Mie Goreng Ayam,57,0
2025-01-29,P03,Nasi Kuning,43,0
2025-01-29,P04,Nasi Uduk,38,0
2025-01-29,P05,Mie Ayam Bakso,47,0
2025-01-29,P06,Soto Ayam,34,0
2025-01-29,P07,Ayam Geprek,59,0
2025-01-29,P08,Es Teh Manis,71,0
2025-01-29,P09,Es Jeruk,50,0
2025-01-29,P10,Kopi Hitam,69,0
2025-01-29,P11,Teh Anget,40,0
2025-01-29,P12,Jus Alpukat,17,0
2025-01-29,P13,Es Campur,23,0
2025-01-29,P14,Kerupuk,80,0
2025-01-29,P15,Kue Lumpur,28,0
2025-01-29,P16,Pisang Goreng,40,0
2025-01-29,P17,Lemper,28,0
2025-01-29,P18,Serabi,26,0
2025-01-29,P19,Tahu Isi,39,0
2025-01-29,P20,Tempe Goreng,37,0
2025-01-29,P21,Roti Bakar Coklat,27,0
2025-01-29,P22,Telur Dadar,40,0
2025-01-29,P23,Capcay,34,0
2025-01-29,P24,Nasi Goreng Seafood,32,0
2025-01-29,P25,Bakso Urat,40,0
2025-01-30,P01,Nasi Goreng Spesial,97,0
2025-01-30,P02,Mie Goreng Ayam,71,0
2025-01-30,P03,Nasi Kuning,55,0
2025-01-30,P04,Nasi Uduk,50,0
2025-01-30,P05,Mie Ayam Bakso,61,0
2025-01-30,P06,Soto Ayam,52,0
2025-01-30,P07,Ayam Geprek,57,0
2025-01-30,P08,Es Teh Manis,175,0
2025-01-30,P09,Es Jeruk,137,0
2025-01-30,P10,Kopi Hitam,99,0
2025-01-30,P11,Teh Anget,85,0
2025-01-30,P12,Jus Alpukat,48,0
2025-01-30,P13,Es Campur,48,0
2025-01-30,P14,Kerupuk,128,0
2025-01-30,P15,Kue Lumpur,37,0
2025-01-30,P16,Pisang Goreng,57,0
2025-01-30,P17,Lemper,40,0
2025-01-30,P18,Serabi,28,0
2025-01-30,P19,Tahu Isi,46,0
2025-01-30,P20,Tempe Goreng,49,0
2025-01-30,P21,Roti Bakar Coklat,37,0
2025-01-30,P22,Telur Dadar,54,0
2025-01-30,P23,Capcay,43,0
2025-01-30,P24,Nasi Goreng Seafood,37,0
2025-01-30,P25,Bakso Urat,48,0
2025-01-31,P01,Nasi Goreng Spesial,89,0
2025-01-31,P02,Mie Goreng Ayam,83,0
2025-01-31,P03,Nasi Kuning,70,0
2025-01-31,P04,Nasi Uduk,56,0
2025-01-31,P05,Mie Ayam Bakso,81,0
2025-01-31,P06,Soto Ayam,60,0
2025-01-31,P07,Ayam Geprek,70,0
2025-01-31,P08,Es Teh Manis,162,0
2025-01-31,P09,Es Jeruk,116,0
2025-01-31,P10,Kopi Hitam,91,0
2025-01-31,P11,Teh Anget,81,0
2025-01-31,P12,Jus Alpukat,49,0
2025-01-31,P13,Es Campur,42,0
2025-01-31,P14,Kerupuk,151,0
2025-01-31,P15,Kue Lumpur,37,0
2025-01-31,P16,Pisang Goreng,68,0
2025-01-31,P17,Lemper,41,0
2025-01-31,P18,Serabi,33,0
2025-01-31,P19,Tahu Isi,60,0
2025-01-31,P20,Tempe Goreng,54,0
2025-01-31,P21,Roti Bakar Coklat,38,0
2025-01-31,P22,Telur Dadar,70,0
2025-01-31,P23,Capcay,52,0
2025-01-31,P24,Nasi Goreng Seafood,43,0
2025-01-31,P25,Bakso Urat,64,0
2025-02-01,P01,Nasi Goreng Spesial,83,0
2025-02-01,P02,Mie Goreng Ayam,65,0
2025-02-01,P03,Nasi Kuning,49,0
2025-02-01,P04,Nasi Uduk,47,0
2025-02-01,P05,Mie Ayam Bakso,60,0
2025-02-01,P06,Soto Ayam,41,0
2025-02-01,P07,Ayam Geprek,58,0
2025-02-01,P08,Es Teh Manis,81,0
2025-02-01,P09,Es Jeruk,65,0
2025-02-01,P10,Kopi Hitam,57,0
2025-02-01,P11,Teh Anget,44,0
2025-02-01,P12,Jus Alpukat,35,0
2025-02-01,P13,Es Campur,26,0
2025-02-01,P14,Kerupuk,116,0
2025-02-01,P15,Kue Lumpur,32,0
2025-02-01,P16,Pisang Goreng,52,0
2025-02-01,P17,Lemper,34,0
2025-02-01,P18,Serabi,28,0
2025-02-01,P19,Tahu Isi,43,0
2025-02-01,P20,Tempe Goreng,41,0
2025-02-01,P21,Roti Bakar Coklat,26,0
2025-02-01,P22,Telur Dadar,46,0
2025-02-01,P23,Capcay,44,0
2025-02-01,P24,Nasi Goreng Seafood,37,0
2025-02-01,P25,Bakso Urat,53,0
2025-02-02,P01,Nasi Goreng Spesial,59,0
2025-02-02,P02,Mie Goreng Ayam,62,0
2025-02-02,P03,Nasi Kuning,41,0
2025-02-02,P04,Nasi Uduk,38,0
2025-02-02,P05,Mie Ayam Bakso,48,0
2025-02-02,P06,Soto Ayam,41,0
2025-02-02,P07,Ayam Geprek,47,0
2025-02-02,P08,Es Teh Manis,82,0
2025-02-02,P09,Es Jeruk,52,0
2025-02-02,P10,Kopi Hitam,49,0
2025-02-02,P11,Teh Anget,46,0
2025-02-02,P12,Jus Alpukat,25,0
2025-02-02,P13,Es Campur,22,0
2025-02-02,P14,Kerupuk,100,0
2025-02-02,P15,Kue Lumpur,23,0
2025-02-02,P16,Pisang Goreng,39,0
2025-02-02,P17,Lemper,31,0
2025-02-02,P18,Serabi,22,0
2025-02-02,P19,Tahu Isi,35,0
2025-02-02,P20,Tempe Goreng,28,0
2025-02-02,P21,Roti Bakar Coklat,23,0
2025-02-02,P22,Telur Dadar,42,0
2025-02-02,P23,Capcay,32,0
2025-02-02,P24,Nasi Goreng Seafood,26,0
2025-02-02,P25,Bakso Urat,40,0
2025-02-03,P01,Nasi Goreng Spesial,80,0
2025-02-03,P02,Mie Goreng Ayam,74,0
2025-02-03,P03,Nasi Kuning,53,0
2025-02-03,P04,Nasi Uduk,51,0
2025-02-03,P05,Mie Ayam Bakso,59,0
2025-02-03,P06,Soto Ayam,48,0
2025-02-03,P07,Ayam Geprek,61,0
2025-02-03,P08,Es Teh Manis,192,0
2025-02-03,P09,Es Jeruk,129,0
2025-02-03,P10,Kopi Hitam,105,0
2025-02-03,P11,Teh Anget,78,0
2025-02-03,P12,Jus Alpukat,53,0
2025-02-03,P13,Es Campur,45,0
2025-02-03,P14,Kerupuk,117,0
2025-02-03,P15,Kue Lumpur,37,0
2025-02-03,P16,Pisang Goreng,51,0
2025-02-03,P17,Lemper,43,0
2025-02-03,P18,Serabi,33,0
2025-02-03,P19,Tahu Isi,52,0
2025-02-03,P20,Tempe Goreng,41,0
2025-02-03,P21,Roti Bakar Coklat,28,0
2025-02-03,P22,Telur Dadar,62,0
2025-02-03,P23,Capcay,43,0
2025-02-03,P24,Nasi Goreng Seafood,35,0
2025-02-03,P25,Bakso Urat,57,0
2025-02-04,P01,Nasi Goreng Spesial,50,0
2025-02-04,P02,Mie Goreng Ayam,42,0
2025-02-04,P03,Nasi Kuning,41,0
2025-02-04,P04,Nasi Uduk,35,0
2025-02-04,P05,Mie Ayam Bakso,35,0
2025-02-04,P06,Soto Ayam,30,0
2025-02-04,P07,Ayam Geprek,25,0
2025-02-04,P08,Es Teh Manis,60,0
2025-02-04,P09,Es Jeruk,54,0
2025-02-04,P10,Kopi Hitam,37,0
2025-02-04,P11,Teh Anget,32,0
2025-02-04,P12,Jus Alpukat,8,0
2025-02-04,P13,Es Campur,15,0
2025-02-04,P14,Kerupuk,76,0
2025-02-04,P15,Kue Lumpur,22,0
2025-02-04,P16,Pisang Goreng,37,0
2025-02-04,P17,Lemper,23,0
2025-02-04,P18,Serabi,17,0
2025-02-04,P19,Tahu Isi,25,0
2025-02-04,P20,Tempe Goreng,26,0
2025-02-04,P21,Roti Bakar Coklat,17,0
2025-02-04,P22,Telur Dadar,26,0
2025-02-04,P23,Capcay,22,0
2025-02-04,P24,Nasi Goreng Seafood,28,0
2025-02-04,P25,Bakso Urat,31,0
2025-02-05,P01,Nasi Goreng Spesial,106,0
2025-02-05,P02,Mie Goreng Ayam,76,0
2025-02-05,P03,Nasi Kuning,56,0
2025-02-05,P04,Nasi Uduk,47,0
2025-02-05,P05,Mie Ayam Bakso,77,0
2025-02-05,P06,Soto Ayam,51,0
2025-02-05,P07,Ayam Geprek,66,0
2025-02-05,P08,Es Teh Manis,212,0
2025-02-05,P09,Es Jeruk,121,0
2025-02-05,P10,Kopi Hitam,87,0
2025-02-05,P11,Teh Anget,79,0
2025-02-05,P12,Jus Alpukat,44,0
2025-02-05,P13,Es Campur,41,0
2025-02-05,P14,Kerupuk,116,0
2025-02-05,P15,Kue Lumpur,33,0
2025-02-05,P16,Pisang Goreng,49,0
2025-02-05,P17,Lemper,45,0
2025-02-05,P18,Serabi,30,0
2025-02-05,P19,Tahu Isi,49,0
2025-02-05,P20,Tempe Goreng,47,0
2025-02-05,P21,Roti Bakar Coklat,36,0
2025-02-05,P22,Telur Dadar,60,0
2025-02-05,P23,Capcay,46,0
2025-02-05,P24,Nasi Goreng Seafood,39,0
2025-02-05,P25,Bakso Urat,57,0
2025-02-06,P01,Nasi Goreng Spesial,84,0
2025-02-06,P02,Mie Goreng Ayam,69,0
2025-02-06,P03,Nasi Kuning,67,0
2025-02-06,P04,Nasi Uduk,48,0
2025-02-06,P05,Mie Ayam Bakso,74,0
2025-02-06,P06,Soto Ayam,48,0
2025-02-06,P07,Ayam Geprek,60,0
2025-02-06,P08,Es Teh Manis,180,0
2025-02-06,P09,Es Jeruk,113,0
2025-02-06,P10,Kopi Hitam,101,0
2025-02-06,P11,Teh Anget,78,0
2025-02-06,P12,Jus Alpukat,49,0
2025-02-06,P13,Es Campur,48,0
2025-02-06,P14,Kerupuk,121,0
2025-02-06,P15,Kue Lumpur,30,0
2025-02-06,P16,Pisang Goreng,58,0
2025-02-06,P17,Lemper,39,0
2025-02-06,P18,Serabi,28,0
2025-02-06,P19,Tahu Isi,52,0
2025-02-06,P20,Tempe Goreng,44,0
2025-02-06,P21,Roti Bakar Coklat,31,0
2025-02-06,P22,Telur Dadar,66,0
2025-02-06,P23,Capcay,43,0
2025-02-06,P24,Nasi Goreng Seafood,38,0
2025-02-06,P25,Bakso Urat,51,0
2025-02-07,P01,Nasi Goreng Spesial,76,0
2025-02-07,P02,Mie Goreng Ayam,42,0
2025-02-07,P03,Nasi Kuning,49,0
2025-02-07,P04,Nasi Uduk,38,0
2025-02-07,P05,Mie Ayam Bakso,38,0
2025-02-07,P06,Soto Ayam,23,0
2025-02-07,P07,Ayam Geprek,38,0
2025-02-07,P08,Es Teh Manis,83,0
2025-02-07,P09,Es Jeruk,56,0
2025-02-07,P10,Kopi Hitam,51,0
2025-02-07,P11,Teh Anget,35,0
2025-02-07,P12,Jus Alpukat,19,0
2025-02-07,P13,Es Campur,19,0
2025-02-07,P14,Kerupuk,89,0
2025-02-07,P15,Kue Lumpur,26,0
2025-02-07,P16,Pisang Goreng,37,0
2025-02-07,P17,Lemper,32,0
2025-02-07,P18,Serabi,20,0
2025-02-07,P19,Tahu Isi,33,0
2025-02-07,P20,Tempe Goreng,31,0
2025-02-07,P21,Roti Bakar Coklat,28,0
2025-02-07,P22,Telur Dadar,41,0
2025-02-07,P23,Capcay,29,0
2025-02-07,P24,Nasi Goreng Seafood,31,0
2025-02-07,P25,Bakso Urat,48,0
2025-02-08,P01,Nasi Goreng Spesial,81,0
2025-02-08,P02,Mie Goreng Ayam,54,0
2025-02-08,P03,Nasi Kuning,51,0
2025-02-08,P04,Nasi Uduk,48,0
2025-02-08,P05,Mie Ayam Bakso,59,0
2025-02-08,P06,Soto Ayam,51,0
2025-02-08,P07,Ayam Geprek,51,0
2025-02-08,P08,Es Teh Manis,94,0
2025-02-08,P09,Es Jeruk,61,0
2025-02-08,P10,Kopi Hitam,53,0
2025-02-08,P11,Teh Anget,53,0
2025-02-08,P12,Jus Alpukat,33,0
2025-02-08,P13,Es Campur,23,0
2025-02-08,P14,Kerupuk,108,0
2025-02-08,P15,Kue Lumpur,30,0
2025-02-08,P16,Pisang Goreng,58,0
2025-02-08,P17,Lemper,41,0
2025-02-08,P18,Serabi,28,0
2025-02-08,P19,Tahu Isi,42,0
2025-02-08,P20,Tempe Goreng,38,0
2025-02-08,P21,Roti Bakar Coklat,34,0
2025-02-08,P22,Telur Dadar,55,0
2025-02-08,P23,Capcay,32,0
2025-02-08,P24,Nasi Goreng Seafood,34,0
2025-02-08,P25,Bakso Urat,55,0
2025-02-09,P01,Nasi Goreng Spesial,71,0
2025-02-09,P02,Mie Goreng Ayam,55,0
2025-02-09,P03,Nasi Kuning,34,0
2025-02-09,P04,Nasi Uduk,40,0
2025-02-09,P05,Mie Ayam Bakso,45,0
2025-02-09,P06,Soto Ayam,34,0
2025-02-09,P07,Ayam Geprek,50,0
2025-02-09,P08,Es Teh Manis,99,0
2025-02-09,P09,Es Jeruk,55,0
2025-02-09,P10,Kopi Hitam,49,0
2025-02-09,P11,Teh Anget,29,0
2025-02-09,P12,Jus Alpukat,23,0
2025-02-09,P13,Es Campur,20,0
2025-02-09,P14,Kerupuk,107,0
2025-02-09,P15,Kue Lumpur,26,0
2025-02-09,P16,Pisang Goreng,42,0
2025-02-09,P17,Lemper,35,0
2025-02-09,P18,Serabi,23,0
2025-02-09,P19,Tahu Isi,35,0
2025-02-09,P20,Tempe Goreng,44,0
2025-02-09,P21,Roti Bakar Coklat,24,0
2025-02-09,P22,Telur Dadar,43,0
2025-02-09,P23,Capcay,34,0
2025-02-09,P24,Nasi Goreng Seafood,30,0
2025-02-09,P25,Bakso Urat,39,0
2025-02-10,P01,Nasi Goreng Spesial,104,0
2025-02-10,P02,Mie Goreng Ayam,79,0
2025-02-10,P03,Nasi Kuning,49,0
2025-02-10,P04,Nasi Uduk,60,0
2025-02-10,P05,Mie Ayam Bakso,67,0
2025-02-10,P06,Soto Ayam,54,0
2025-02-10,P07,Ayam Geprek,75,0
2025-02-10,P08,Es Teh Manis,179,0
2025-02-10,P09,Es Jeruk,131,0
2025-02-10,P10,Kopi Hitam,101,0
2025-02-10,P11,Teh Anget,93,0
2025-02-10,P12,Jus Alpukat,46,0
2025-02-10,P13,Es Campur,44,0
2025-02-10,P14,Kerupuk,133,0
2025-02-10,P15,Kue Lumpur,36,0
2025-02-10,P16,Pisang Goreng,63,0
2025-02-10,P17,Lemper,40,0
2025-02-10,P18,Serabi,36,0
2025-02-10,P19,Tahu Isi,61,0
2025-02-10,P20,Tempe Goreng,48,0
2025-02-10,P21,Roti Bakar Coklat,38,0
2025-02-10,P22,Telur Dadar,68,0
2025-02-10,P23,Capcay,42,0
2025-02-10,P24,Nasi Goreng Seafood,37,0
2025-02-10,P25,Bakso Urat,62,0
2025-02-11,P01,Nasi Goreng Spesial,73,0
2025-02-11,P02,Mie Goreng Ayam,58,0
2025-02-11,P03,Nasi Kuning,46,0
2025-02-11,P04,Nasi Uduk,45,0
2025-02-11,P05,Mie Ayam Bakso,51,0
2025-02-11,P06,Soto Ayam,40,0
2025-02-11,P07,Ayam Geprek,46,0
2025-02-11,P08,Es Teh Manis,93,0
2025-02-11,P09,Es Jeruk,52,0
2025-02-11,P10,Kopi Hitam,53,0
2025-02-11,P11,Teh Anget,39,0
2025-02-11,P12,Jus Alpukat,29,0
2025-02-11,P13,Es Campur,17,0
2025-02-11,P14,Kerupuk,81,0
2025-02-11,P15,Kue Lumpur,26,0
2025-02-11,P16,Pisang Goreng,37,0
2025-02-11,P17,Lemper,27,0
2025-02-11,P18,Serabi,25,0
2025-02-11,P19,Tahu Isi,39,0
2025-02-11,P20,Tempe Goreng,34,0
2025-02-11,P21,Roti Bakar Coklat,26,0
2025-02-11,P22,Telur Dadar,43,0
2025-02-11,P23,Capcay,40,0
2025-02-11,P24,Nasi Goreng Seafood,28,0
2025-02-11,P25,Bakso Urat,36,0
2025-02-12,P01,Nasi Goreng Spesial,127,0
2025-02-12,P02,Mie Goreng Ayam,100,0
2025-02-12,P03,Nasi Kuning,87,0
2025-02-12,P04,Nasi Uduk,73,0
2025-02-12,P05,Mie Ayam Bakso,103,0
2025-02-12,P06,Soto Ayam,66,0
2025-02-12,P07,Ayam Geprek,87,0
2025-02-12,P08,Es Teh Manis,224,0
2025-02-12,P09,Es Jeruk,156,0
2025-02-12,P10,Kopi Hitam,129,0
2025-02-12,P11,Teh Anget,102,0
2025-02-12,P12,Jus Alpukat,63,0
2025-02-12,P13,Es Campur,57,0
2025-02-12,P14,Kerupuk,168,0
2025-02-12,P15,Kue Lumpur,48,0
2025-02-12,P16,Pisang Goreng,69,0
2025-02-12,P17,Lemper,57,0
2025-02-12,P18,Serabi,41,0
2025-02-12,P19,Tahu Isi,67,0
2025-02-12,P20,Tempe Goreng,66,0
2025-02-12,P21,Roti Bakar Coklat,44,0
2025-02-12,P22,Telur Dadar,91,0
2025-02-12,P23,Capcay,62,0
2025-02-12,P24,Nasi Goreng Seafood,56,0
2025-02-12,P25,Bakso Urat,74,0
2025-02-13,P01,Nasi Goreng Spesial,107,0
2025-02-13,P02,Mie Goreng Ayam,88,0
2025-02-13,P03,Nasi Kuning,68,0
2025-02-13,P04,Nasi Uduk,59,0
2025-02-13,P05,Mie Ayam Bakso,94,0
2025-02-13,P06,Soto Ayam,51,0
2025-02-13,P07,Ayam Geprek,70,0
2025-02-13,P08,Es Teh Manis,293,0
2025-02-13,P09,Es Jeruk,223,0
2025-02-13,P10,Kopi Hitam,158,0
2025-02-13,P11,Teh Anget,142,0
2025-02-13,P12,Jus Alpukat,73,1
2025-02-13,P13,Es Campur,74,1
2025-02-13,P14,Kerupuk,148,0
2025-02-13,P15,Kue Lumpur,43,0
2025-02-13,P16,Pisang Goreng,60,0
2025-02-13,P17,Lemper,46,0
2025-02-13,P18,Serabi,29,0
2025-02-13,P19,Tahu Isi,57,0
2025-02-13,P20,Tempe Goreng,48,0
2025-02-13,P21,Roti Bakar Coklat,39,0
2025-02-13,P22,Telur Dadar,59,0
2025-02-13,P23,Capcay,52,0
2025-02-13,P24,Nasi Goreng Seafood,39,0
2025-02-13,P25,Bakso Urat,63,0
2025-02-14,P01,Nasi Goreng Spesial,69,0
2025-02-14,P02,Mie Goreng Ayam,70,0
2025-02-14,P03,Nasi Kuning,63,0
2025-02-14,P04,Nasi Uduk,57,0
2025-02-14,P05,Mie Ayam Bakso,69,0
2025-02-14,P06,Soto Ayam,51,0
2025-02-14,P07,Ayam Geprek,63,0
2025-02-14,P08,Es Teh Manis,190,0
2025-02-14,P09,Es Jeruk,123,0
2025-02-14,P10,Kopi Hitam,103,0
2025-02-14,P11,Teh Anget,82,0
2025-02-14,P12,Jus Alpukat,56,0
2025-02-14,P13,Es Campur,50,0
2025-02-14,P14,Kerupuk,132,0
2025-02-14,P15,Kue Lumpur,33,0
2025-02-14,P16,Pisang Goreng,50,0
2025-02-14,P17,Lemper,43,0
2025-02-14,P18,Serabi,31,0
2025-02-14,P19,Tahu Isi,51,0
2025-02-14,P20,Tempe Goreng,42,0
2025-02-14,P21,Roti Bakar Coklat,36,0
2025-02-14,P22,Telur Dadar,52,0
2025-02-14,P23,Capcay,45,0
2025-02-14,P24,Nasi Goreng Seafood,43,0
2025-02-14,P25,Bakso Urat,60,0
2025-02-15,P01,Nasi Goreng Spesial,117,0
2025-02-15,P02,Mie Goreng Ayam,115,0
2025-02-15,P03,Nasi Kuning,80,0
2025-02-15,P04,Nasi Uduk,66,0
2025-02-15,P05,Mie Ayam Bakso,97,0
2025-02-15,P06,Soto Ayam,71,0
2025-02-15,P07,Ayam Geprek,74,0
2025-02-15,P08,Es Teh Manis,192,0
2025-02-15,P09,Es Jeruk,138,0
2025-02-15,P10,Kopi Hitam,119,0
2025-02-15,P11,Teh Anget,92,0
2025-02-15,P12,Jus Alpukat,54,0
2025-02-15,P13,Es Campur,53,0
2025-02-15,P14,Kerupuk,161,0
2025-02-15,P15,Kue Lumpur,50,0
2025-02-15,P16,Pisang Goreng,71,0
2025-02-15,P17,Lemper,51,0
2025-02-15,P18,Serabi,43,0
2025-02-15,P19,Tahu Isi,70,0
2025-02-15,P20,Tempe Goreng,65,0
2025-02-15,P21,Roti Bakar Coklat,47,0
2025-02-15,P22,Telur Dadar,76,0
2025-02-15,P23,Capcay,65,0
2025-02-15,P24,Nasi Goreng Seafood,48,0
2025-02-15,P25,Bakso Urat,79,0
2025-02-16,P01,Nasi Goreng Spesial,83,0
2025-02-16,P02,Mie Goreng Ayam,67,0
2025-02-16,P03,Nasi Kuning,61,0
2025-02-16,P04,Nasi Uduk,43,0
2025-02-16,P05,Mie Ayam Bakso,66,0
2025-02-16,P06,Soto Ayam,53,0
2025-02-16,P07,Ayam Geprek,63,0
2025-02-16,P08,Es Teh Manis,98,0
2025-02-16,P09,Es Jeruk,58,0
2025-02-16,P10,Kopi Hitam,46,0
2025-02-16,P11,Teh Anget,44,0
2025-02-16,P12,Jus Alpukat,25,0
2025-02-16,P13,Es Campur,22,0
2025-02-16,P14,Kerupuk,112,0
2025-02-16,P15,Kue Lumpur,33,0
2025-02-16,P16,Pisang Goreng,55,0
2025-02-16,P17,Lemper,34,0
2025-02-16,P18,Serabi,27,0
2025-02-16,P19,Tahu Isi,47,0
2025-02-16,P20,Tempe Goreng,42,0
2025-02-16,P21,Roti Bakar Coklat,38,0
2025-02-16,P22,Telur Dadar,54,0
2025-02-16,P23,Capcay,34,0
2025-02-16,P24,Nasi Goreng Seafood,36,0
2025-02-16,P25,Bakso Urat,51,0
2025-02-17,P01,Nasi Goreng Spesial,93,0
2025-02-17,P02,Mie Goreng Ayam,90,0
2025-02-17,P03,Nasi Kuning,66,0
2025-02-17,P04,Nasi Uduk,53,0
2025-02-17,P05,Mie Ayam Bakso,71,0
2025-02-17,P06,Soto Ayam,49,0
2025-02-17,P07,Ayam Geprek,78,0
2025-02-17,P08,Es Teh Manis,181,0
2025-02-17,P09,Es Jeruk,113,0
2025-02-17,P10,Kopi Hitam,99,0
2025-02-17,P11,Teh Anget,71,0
2025-02-17,P12,Jus Alpukat,45,0
2025-02-17,P13,Es Campur,42,0
2025-02-17,P14,Kerupuk,132,0
2025-02-17,P15,Kue Lumpur,37,0
2025-02-17,P16,Pisang Goreng,59,0
2025-02-17,P17,Lemper,42,0
2025-02-17,P18,Serabi,31,0
2025-02-17,P19,Tahu Isi,52,0
2025-02-17,P20,Tempe Goreng,46,0
2025-02-17,P21,Roti Bakar Coklat,37,0
2025-02-17,P22,Telur Dadar,66,0
2025-02-17,P23,Capcay,48,0
2025-02-17,P24,Nasi Goreng Seafood,39,0
2025-02-17,P25,Bakso Urat,54,0
2025-02-18,P01,Nasi Goreng Spesial,70,0
2025-02-18,P02,Mie Goreng Ayam,62,0
2025-02-18,P03,Nasi Kuning,40,0
2025-02-18,P04,Nasi Uduk,33,0
2025-02-18,P05,Mie Ayam Bakso,46,0
2025-02-18,P06,Soto Ayam,37,0
2025-02-18,P07,Ayam Geprek,47,0
2025-02-18,P08,Es Teh Manis,94,0
2025-02-18,P09,Es Jeruk,59,0
2025-02-18,P10,Kopi Hitam,47,0
2025-02-18,P11,Teh Anget,40,0
2025-02-18,P12,Jus Alpukat,27,0
2025-02-18,P13,Es Campur,25,0
2025-02-18,P14,Kerupuk,78,0
2025-02-18,P15,Kue Lumpur,27,0
2025-02-18,P16,Pisang Goreng,37,0
2025-02-18,P17,Lemper,30,0
2025-02-18,P18,Serabi,21,0
2025-02-18,P19,Tahu Isi,42,0
2025-02-18,P20,Tempe Goreng,31,0
2025-02-18,P21,Roti Bakar Coklat,26,0
2025-02-18,P22,Telur Dadar,44,0
2025-02-18,P23,Capcay,28,0
2025-02-18,P24,Nasi Goreng Seafood,27,0
2025-02-18,P25,Bakso Urat,36,0
2025-02-19,P01,Nasi Goreng Spesial,82,0
2025-02-19,P02,Mie Goreng Ayam,91,0
2025-02-19,P03,Nasi Kuning,68,0
2025-02-19,P04,Nasi Uduk,60,0
2025-02-19,P05,Mie Ayam Bakso,74,0
2025-02-19,P06,Soto Ayam,47,0
2025-02-19,P07,Ayam Geprek,68,0
2025-02-19,P08,Es Teh Manis,184,0
2025-02-19,P09,Es Jeruk,113,0
2025-02-19,P10,Kopi Hitam,115,0
2025-02-19,P11,Teh Anget,93,0
2025-02-19,P12,Jus Alpukat,52,0
2025-02-19,P13,Es Campur,42,0
2025-02-19,P14,Kerupuk,113,0
2025-02-19,P15,Kue Lumpur,29,0
2025-02-19,P16,Pisang Goreng,58,0
2025-02-19,P17,Lemper,34,0
2025-02-19,P18,Serabi,30,0
2025-02-19,P19,Tahu Isi,46,0
2025-02-19,P20,Tempe Goreng,39,0
2025-02-19,P21,Roti Bakar Coklat,35,0
2025-02-19,P22,Telur Dadar,56,0
2025-02-19,P23,Capcay,46,0
2025-02-19,P24,Nasi Goreng Seafood,34,0
2025-02-19,P25,Bakso Urat,49,0
2025-02-20,P01,Nasi Goreng Spesial,111,0
2025-02-20,P02,Mie Goreng Ayam,86,0
2025-02-20,P03,Nasi Kuning,69,0
2025-02-20,P04,Nasi Uduk,55,0
2025-02-20,P05,Mie Ayam Bakso,69,0
2025-02-20,P06,Soto Ayam,51,0
2025-02-20,P07,Ayam Geprek,62,0
2025-02-20,P08,Es Teh Manis,186,0
2025-02-20,P09,Es Jeruk,120,0
2025-02-20,P10,Kopi Hitam,96,0
2025-02-20,P11,Teh Anget,87,0
2025-02-20,P12,Jus Alpukat,46,0
2025-02-20,P13,Es Campur,47,0
2025-02-20,P14,Kerupuk,122,0
2025-02-20,P15,Kue Lumpur,40,0
2025-02-20,P16,Pisang Goreng,56,0
2025-02-20,P17,Lemper,44,0
2025-02-20,P18,Serabi,32,0
2025-02-20,P19,Tahu Isi,55,0
2025-02-20,P20,Tempe Goreng,48,0
2025-02-20,P21,Roti Bakar Coklat,32,0
2025-02-20,P22,Telur Dadar,67,0
2025-02-20,P23,Capcay,46,0
2025-02-20,P24,Nasi Goreng Seafood,44,0
2025-02-20,P25,Bakso Urat,60,0
2025-02-21,P01,Nasi Goreng Spesial,109,0
2025-02-21,P02,Mie Goreng Ayam,96,0
2025-02-21,P03,Nasi Kuning,68,0
2025-02-21,P04,Nasi Uduk,54,0
2025-02-21,P05,Mie Ayam Bakso,87,0
2025-02-21,P06,Soto Ayam,58,0
2025-02-21,P07,Ayam Geprek,68,0
2025-02-21,P08,Es Teh Manis,148,0
2025-02-21,P09,Es Jeruk,115,0
2025-02-21,P10,Kopi Hitam,88,0
2025-02-21,P11,Teh Anget,77,0
2025-02-21,P12,Jus Alpukat,48,0
2025-02-21,P13,Es Campur,38,0
2025-02-21,P14,Kerupuk,118,0
2025-02-21,P15,Kue Lumpur,38,0
2025-02-21,P16,Pisang Goreng,56,0
2025-02-21,P17,Lemper,43,0
2025-02-21,P18,Serabi,29,0
2025-02-21,P19,Tahu Isi,52,0
2025-02-21,P20,Tempe Goreng,50,0
2025-02-21,P21,Roti Bakar Coklat,39,0
2025-02-21,P22,Telur Dadar,61,0
2025-02-21,P23,Capcay,44,0
2025-02-21,P24,Nasi Goreng Seafood,43,0
2025-02-21,P25,Bakso Urat,62,0
2025-02-22,P01,Nasi Goreng Spesial,71,0
2025-02-22,P02,Mie Goreng Ayam,62,0
2025-02-22,P03,Nasi Kuning,52,0
2025-02-22,P04,Nasi Uduk,46,0
2025-02-22,P05,Mie Ayam Bakso,52,0
2025-02-22,P06,Soto Ayam,43,0
2025-02-22,P07,Ayam Geprek,54,0
2025-02-22,P08,Es Teh Manis,91,0
2025-02-22,P09,Es Jeruk,70,0
2025-02-22,P10,Kopi Hitam,57,0
2025-02-22,P11,Teh Anget,46,0
2025-02-22,P12,Jus Alpukat,33,0
2025-02-22,P13,Es Campur,20,0
2025-02-22,P14,Kerupuk,95,0
2025-02-22,P15,Kue Lumpur,33,0
2025-02-22,P16,Pisang Goreng,53,0
2025-02-22,P17,Lemper,39,0
2025-02-22,P18,Serabi,27,0
2025-02-22,P19,Tahu Isi,44,0
2025-02-22,P20,Tempe Goreng,43,0
2025-02-22,P21,Roti Bakar Coklat,32,0
2025-02-22,P22,Telur Dadar,59,0
2025-02-22,P23,Capcay,37,0
2025-02-22,P24,Nasi Goreng Seafood,34,0
2025-02-22,P25,Bakso Urat,58,0
2025-02-23,P01,Nasi Goreng Spesial,124,0
2025-02-23,P02,Mie Goreng Ayam,95,0
2025-02-23,P03,Nasi Kuning,74,0
2025-02-23,P04,Nasi Uduk,62,0
2025-02-23,P05,Mie Ayam Bakso,80,0
2025-02-23,P06,Soto Ayam,61,0
2025-02-23,P07,Ayam Geprek,79,0
2025-02-23,P08,Es Teh Manis,202,0
2025-02-23,P09,Es Jeruk,141,0
2025-02-23,P10,Kopi Hitam,113,0
2025-02-23,P11,Teh Anget,103,0
2025-02-23,P12,Jus Alpukat,53,0
2025-02-23,P13,Es Campur,50,0
2025-02-23,P14,Kerupuk,138,0
2025-02-23,P15,Kue Lumpur,46,0
2025-02-23,P16,Pisang Goreng,63,0
2025-02-23,P17,Lemper,52,0
2025-02-23,P18,Serabi,43,0
2025-02-23,P19,Tahu Isi,71,0
2025-02-23,P20,Tempe Goreng,52,0
2025-02-23,P21,Roti Bakar Coklat,46,0
2025-02-23,P22,Telur Dadar,68,0
2025-02-23,P23,Capcay,50,0
2025-02-23,P24,Nasi Goreng Seafood,48,0
2025-02-23,P25,Bakso Urat,72,0
2025-02-24,P01,Nasi Goreng Spesial,94,0
2025-02-24,P02,Mie Goreng Ayam,86,0
2025-02-24,P03,Nasi Kuning,65,0
2025-02-24,P04,Nasi Uduk,53,0
2025-02-24,P05,Mie Ayam Bakso,74,0
2025-02-24,P06,Soto Ayam,45,0
2025-02-24,P07,Ayam Geprek,68,0
2025-02-24,P08,Es Teh Manis,166,0
2025-02-24,P09,Es Jeruk,108,0
2025-02-24,P10,Kopi Hitam,96,0
2025-02-24,P11,Teh Anget,89,0
2025-02-24,P12,Jus Alpukat,49,0
2025-02-24,P13,Es Campur,48,0
2025-02-24,P14,Kerupuk,113,0
2025-02-24,P15,Kue Lumpur,38,0
2025-02-24,P16,Pisang Goreng,52,0
2025-02-24,P17,Lemper,41,0
2025-02-24,P18,Serabi,30,0
2025-02-24,P19,Tahu Isi,53,0
2025-02-24,P20,Tempe Goreng,46,0
2025-02-24,P21,Roti Bakar Coklat,33,0
2025-02-24,P22,Telur Dadar,63,0
2025-02-24,P23,Capcay,50,0
2025-02-24,P24,Nasi Goreng Seafood,37,0
2025-02-24,P25,Bakso Urat,46,0
2025-02-25,P01,Nasi Goreng Spesial,53,0
2025-02-25,P02,Mie Goreng Ayam,28,0
2025-02-25,P03,Nasi Kuning,33,0
2025-02-25,P04,Nasi Uduk,25,0
2025-02-25,P05,Mie Ayam Bakso,41,0
2025-02-25,P06,Soto Ayam,29,0
2025-02-25,P07,Ayam Geprek,41,0
2025-02-25,P08,Es Teh Manis,88,0
2025-02-25,P09,Es Jeruk,48,0
2025-02-25,P10,Kopi Hitam,56,0
2025-02-25,P11,Teh Anget,34,0
2025-02-25,P12,Jus Alpukat,15,0
2025-02-25,P13,Es Campur,15,0
2025-02-25,P14,Kerupuk,69,0
2025-02-25,P15,Kue Lumpur,22,0
2025-02-25,P16,Pisang Goreng,29,0
2025-02-25,P17,Lemper,23,0
2025-02-25,P18,Serabi,17,0
2025-02-25,P19,Tahu Isi,28,0
2025-02-25,P20,Tempe Goreng,30,0
2025-02-25,P21,Roti Bakar Coklat,23,0
2025-02-25,P22,Telur Dadar,40,0
2025-02-25,P23,Capcay,24,0
2025-02-25,P24,Nasi Goreng Seafood,27,0
2025-02-25,P25,Bakso Urat,25,0
2025-02-26,P01,Nasi Goreng Spesial,95,0
2025-02-26,P02,Mie Goreng Ayam,78,0
2025-02-26,P03,Nasi Kuning,58,0
2025-02-26,P04,Nasi Uduk,50,0
2025-02-26,P05,Mie Ayam Bakso,73,0
2025-02-26,P06,Soto Ayam,55,0
2025-02-26,P07,Ayam Geprek,61,0
2025-02-26,P08,Es Teh Manis,183,0
2025-02-26,P09,Es Jeruk,124,0
2025-02-26,P10,Kopi Hitam,99,0
2025-02-26,P11,Teh Anget,73,0
2025-02-26,P12,Jus Alpukat,44,0
2025-02-26,P13,Es Campur,41,0
2025-02-26,P14,Kerupuk,100,0
2025-02-26,P15,Kue Lumpur,39,0
2025-02-26,P16,Pisang Goreng,56,0
2025-02-26,P17,Lemper,40,0
2025-02-26,P18,Serabi,24,0
2025-02-26,P19,Tahu Isi,42,0
2025-02-26,P20,Tempe Goreng,45,0
2025-02-26,P21,Roti Bakar Coklat,40,0
2025-02-26,P22,Telur Dadar,55,0
2025-02-26,P23,Capcay,47,0
2025-02-26,P24,Nasi Goreng Seafood,37,0
2025-02-26,P25,Bakso Urat,54,0
2025-02-27,P01,Nasi Goreng Spesial,83,0
2025-02-27,P02,Mie Goreng Ayam,89,0
2025-02-27,P03,Nasi Kuning,64,0
2025-02-27,P04,Nasi Uduk,56,0
2025-02-27,P05,Mie Ayam Bakso,71,0
2025-02-27,P06,Soto Ayam,55,0
2025-02-27,P07,Ayam Geprek,71,0
2025-02-27,P08,Es Teh Manis,185,0
2025-02-27,P09,Es Jeruk,121,0
2025-02-27,P10,Kopi Hitam,93,0
2025-02-27,P11,Teh Anget,84,0
2025-02-27,P12,Jus Alpukat,50,0
2025-02-27,P13,Es Campur,42,0
2025-02-27,P14,Kerupuk,117,0
2025-02-27,P15,Kue Lumpur,38,0
2025-02-27,P16,Pisang Goreng,62,0
2025-02-27,P17,Lemper,38,0
2025-02-27,P18,Serabi,29,0
2025-02-27,P19,Tahu Isi,51,0
2025-02-27,P20,Tempe Goreng,47,0
2025-02-27,P21,Roti Bakar Coklat,33,0
2025-02-27,P22,Telur Dadar,69,0
2025-02-27,P23,Capcay,46,0
2025-02-27,P24,Nasi Goreng Seafood,41,0
2025-02-27,P25,Bakso Urat,62,0
2025-02-28,P01,Nasi Goreng Spesial,59,0
2025-02-28,P02,Mie Goreng Ayam,56,0
2025-02-28,P03,Nasi Kuning,41,0
2025-02-28,P04,Nasi Uduk,34,0
2025-02-28,P05,Mie Ayam Bakso,34,0
2025-02-28,P06,Soto Ayam,27,0
2025-02-28,P07,Ayam Geprek,48,0
2025-02-28,P08,Es Teh Manis,48,0
2025-02-28,P09,Es Jeruk,35,0
2025-02-28,P10,Kopi Hitam,44,0
2025-02-28,P11,Teh Anget,28,0
2025-02-28,P12,Jus Alpukat,14,0
2025-02-28,P13,Es Campur,21,0
2025-02-28,P14,Kerupuk,78,0
2025-02-28,P15,Kue Lumpur,20,0
2025-02-28,P16,Pisang Goreng,28,0
2025-02-28,P17,Lemper,31,0
2025-02-28,P18,Serabi,18,0
2025-02-28,P19,Tahu Isi,36,0
2025-02-28,P20,Tempe Goreng,30,0
2025-02-28,P21,Roti Bakar Coklat,20,0
2025-02-28,P22,Telur Dadar,33,0
2025-02-28,P23,Capcay,31,0
2025-02-28,P24,Nasi Goreng Seafood,28,0
2025-02-28,P25,Bakso Urat,24,0
2025-03-01,P01,Nasi Goreng Spesial,147,0
2025-03-01,P02,Mie Goreng Ayam,129,0
2025-03-01,P03,Nasi Kuning,82,0
2025-03-01,P04,Nasi Uduk,82,0
2025-03-01,P05,Mie Ayam Bakso,97,0
2025-03-01,P06,Soto Ayam,80,0
2025-03-01,P07,Ayam Geprek,92,0
2025-03-01,P08,Es Teh Manis,228,0
2025-03-01,P09,Es Jeruk,172,0
2025-03-01,P10,Kopi Hitam,145,0
2025-03-01,P11,Teh Anget,113,0
2025-03-01,P12,Jus Alpukat,70,0
2025-03-01,P13,Es Campur,62,0
2025-03-01,P14,Kerupuk,190,0
2025-03-01,P15,Kue Lumpur,53,0
2025-03-01,P16,Pisang Goreng,90,0
2025-03-01,P17,Lemper,66,0
2025-03-01,P18,Serabi,50,0
2025-03-01,P19,Tahu Isi,81,0
2025-03-01,P20,Tempe Goreng,68,0
2025-03-01,P21,Roti Bakar Coklat,58,0
2025-03-01,P22,Telur Dadar,92,0
2025-03-01,P23,Capcay,67,0
2025-03-01,P24,Nasi Goreng Seafood,60,0
2025-03-01,P25,Bakso Urat,81,0
2025-03-02,P01,Nasi Goreng Spesial,148,0
2025-03-02,P02,Mie Goreng Ayam,115,0
2025-03-02,P03,Nasi Kuning,102,0
2025-03-02,P04,Nasi Uduk,90,0
2025-03-02,P05,Mie Ayam Bakso,107,0
2025-03-02,P06,Soto Ayam,77,0
2025-03-02,P07,Ayam Geprek,103,0
2025-03-02,P08,Es Teh Manis,221,0
2025-03-02,P09,Es Jeruk,165,0
2025-03-02,P10,Kopi Hitam,123,0
2025-03-02,P11,Teh Anget,110,0
2025-03-02,P12,Jus Alpukat,62,0
2025-03-02,P13,Es Campur,55,0
2025-03-02,P14,Kerupuk,209,0
2025-03-02,P15,Kue Lumpur,56,0
2025-03-02,P16,Pisang Goreng,89,0
2025-03-02,P17,Lemper,58,0
2025-03-02,P18,Serabi,47,0
2025-03-02,P19,Tahu Isi,82,0
2025-03-02,P20,Tempe Goreng,73,0
2025-03-02,P21,Roti Bakar Coklat,50,0
2025-03-02,P22,Telur Dadar,94,0
2025-03-02,P23,Capcay,71,0
2025-03-02,P24,Nasi Goreng Seafood,65,1
2025-03-02,P25,Bakso Urat,83,0
2025-03-03,P01,Nasi Goreng Spesial,68,0
2025-03-03,P02,Mie Goreng Ayam,55,0
2025-03-03,P03,Nasi Kuning,51,0
2025-03-03,P04,Nasi Uduk,39,0
2025-03-03,P05,Mie Ayam Bakso,54,0
2025-03-03,P06,Soto Ayam,29,0
2025-03-03,P07,Ayam Geprek,47,0
2025-03-03,P08,Es Teh Manis,70,0
2025-03-03,P09,Es Jeruk,58,0
2025-03-03,P10,Kopi Hitam,49,0
2025-03-03,P11,Teh Anget,37,0
2025-03-03,P12,Jus Alpukat,31,0
2025-03-03,P13,Es Campur,24,0
2025-03-03,P14,Kerupuk,96,0
2025-03-03,P15,Kue Lumpur,27,0
2025-03-03,P16,Pisang Goreng,46,0
2025-03-03,P17,Lemper,23,0
2025-03-03,P18,Serabi,24,0
2025-03-03,P19,Tahu Isi,31,0
2025-03-03,P20,Tempe Goreng,30,0
2025-03-03,P21,Roti Bakar Coklat,26,0
2025-03-03,P22,Telur Dadar,46,0
2025-03-03,P23,Capcay,26,0
2025-03-03,P24,Nasi Goreng Seafood,25,0
2025-03-03,P25,Bakso Urat,38,0
2025-03-04,P01,Nasi Goreng Spesial,104,0
2025-03-04,P02,Mie Goreng Ayam,86,0
2025-03-04,P03,Nasi Kuning,64,0
2025-03-04,P04,Nasi Uduk,61,0
2025-03-04,P05,Mie Ayam Bakso,78,0
2025-03-04,P06,Soto Ayam,64,0
2025-03-04,P07,Ayam Geprek,71,0
2025-03-04,P08,Es Teh Manis,214,0
2025-03-04,P09,Es Jeruk,139,0
2025-03-04,P10,Kopi Hitam,114,0
2025-03-04,P11,Teh Anget,88,0
2025-03-04,P12,Jus Alpukat,53,0
2025-03-04,P13,Es Campur,48,0
2025-03-04,P14,Kerupuk,141,0
2025-03-04,P15,Kue Lumpur,43,0
2025-03-04,P16,Pisang Goreng,56,0
2025-03-04,P17,Lemper,44,0
2025-03-04,P18,Serabi,31,0
2025-03-04,P19,Tahu Isi,57,0
2025-03-04,P20,Tempe Goreng,56,0
2025-03-04,P21,Roti Bakar Coklat,39,0
2025-03-04,P22,Telur Dadar,68,0
2025-03-04,P23,Capcay,56,0
2025-03-04,P24,Nasi Goreng Seafood,46,0
2025-03-04,P25,Bakso Urat,59,0
2025-03-05,P01,Nasi Goreng Spesial,106,0
2025-03-05,P02,Mie Goreng Ayam,88,0
2025-03-05,P03,Nasi Kuning,67,0
2025-03-05,P04,Nasi Uduk,58,0
2025-03-05,P05,Mie Ayam Bakso,69,0
2025-03-05,P06,Soto Ayam,59,0
2025-03-05,P07,Ayam Geprek,79,0
2025-03-05,P08,Es Teh Manis,186,0
2025-03-05,P09,Es Jeruk,147,0
2025-03-05,P10,Kopi Hitam,125,0
2025-03-05,P11,Teh Anget,101,0
2025-03-05,P12,Jus Alpukat,57,0
2025-03-05,P13,Es Campur,49,0
2025-03-05,P14,Kerupuk,140,0
2025-03-05,P15,Kue Lumpur,41,0
2025-03-05,P16,Pisang Goreng,64,0
2025-03-05,P17,Lemper,46,0
2025-03-05,P18,Serabi,32,0
2025-03-05,P19,Tahu Isi,60,0
2025-03-05,P20,Tempe Goreng,54,0
2025-03-05,P21,Roti Bakar Coklat,41,0
2025-03-05,P22,Telur Dadar,68,0
2025-03-05,P23,Capcay,57,0
2025-03-05,P24,Nasi Goreng Seafood,43,0
2025-03-05,P25,Bakso Urat,68,0
2025-03-06,P01,Nasi Goreng Spesial,118,0
2025-03-06,P02,Mie Goreng Ayam,88,0
2025-03-06,P03,Nasi Kuning,73,0
2025-03-06,P04,Nasi Uduk,62,0
2025-03-06,P05,Mie Ayam Bakso,96,0
2025-03-06,P06,Soto Ayam,71,0
2025-03-06,P07,Ayam Geprek,75,0
2025-03-06,P08,Es Teh Manis,201,0
2025-03-06,P09,Es Jeruk,127,0
2025-03-06,P10,Kopi Hitam,109,0
2025-03-06,P11,Teh Anget,103,0
2025-03-06,P12,Jus Alpukat,54,0
2025-03-06,P13,Es Campur,48,0
2025-03-06,P14,Kerupuk,140,0
2025-03-06,P15,Kue Lumpur,46,0
2025-03-06,P16,Pisang Goreng,54,0
2025-03-06,P17,Lemper,48,0
2025-03-06,P18,Serabi,37,0
2025-03-06,P19,Tahu Isi,59,0
2025-03-06,P20,Tempe Goreng,59,0
2025-03-06,P21,Roti Bakar Coklat,46,0
2025-03-06,P22,Telur Dadar,68,0
2025-03-06,P23,Capcay,63,0
2025-03-06,P24,Nasi Goreng Seafood,45,0
2025-03-06,P25,Bakso Urat,74,0
2025-03-07,P01,Nasi Goreng Spesial,72,0
2025-03-07,P02,Mie Goreng Ayam,68,0
2025-03-07,P03,Nasi Kuning,51,0
2025-03-07,P04,Nasi Uduk,40,0
2025-03-07,P05,Mie Ayam Bakso,49,0
2025-03-07,P06,Soto Ayam,40,0
2025-03-07,P07,Ayam Geprek,56,0
2025-03-07,P08,Es Teh Manis,84,0
2025-03-07,P09,Es Jeruk,65,0
2025-03-07,P10,Kopi Hitam,63,0
2025-03-07,P11,Teh Anget,49,0
2025-03-07,P12,Jus Alpukat,34,0
2025-03-07,P13,Es Campur,21,0
2025-03-07,P14,Kerupuk,125,0
2025-03-07,P15,Kue Lumpur,25,0
2025-03-07,P16,Pisang Goreng,38,0
2025-03-07,P17,Lemper,34,0
2025-03-07,P18,Serabi,22,0
2025-03-07,P19,Tahu Isi,42,0
2025-03-07,P20,Tempe Goreng,38,0
2025-03-07,P21,Roti Bakar Coklat,29,0
2025-03-07,P22,Telur Dadar,44,0
2025-03-07,P23,Capcay,37,0
2025-03-07,P24,Nasi Goreng Seafood,31,0
2025-03-07,P25,Bakso Urat,49,0
2025-03-08,P01,Nasi Goreng Spesial,152,0
2025-03-08,P02,Mie Goreng Ayam,136,0
2025-03-08,P03,Nasi Kuning,98,0
2025-03-08,P04,Nasi Uduk,89,0
2025-03-08,P05,Mie Ayam Bakso,118,0
2025-03-08,P06,Soto Ayam,88,0
2025-03-08,P07,Ayam Geprek,111,0
2025-03-08,P08,Es Teh Manis,298,1
2025-03-08,P09,Es Jeruk,268,0
2025-03-08,P10,Kopi Hitam,153,1
2025-03-08,P11,Teh Anget,172,0
2025-03-08,P12,Jus Alpukat,99,1
2025-03-08,P13,Es Campur,78,1
2025-03-08,P14,Kerupuk,195,0
2025-03-08,P15,Kue Lumpur,59,0
2025-03-08,P16,Pisang Goreng,105,0
2025-03-08,P17,Lemper,75,0
2025-03-08,P18,Serabi,54,0
2025-03-08,P19,Tahu Isi,88,0
2025-03-08,P20,Tempe Goreng,71,0
2025-03-08,P21,Roti Bakar Coklat,61,0
2025-03-08,P22,Telur Dadar,99,0
2025-03-08,P23,Capcay,73,0
2025-03-08,P24,Nasi Goreng Seafood,68,0
2025-03-08,P25,Bakso Urat,91,0
2025-03-09,P01,Nasi Goreng Spesial,157,0
2025-03-09,P02,Mie Goreng Ayam,119,0
2025-03-09,P03,Nasi Kuning,99,0
2025-03-09,P04,Nasi Uduk,88,0
2025-03-09,P05,Mie Ayam Bakso,107,0
2025-03-09,P06,Soto Ayam,76,0
2025-03-09,P07,Ayam Geprek,101,0
2025-03-09,P08,Es Teh Manis,255,0
2025-03-09,P09,Es Jeruk,171,0
2025-03-09,P10,Kopi Hitam,132,0
2025-03-09,P11,Teh Anget,113,0
2025-03-09,P12,Jus Alpukat,75,0
2025-03-09,P13,Es Campur,61,0
2025-03-09,P14,Kerupuk,201,0
2025-03-09,P15,Kue Lumpur,57,0
2025-03-09,P16,Pisang Goreng,89,0
2025-03-09,P17,Lemper,64,0
2025-03-09,P18,Serabi,50,0
2025-03-09,P19,Tahu Isi,83,0
2025-03-09,P20,Tempe Goreng,73,0
2025-03-09,P21,Roti Bakar Coklat,54,0
2025-03-09,P22,Telur Dadar,94,0
2025-03-09,P23,Capcay,69,0
2025-03-09,P24,Nasi Goreng Seafood,60,0
2025-03-09,P25,Bakso Urat,96,0
2025-03-10,P01,Nasi Goreng Spesial,119,0
2025-03-10,P02,Mie Goreng Ayam,106,0
2025-03-10,P03,Nasi Kuning,70,0
2025-03-10,P04,Nasi Uduk,79,0
2025-03-10,P05,Mie Ayam Bakso,85,0
2025-03-10,P06,Soto Ayam,63,0
2025-03-10,P07,Ayam Geprek,76,0
2025-03-10,P08,Es Teh Manis,171,0
2025-03-10,P09,Es Jeruk,121,0
2025-03-10,P10,Kopi Hitam,99,0
2025-03-10,P11,Teh Anget,85,0
2025-03-10,P12,Jus Alpukat,49,0
2025-03-10,P13,Es Campur,49,0
2025-03-10,P14,Kerupuk,142,0
2025-03-10,P15,Kue Lumpur,41,0
2025-03-10,P16,Pisang Goreng,67,0
2025-03-10,P17,Lemper,53,0
2025-03-10,P18,Serabi,38,0
2025-03-10,P19,Tahu Isi,62,0
2025-03-10,P20,Tempe Goreng,51,0
2025-03-10,P21,Roti Bakar Coklat,40,0
2025-03-10,P22,Telur Dadar,70,0
2025-03-10,P23,Capcay,62,0
2025-03-10,P24,Nasi Goreng Seafood,52,0
2025-03-10,P25,Bakso Urat,66,0
2025-03-11,P01,Nasi Goreng Spesial,75,0
2025-03-11,P02,Mie Goreng Ayam,61,0
2025-03-11,P03,Nasi Kuning,48,0
2025-03-11,P04,Nasi Uduk,45,0
2025-03-11,P05,Mie Ayam Bakso,54,0
2025-03-11,P06,Soto Ayam,42,0
2025-03-11,P07,Ayam Geprek,48,0
2025-03-11,P08,Es Teh Manis,90,0
2025-03-11,P09,Es Jeruk,73,0
2025-03-11,P10,Kopi Hitam,49,0
2025-03-11,P11,Teh Anget,52,0
2025-03-11,P12,Jus Alpukat,28,0
2025-03-11,P13,Es Campur,19,0
2025-03-11,P14,Kerupuk,104,0
2025-03-11,P15,Kue Lumpur,25,0
2025-03-11,P16,Pisang Goreng,50,0
2025-03-11,P17,Lemper,33,0
2025-03-11,P18,Serabi,30,0
2025-03-11,P19,Tahu Isi,47,0
2025-03-11,P20,Tempe Goreng,34,0
2025-03-11,P21,Roti Bakar Coklat,24,0
2025-03-11,P22,Telur Dadar,45,0
2025-03-11,P23,Capcay,32,0
2025-03-11,P24,Nasi Goreng Seafood,38,0
2025-03-11,P25,Bakso Urat,44,0
2025-03-12,P01,Nasi Goreng Spesial,113,0
2025-03-12,P02,Mie Goreng Ayam,106,0
2025-03-12,P03,Nasi Kuning,70,0
2025-03-12,P04,Nasi Uduk,59,0
2025-03-12,P05,Mie Ayam Bakso,76,0
2025-03-12,P06,Soto Ayam,57,0
2025-03-12,P07,Ayam Geprek,71,0
2025-03-12,P08,Es Teh Manis,200,0
2025-03-12,P09,Es Jeruk,151,0
2025-03-12,P10,Kopi Hitam,124,0
2025-03-12,P11,Teh Anget,87,0
2025-03-12,P12,Jus Alpukat,55,0
2025-03-12,P13,Es Campur,50,0
2025-03-12,P14,Kerupuk,146,0
2025-03-12,P15,Kue Lumpur,44,0
2025-03-12,P16,Pisang Goreng,76,0
2025-03-12,P17,Lemper,45,0
2025-03-12,P18,Serabi,34,0
2025-03-12,P19,Tahu Isi,60,0
2025-03-12,P20,Tempe Goreng,50,0
2025-03-12,P21,Roti Bakar Coklat,40,0
2025-03-12,P22,Telur Dadar,66,0
2025-03-12,P23,Capcay,42,0
2025-03-12,P24,Nasi Goreng Seafood,46,0
2025-03-12,P25,Bakso Urat,62,0
2025-03-13,P01,Nasi Goreng Spesial,111,0
2025-03-13,P02,Mie Goreng Ayam,105,0
2025-03-13,P03,Nasi Kuning,69,0
2025-03-13,P04,Nasi Uduk,63,0
2025-03-13,P05,Mie Ayam Bakso,73,0
2025-03-13,P06,Soto Ayam,59,0
2025-03-13,P07,Ayam Geprek,80,0
2025-03-13,P08,Es Teh Manis,203,0
2025-03-13,P09,Es Jeruk,133,0
2025-03-13,P10,Kopi Hitam,115,0
2025-03-13,P11,Teh Anget,94,0
2025-03-13,P12,Jus Alpukat,58,0
2025-03-13,P13,Es Campur,51,0
2025-03-13,P14,Kerupuk,157,0
2025-03-13,P15,Kue Lumpur,40,0
2025-03-13,P16,Pisang Goreng,59,0
2025-03-13,P17,Lemper,49,0
2025-03-13,P18,Serabi,37,0
2025-03-13,P19,Tahu Isi,65,0
2025-03-13,P20,Tempe Goreng,57,0
2025-03-13,P21,Roti Bakar Coklat,46,0
2025-03-13,P22,Telur Dadar,74,0
2025-03-13,P23,Capcay,54,0
2025-03-13,P24,Nasi Goreng Seafood,42,0
2025-03-13,P25,Bakso Urat,66,0
2025-03-14,P01,Nasi Goreng Spesial,132,0
2025-03-14,P02,Mie Goreng Ayam,111,0
2025-03-14,P03,Nasi Kuning,79,0
2025-03-14,P04,Nasi Uduk,72,0
2025-03-14,P05,Mie Ayam Bakso,101,0
2025-03-14,P06,Soto Ayam,54,0
2025-03-14,P07,Ayam Geprek,80,0
2025-03-14,P08,Es Teh Manis,203,0
2025-03-14,P09,Es Jeruk,129,0
2025-03-14,P10,Kopi Hitam,117,0
2025-03-14,P11,Teh Anget,89,0
2025-03-14,P12,Jus Alpukat,54,0
2025-03-14,P13,Es Campur,47,0
2025-03-14,P14,Kerupuk,145,0
2025-03-14,P15,Kue Lumpur,42,0
2025-03-14,P16,Pisang Goreng,70,0
2025-03-14,P17,Lemper,47,0
2025-03-14,P18,Serabi,39,0
2025-03-14,P19,Tahu Isi,65,0
2025-03-14,P20,Tempe Goreng,60,0
2025-03-14,P21,Roti Bakar Coklat,40,0
2025-03-14,P22,Telur Dadar,68,0
2025-03-14,P23,Capcay,57,0
2025-03-14,P24,Nasi Goreng Seafood,60,0
2025-03-14,P25,Bakso Urat,75,0
2025-03-15,P01,Nasi Goreng Spesial,77,0
2025-03-15,P02,Mie Goreng Ayam,67,0
2025-03-15,P03,Nasi Kuning,44,0
2025-03-15,P04,Nasi Uduk,51,0
2025-03-15,P05,Mie Ayam Bakso,54,0
2025-03-15,P06,Soto Ayam,42,0
2025-03-15,P07,Ayam Geprek,59,0
2025-03-15,P08,Es Teh Manis,102,0
2025-03-15,P09,Es Jeruk,47,0
2025-03-15,P10,Kopi Hitam,51,0
2025-03-15,P11,Teh Anget,45,0
2025-03-15,P12,Jus Alpukat,26,0
2025-03-15,P13,Es Campur,27,0
2025-03-15,P14,Kerupuk,104,0
2025-03-15,P15,Kue Lumpur,26,0
2025-03-15,P16,Pisang Goreng,54,0
2025-03-15,P17,Lemper,35,0
2025-03-15,P18,Serabi,23,0
2025-03-15,P19,Tahu Isi,45,0
2025-03-15,P20,Tempe Goreng,46,0
2025-03-15,P21,Roti Bakar Coklat,29,0
2025-03-15,P22,Telur Dadar,63,0
2025-03-15,P23,Capcay,36,0
2025-03-15,P24,Nasi Goreng Seafood,35,0
2025-03-15,P25,Bakso Urat,42,0
2025-03-16,P01,Nasi Goreng Spesial,147,0
2025-03-16,P02,Mie Goreng Ayam,109,0
2025-03-16,P03,Nasi Kuning,96,0
2025-03-16,P04,Nasi Uduk,78,0
2025-03-16,P05,Mie Ayam Bakso,116,0
2025-03-16,P06,Soto Ayam,83,0
2025-03-16,P07,Ayam Geprek,99,0
2025-03-16,P08,Es Teh Manis,179,0
2025-03-16,P09,Es Jeruk,116,0
2025-03-16,P10,Kopi Hitam,98,0
2025-03-16,P11,Teh Anget,74,0
2025-03-16,P12,Jus Alpukat,50,0
2025-03-16,P13,Es Campur,37,0
2025-03-16,P14,Kerupuk,185,0
2025-03-16,P15,Kue Lumpur,58,0
2025-03-16,P16,Pisang Goreng,92,0
2025-03-16,P17,Lemper,68,0
2025-03-16,P18,Serabi,49,0
2025-03-16,P19,Tahu Isi,92,0
2025-03-16,P20,Tempe Goreng,76,0
2025-03-16,P21,Roti Bakar Coklat,59,0
2025-03-16,P22,Telur Dadar,95,0
2025-03-16,P23,Capcay,74,0
2025-03-16,P24,Nasi Goreng Seafood,64,0
2025-03-16,P25,Bakso Urat,88,0
2025-03-17,P01,Nasi Goreng Spesial,91,0
2025-03-17,P02,Mie Goreng Ayam,82,0
2025-03-17,P03,Nasi Kuning,61,0
2025-03-17,P04,Nasi Uduk,70,0
2025-03-17,P05,Mie Ayam Bakso,64,0
2025-03-17,P06,Soto Ayam,50,0
2025-03-17,P07,Ayam Geprek,59,0
2025-03-17,P08,Es Teh Manis,115,0
2025-03-17,P09,Es Jeruk,79,0
2025-03-17,P10,Kopi Hitam,74,0
2025-03-17,P11,Teh Anget,53,0
2025-03-17,P12,Jus Alpukat,33,0
2025-03-17,P13,Es Campur,28,0
2025-03-17,P14,Kerupuk,114,0
2025-03-17,P15,Kue Lumpur,35,0
2025-03-17,P16,Pisang Goreng,57,0
2025-03-17,P17,Lemper,43,0
2025-03-17,P18,Serabi,33,0
2025-03-17,P19,Tahu Isi,52,0
2025-03-17,P20,Tempe Goreng,47,0
2025-03-17,P21,Roti Bakar Coklat,32,0
2025-03-17,P22,Telur Dadar,64,0
2025-03-17,P23,Capcay,43,0
2025-03-17,P24,Nasi Goreng Seafood,43,0
2025-03-17,P25,Bakso Urat,62,0
2025-03-18,P01,Nasi Goreng Spesial,131,0
2025-03-18,P02,Mie Goreng Ayam,99,0
2025-03-18,P03,Nasi Kuning,70,0
2025-03-18,P04,Nasi Uduk,66,0
2025-03-18,P05,Mie Ayam Bakso,88,0
2025-03-18,P06,Soto Ayam,54,0
2025-03-18,P07,Ayam Geprek,76,0
2025-03-18,P08,Es Teh Manis,174,0
2025-03-18,P09,Es Jeruk,98,0
2025-03-18,P10,Kopi Hitam,82,0
2025-03-18,P11,Teh Anget,73,0
2025-03-18,P12,Jus Alpukat,44,0
2025-03-18,P13,Es Campur,37,0
2025-03-18,P14,Kerupuk,155,0
2025-03-18,P15,Kue Lumpur,46,0
2025-03-18,P16,Pisang Goreng,79,0
2025-03-18,P17,Lemper,51,0
2025-03-18,P18,Serabi,38,0
2025-03-18,P19,Tahu Isi,70,0
2025-03-18,P20,Tempe Goreng,56,0
2025-03-18,P21,Roti Bakar Coklat,41,0
2025-03-18,P22,Telur Dadar,74,0
2025-03-18,P23,Capcay,58,0
2025-03-18,P24,Nasi Goreng Seafood,50,0
2025-03-18,P25,Bakso Urat,66,0
2025-03-19,P01,Nasi Goreng Spesial,207,1
2025-03-19,P02,Mie Goreng Ayam,203,1
2025-03-19,P03,Nasi Kuning,136,1
2025-03-19,P04,Nasi Uduk,156,1
2025-03-19,P05,Mie Ayam Bakso,116,1
2025-03-19,P06,Soto Ayam,103,1
2025-03-19,P07,Ayam Geprek,136,1
2025-03-19,P08,Es Teh Manis,332,1
2025-03-19,P09,Es Jeruk,251,1
2025-03-19,P10,Kopi Hitam,243,1
2025-03-19,P11,Teh Anget,153,1
2025-03-19,P12,Jus Alpukat,118,1
2025-03-19,P13,Es Campur,72,1
2025-03-19,P14,Kerupuk,286,1
2025-03-19,P15,Kue Lumpur,74,1
2025-03-19,P16,Pisang Goreng,129,1
2025-03-19,P17,Lemper,70,1
2025-03-19,P18,Serabi,87,1
2025-03-19,P19,Tahu Isi,143,1
2025-03-19,P20,Tempe Goreng,123,1
2025-03-19,P21,Roti Bakar Coklat,99,1
2025-03-19,P22,Telur Dadar,108,1
2025-03-19,P23,Capcay,103,1
2025-03-19,P24,Nasi Goreng Seafood,81,1
2025-03-19,P25,Bakso Urat,155,1
2025-03-20,P01,Nasi Goreng Spesial,141,0
2025-03-20,P02,Mie Goreng Ayam,125,0
2025-03-20,P03,Nasi Kuning,88,0
2025-03-20,P04,Nasi Uduk,82,0
2025-03-20,P05,Mie Ayam Bakso,108,0
2025-03-20,P06,Soto Ayam,68,0
2025-03-20,P07,Ayam Geprek,94,0
2025-03-20,P08,Es Teh Manis,192,0
2025-03-20,P09,Es Jeruk,125,0
2025-03-20,P10,Kopi Hitam,113,0
2025-03-20,P11,Teh Anget,75,0
2025-03-20,P12,Jus Alpukat,45,0
2025-03-20,P13,Es Campur,48,0
2025-03-20,P14,Kerupuk,194,0
2025-03-20,P15,Kue Lumpur,53,0
2025-03-20,P16,Pisang Goreng,87,0
2025-03-20,P17,Lemper,64,0
2025-03-20,P18,Serabi,44,0
2025-03-20,P19,Tahu Isi,74,0
2025-03-20,P20,Tempe Goreng,70,0
2025-03-20,P21,Roti Bakar Coklat,56,0
2025-03-20,P22,Telur Dadar,83,0
2025-03-20,P23,Capcay,66,0
2025-03-20,P24,Nasi Goreng Seafood,58,0
2025-03-20,P25,Bakso Urat,83,0
2025-03-21,P01,Nasi Goreng Spesial,214,1
2025-03-21,P02,Mie Goreng Ayam,160,1
2025-03-21,P03,Nasi Kuning,129,0
2025-03-21,P04,Nasi Uduk,105,1
2025-03-21,P05,Mie Ayam Bakso,160,0
2025-03-21,P06,Soto Ayam,114,0
2025-03-21,P07,Ayam Geprek,142,0
2025-03-21,P08,Es Teh Manis,330,0
2025-03-21,P09,Es Jeruk,205,1
2025-03-21,P10,Kopi Hitam,161,1
2025-03-21,P11,Teh Anget,172,0
2025-03-21,P12,Jus Alpukat,98,0
2025-03-21,P13,Es Campur,66,1
2025-03-21,P14,Kerupuk,271,0
2025-03-21,P15,Kue Lumpur,85,0
2025-03-21,P16,Pisang Goreng,126,0
2025-03-21,P17,Lemper,88,1
2025-03-21,P18,Serabi,68,0
2025-03-21,P19,Tahu Isi,94,1
2025-03-21,P20,Tempe Goreng,83,1
2025-03-21,P21,Roti Bakar Coklat,71,0
2025-03-21,P22,Telur Dadar,143,0
2025-03-21,P23,Capcay,103,1
2025-03-21,P24,Nasi Goreng Seafood,71,1
2025-03-21,P25,Bakso Urat,111,1
2025-03-22,P01,Nasi Goreng Spesial,183,1
2025-03-22,P02,Mie Goreng Ayam,150,1
2025-03-22,P03,Nasi Kuning,127,1
2025-03-22,P04,Nasi Uduk,151,0
2025-03-22,P05,Mie Ayam Bakso,150,1
2025-03-22,P06,Soto Ayam,138,1
2025-03-22,P07,Ayam Geprek,154,1
2025-03-22,P08,Es Teh Manis,259,1
2025-03-22,P09,Es Jeruk,205,1
2025-03-22,P10,Kopi Hitam,227,0
2025-03-22,P11,Teh Anget,183,1
2025-03-22,P12,Jus Alpukat,110,0
2025-03-22,P13,Es Campur,81,1
2025-03-22,P14,Kerupuk,311,1
2025-03-22,P15,Kue Lumpur,93,1
2025-03-22,P16,Pisang Goreng,158,0
2025-03-22,P17,Lemper,65,1
2025-03-22,P18,Serabi,84,0
2025-03-22,P19,Tahu Isi,107,1
2025-03-22,P20,Tempe Goreng,124,1
2025-03-22,P21,Roti Bakar Coklat,82,1
2025-03-22,P22,Telur Dadar,143,1
2025-03-22,P23,Capcay,94,1
2025-03-22,P24,Nasi Goreng Seafood,104,0
2025-03-22,P25,Bakso Urat,108,1
2025-03-23,P01,Nasi Goreng Spesial,96,0
2025-03-23,P02,Mie Goreng Ayam,82,0
2025-03-23,P03,Nasi Kuning,62,0
2025-03-23,P04,Nasi Uduk,55,0
2025-03-23,P05,Mie Ayam Bakso,68,0
2025-03-23,P06,Soto Ayam,56,0
2025-03-23,P07,Ayam Geprek,56,0
2025-03-23,P08,Es Teh Manis,115,0
2025-03-23,P09,Es Jeruk,77,0
2025-03-23,P10,Kopi Hitam,69,0
2025-03-23,P11,Teh Anget,46,0
2025-03-23,P12,Jus Alpukat,31,0
2025-03-23,P13,Es Campur,29,0
2025-03-23,P14,Kerupuk,145,0
2025-03-23,P15,Kue Lumpur,40,0
2025-03-23,P16,Pisang Goreng,56,0
2025-03-23,P17,Lemper,43,0
2025-03-23,P18,Serabi,35,0
2025-03-23,P19,Tahu Isi,51,0
2025-03-23,P20,Tempe Goreng,50,0
2025-03-23,P21,Roti Bakar Coklat,39,0
2025-03-23,P22,Telur Dadar,60,0
2025-03-23,P23,Capcay,56,0
2025-03-23,P24,Nasi Goreng Seafood,40,0
2025-03-23,P25,Bakso Urat,59,0
2025-03-24,P01,Nasi Goreng Spesial,68,0
2025-03-24,P02,Mie Goreng Ayam,55,0
2025-03-24,P03,Nasi Kuning,50,0
2025-03-24,P04,Nasi Uduk,51,0
2025-03-24,P05,Mie Ayam Bakso,58,0
2025-03-24,P06,Soto Ayam,44,0
2025-03-24,P07,Ayam Geprek,58,0
2025-03-24,P08,Es Teh Manis,104,0
2025-03-24,P09,Es Jeruk,62,0
2025-03-24,P10,Kopi Hitam,58,0
2025-03-24,P11,Teh Anget,54,0
2025-03-24,P12,Jus Alpukat,30,0
2025-03-24,P13,Es Campur,27,0
2025-03-24,P14,Kerupuk,99,0
2025-03-24,P15,Kue Lumpur,29,0
2025-03-24,P16,Pisang Goreng,46,0
2025-03-24,P17,Lemper,34,0
2025-03-24,P18,Serabi,28,0
2025-03-24,P19,Tahu Isi,33,0
2025-03-24,P20,Tempe Goreng,38,0
2025-03-24,P21,Roti Bakar Coklat,30,0
2025-03-24,P22,Telur Dadar,42,0
2025-03-24,P23,Capcay,39,0
2025-03-24,P24,Nasi Goreng Seafood,30,0
2025-03-24,P25,Bakso Urat,43,0
2025-03-25,P01,Nasi Goreng Spesial,122,0
2025-03-25,P02,Mie Goreng Ayam,95,0
2025-03-25,P03,Nasi Kuning,77,0
2025-03-25,P04,Nasi Uduk,67,0
2025-03-25,P05,Mie Ayam Bakso,80,0
2025-03-25,P06,Soto Ayam,57,0
2025-03-25,P07,Ayam Geprek,79,0
2025-03-25,P08,Es Teh Manis,207,0
2025-03-25,P09,Es Jeruk,144,0
2025-03-25,P10,Kopi Hitam,109,0
2025-03-25,P11,Teh Anget,93,0
2025-03-25,P12,Jus Alpukat,57,0
2025-03-25,P13,Es Campur,48,0
2025-03-25,P14,Kerupuk,131,0
2025-03-25,P15,Kue Lumpur,39,0
2025-03-25,P16,Pisang Goreng,64,0
2025-03-25,P17,Lemper,49,0
2025-03-25,P18,Serabi,38,0
2025-03-25,P19,Tahu Isi,53,0
2025-03-25,P20,Tempe Goreng,51,0
2025-03-25,P21,Roti Bakar Coklat,40,0
2025-03-25,P22,Telur Dadar,74,0
2025-03-25,P23,Capcay,51,0
2025-03-25,P24,Nasi Goreng Seafood,45,0
2025-03-25,P25,Bakso Urat,58,0
2025-03-26,P01,Nasi Goreng Spesial,78,0
2025-03-26,P02,Mie Goreng Ayam,46,0
2025-03-26,P03,Nasi Kuning,40,0
2025-03-26,P04,Nasi Uduk,35,0
2025-03-26,P05,Mie Ayam Bakso,43,0
2025-03-26,P06,Soto Ayam,32,0
2025-03-26,P07,Ayam Geprek,54,0
2025-03-26,P08,Es Teh Manis,79,0
2025-03-26,P09,Es Jeruk,46,0
2025-03-26,P10,Kopi Hitam,30,0
2025-03-26,P11,Teh Anget,26,0
2025-03-26,P12,Jus Alpukat,19,0
2025-03-26,P13,Es Campur,17,0
2025-03-26,P14,Kerupuk,84,0
2025-03-26,P15,Kue Lumpur,18,0
2025-03-26,P16,Pisang Goreng,39,0
2025-03-26,P17,Lemper,32,0
2025-03-26,P18,Serabi,25,0
2025-03-26,P19,Tahu Isi,28,0
2025-03-26,P20,Tempe Goreng,29,0
2025-03-26,P21,Roti Bakar Coklat,22,0
2025-03-26,P22,Telur Dadar,42,0
2025-03-26,P23,Capcay,26,0
2025-03-26,P24,Nasi Goreng Seafood,33,0
2025-03-26,P25,Bakso Urat,38,0
2025-03-27,P01,Nasi Goreng Spesial,66,0
2025-03-27,P02,Mie Goreng Ayam,59,0
2025-03-27,P03,Nasi Kuning,48,0
2025-03-27,P04,Nasi Uduk,39,0
2025-03-27,P05,Mie Ayam Bakso,55,0
2025-03-27,P06,Soto Ayam,39,0
2025-03-27,P07,Ayam Geprek,60,0
2025-03-27,P08,Es Teh Manis,102,0
2025-03-27,P09,Es Jeruk,78,0
2025-03-27,P10,Kopi Hitam,58,0
2025-03-27,P11,Teh Anget,43,0
2025-03-27,P12,Jus Alpukat,28,0
2025-03-27,P13,Es Campur,27,0
2025-03-27,P14,Kerupuk,115,0
2025-03-27,P15,Kue Lumpur,29,0
2025-03-27,P16,Pisang Goreng,40,0
2025-03-27,P17,Lemper,29,0
2025-03-27,P18,Serabi,25,0
2025-03-27,P19,Tahu Isi,33,0
2025-03-27,P20,Tempe Goreng,45,0
2025-03-27,P21,Roti Bakar Coklat,31,0
2025-03-27,P22,Telur Dadar,46,0
2025-03-27,P23,Capcay,33,0
2025-03-27,P24,Nasi Goreng Seafood,36,0
2025-03-27,P25,Bakso Urat,40,0
2025-03-28,P01,Nasi Goreng Spesial,86,0
2025-03-28,P02,Mie Goreng Ayam,68,0
2025-03-28,P03,Nasi Kuning,55,0
2025-03-28,P04,Nasi Uduk,52,0
2025-03-28,P05,Mie Ayam Bakso,61,0
2025-03-28,P06,Soto Ayam,40,0
2025-03-28,P07,Ayam Geprek,60,0
2025-03-28,P08,Es Teh Manis,102,0
2025-03-28,P09,Es Jeruk,89,0
2025-03-28,P10,Kopi Hitam,56,0
2025-03-28,P11,Teh Anget,49,0
2025-03-28,P12,Jus Alpukat,28,0
2025-03-28,P13,Es Campur,23,0
2025-03-28,P14,Kerupuk,101,0
2025-03-28,P15,Kue Lumpur,31,0
2025-03-28,P16,Pisang Goreng,50,0
2025-03-28,P17,Lemper,38,0
2025-03-28,P18,Serabi,26,0
2025-03-28,P19,Tahu Isi,41,0
2025-03-28,P20,Tempe Goreng,37,0
2025-03-28,P21,Roti Bakar Coklat,26,0
2025-03-28,P22,Telur Dadar,58,0
2025-03-28,P23,Capcay,35,0
2025-03-28,P24,Nasi Goreng Seafood,36,0
2025-03-28,P25,Bakso Urat,47,0
2025-03-29,P01,Nasi Goreng Spesial,137,0
2025-03-29,P02,Mie Goreng Ayam,113,0
2025-03-29,P03,Nasi Kuning,94,0
2025-03-29,P04,Nasi Uduk,88,0
2025-03-29,P05,Mie Ayam Bakso,103,0
2025-03-29,P06,Soto Ayam,82,1
2025-03-29,P07,Ayam Geprek,103,0
2025-03-29,P08,Es Teh Manis,256,0
2025-03-29,P09,Es Jeruk,167,0
2025-03-29,P10,Kopi Hitam,126,0
2025-03-29,P11,Teh Anget,114,0
2025-03-29,P12,Jus Alpukat,69,0
2025-03-29,P13,Es Campur,57,0
2025-03-29,P14,Kerupuk,181,0
2025-03-29,P15,Kue Lumpur,57,0
2025-03-29,P16,Pisang Goreng,85,0
2025-03-29,P17,Lemper,68,0
2025-03-29,P18,Serabi,47,0
2025-03-29,P19,Tahu Isi,88,0
2025-03-29,P20,Tempe Goreng,65,0
2025-03-29,P21,Roti Bakar Coklat,57,0
2025-03-29,P22,Telur Dadar,101,0
2025-03-29,P23,Capcay,67,0
2025-03-29,P24,Nasi Goreng Seafood,62,0
2025-03-29,P25,Bakso Urat,84,0
2025-03-30,P01,Nasi Goreng Spesial,136,0
2025-03-30,P02,Mie Goreng Ayam,103,0
2025-03-30,P03,Nasi Kuning,79,0
2025-03-30,P04,Nasi Uduk,74,0
2025-03-30,P05,Mie Ayam Bakso,86,0
2025-03-30,P06,Soto Ayam,65,0
2025-03-30,P07,Ayam Geprek,94,0
2025-03-30,P08,Es Teh Manis,150,0
2025-03-30,P09,Es Jeruk,97,0
2025-03-30,P10,Kopi Hitam,81,0
2025-03-30,P11,Teh Anget,71,0
2025-03-30,P12,Jus Alpukat,43,0
2025-03-30,P13,Es Campur,34,0
2025-03-30,P14,Kerupuk,197,0
2025-03-30,P15,Kue Lumpur,56,0
2025-03-30,P16,Pisang Goreng,86,0
2025-03-30,P17,Lemper,58,0
2025-03-30,P18,Serabi,43,0
2025-03-30,P19,Tahu Isi,74,0
2025-03-30,P20,Tempe Goreng,68,0
2025-03-30,P21,Roti Bakar Coklat,48,0
2025-03-30,P22,Telur Dadar,83,0
2025-03-30,P23,Capcay,65,0
2025-03-30,P24,Nasi Goreng Seafood,55,0
2025-03-30,P25,Bakso Urat,71,0
2025-03-31,P01,Nasi Goreng Spesial,77,0
2025-03-31,P02,Mie Goreng Ayam,79,0
2025-03-31,P03,Nasi Kuning,57,0
2025-03-31,P04,Nasi Uduk,43,0
2025-03-31,P05,Mie Ayam Bakso,62,0
2025-03-31,P06,Soto Ayam,58,0
2025-03-31,P07,Ayam Geprek,59,0
2025-03-31,P08,Es Teh Manis,108,0
2025-03-31,P09,Es Jeruk,72,0
2025-03-31,P10,Kopi Hitam,79,0
2025-03-31,P11,Teh Anget,60,0
2025-03-31,P12,Jus Alpukat,38,0
2025-03-31,P13,Es Campur,30,0
2025-03-31,P14,Kerupuk,127,0
2025-03-31,P15,Kue Lumpur,31,0
2025-03-31,P16,Pisang Goreng,53,0
2025-03-31,P17,Lemper,39,0
2025-03-31,P18,Serabi,32,0
2025-03-31,P19,Tahu Isi,49,0
2025-03-31,P20,Tempe Goreng,41,0
2025-03-31,P21,Roti Bakar Coklat,33,0
2025-03-31,P22,Telur Dadar,46,0
2025-03-31,P23,Capcay,32,0
2025-03-31,P24,Nasi Goreng Seafood,39,0
2025-03-31,P25,Bakso Urat,48,0
2025-04-01,P01,Nasi Goreng Spesial,83,0
2025-04-01,P02,Mie Goreng Ayam,78,0
2025-04-01,P03,Nasi Kuning,48,0
2025-04-01,P04,Nasi Uduk,48,0
2025-04-01,P05,Mie Ayam Bakso,57,0
2025-04-01,P06,Soto Ayam,43,0
2025-04-01,P07,Ayam Geprek,66,0
2025-04-01,P08,Es Teh Manis,112,0
2025-04-01,P09,Es Jeruk,88,0
2025-04-01,P10,Kopi Hitam,78,0
2025-04-01,P11,Teh Anget,56,0
2025-04-01,P12,Jus Alpukat,37,0
2025-04-01,P13,Es Campur,31,0
2025-04-01,P14,Kerupuk,117,0
2025-04-01,P15,Kue Lumpur,36,0
2025-04-01,P16,Pisang Goreng,61,0
2025-04-01,P17,Lemper,36,0
2025-04-01,P18,Serabi,26,0
2025-04-01,P19,Tahu Isi,44,0
2025-04-01,P20,Tempe Goreng,47,0
2025-04-01,P21,Roti Bakar Coklat,37,0
2025-04-01,P22,Telur Dadar,52,0
2025-04-01,P23,Capcay,33,0
2025-04-01,P24,Nasi Goreng Seafood,34,0
2025-04-01,P25,Bakso Urat,53,0
2025-04-02,P01,Nasi Goreng Spesial,72,0
2025-04-02,P02,Mie Goreng Ayam,63,0
2025-04-02,P03,Nasi Kuning,49,0
2025-04-02,P04,Nasi Uduk,41,0
2025-04-02,P05,Mie Ayam Bakso,54,0
2025-04-02,P06,Soto Ayam,34,0
2025-04-02,P07,Ayam Geprek,43,0
2025-04-02,P08,Es Teh Manis,75,0
2025-04-02,P09,Es Jeruk,70,0
2025-04-02,P10,Kopi Hitam,50,0
2025-04-02,P11,Teh Anget,33,0
2025-04-02,P12,Jus Alpukat,26,0
2025-04-02,P13,Es Campur,19,0
2025-04-02,P14,Kerupuk,112,0
2025-04-02,P15,Kue Lumpur,26,0
2025-04-02,P16,Pisang Goreng,47,0
2025-04-02,P17,Lemper,35,0
2025-04-02,P18,Serabi,21,0
2025-04-02,P19,Tahu Isi,40,0
2025-04-02,P20,Tempe Goreng,38,0
2025-04-02,P21,Roti Bakar Coklat,28,0
2025-04-02,P22,Telur Dadar,48,0
2025-04-02,P23,Capcay,29,0
2025-04-02,P24,Nasi Goreng Seafood,32,0
2025-04-02,P25,Bakso Urat,40,0
2025-04-03,P01,Nasi Goreng Spesial,83,0
2025-04-03,P02,Mie Goreng Ayam,63,0
2025-04-03,P03,Nasi Kuning,44,0
2025-04-03,P04,Nasi Uduk,41,0
2025-04-03,P05,Mie Ayam Bakso,52,0
2025-04-03,P06,Soto Ayam,37,0
2025-04-03,P07,Ayam Geprek,44,0
2025-04-03,P08,Es Teh Manis,85,0
2025-04-03,P09,Es Jeruk,58,0
2025-04-03,P10,Kopi Hitam,44,0
2025-04-03,P11,Teh Anget,42,0
2025-04-03,P12,Jus Alpukat,25,0
2025-04-03,P13,Es Campur,20,0
2025-04-03,P14,Kerupuk,96,0
2025-04-03,P15,Kue Lumpur,34,0
2025-04-03,P16,Pisang Goreng,54,0
2025-04-03,P17,Lemper,29,0
2025-04-03,P18,Serabi,22,0
2025-04-03,P19,Tahu Isi,36,0
2025-04-03,P20,Tempe Goreng,40,0
2025-04-03,P21,Roti Bakar Coklat,27,0
2025-04-03,P22,Telur Dadar,48,0
2025-04-03,P23,Capcay,42,0
2025-04-03,P24,Nasi Goreng Seafood,31,0
2025-04-03,P25,Bakso Urat,46,0
2025-04-04,P01,Nasi Goreng Spesial,88,0
2025-04-04,P02,Mie Goreng Ayam,78,0
2025-04-04,P03,Nasi Kuning,50,0
2025-04-04,P04,Nasi Uduk,52,0
2025-04-04,P05,Mie Ayam Bakso,65,0
2025-04-04,P06,Soto Ayam,46,0
2025-04-04,P07,Ayam Geprek,56,0
2025-04-04,P08,Es Teh Manis,134,0
2025-04-04,P09,Es Jeruk,99,0
2025-04-04,P10,Kopi Hitam,59,0
2025-04-04,P11,Teh Anget,60,0
2025-04-04,P12,Jus Alpukat,23,0
2025-04-04,P13,Es Campur,31,0
2025-04-04,P14,Kerupuk,99,0
2025-04-04,P15,Kue Lumpur,32,0
2025-04-04,P16,Pisang Goreng,47,0
2025-04-04,P17,Lemper,38,0
2025-04-04,P18,Serabi,31,0
2025-04-04,P19,Tahu Isi,41,0
2025-04-04,P20,Tempe Goreng,42,0
2025-04-04,P21,Roti Bakar Coklat,32,0
2025-04-04,P22,Telur Dadar,63,0
2025-04-04,P23,Capcay,43,0
2025-04-04,P24,Nasi Goreng Seafood,33,0
2025-04-04,P25,Bakso Urat,48,0
2025-04-05,P01,Nasi Goreng Spesial,168,0
2025-04-05,P02,Mie Goreng Ayam,127,0
2025-04-05,P03,Nasi Kuning,100,0
2025-04-05,P04,Nasi Uduk,98,0
2025-04-05,P05,Mie Ayam Bakso,113,0
2025-04-05,P06,Soto Ayam,88,0
2025-04-05,P07,Ayam Geprek,113,0
2025-04-05,P08,Es Teh Manis,267,0
2025-04-05,P09,Es Jeruk,178,0
2025-04-05,P10,Kopi Hitam,141,0
2025-04-05,P11,Teh Anget,134,0
2025-04-05,P12,Jus Alpukat,76,0
2025-04-05,P13,Es Campur,67,0
2025-04-05,P14,Kerupuk,206,0
2025-04-05,P15,Kue Lumpur,61,0
2025-04-05,P16,Pisang Goreng,96,0
2025-04-05,P17,Lemper,71,0
2025-04-05,P18,Serabi,54,0
2025-04-05,P19,Tahu Isi,84,0
2025-04-05,P20,Tempe Goreng,73,0
2025-04-05,P21,Roti Bakar Coklat,61,0
2025-04-05,P22,Telur Dadar,92,0
2025-04-05,P23,Capcay,74,0
2025-04-05,P24,Nasi Goreng Seafood,65,0
2025-04-05,P25,Bakso Urat,95,0
2025-04-06,P01,Nasi Goreng Spesial,163,0
2025-04-06,P02,Mie Goreng Ayam,141,0
2025-04-06,P03,Nasi Kuning,106,0
2025-04-06,P04,Nasi Uduk,94,0
2025-04-06,P05,Mie Ayam Bakso,121,0
2025-04-06,P06,Soto Ayam,82,0
2025-04-06,P07,Ayam Geprek,96,0
2025-04-06,P08,Es Teh Manis,282,0
2025-04-06,P09,Es Jeruk,199,0
2025-04-06,P10,Kopi Hitam,158,0
2025-04-06,P11,Teh Anget,131,0
2025-04-06,P12,Jus Alpukat,76,0
2025-04-06,P13,Es Campur,67,0
2025-04-06,P14,Kerupuk,225,0
2025-04-06,P15,Kue Lumpur,65,0
2025-04-06,P16,Pisang Goreng,95,0
2025-04-06,P17,Lemper,70,0
2025-04-06,P18,Serabi,49,0
2025-04-06,P19,Tahu Isi,89,0
2025-04-06,P20,Tempe Goreng,84,0
2025-04-06,P21,Roti Bakar Coklat,56,0
2025-04-06,P22,Telur Dadar,100,0
2025-04-06,P23,Capcay,75,0
2025-04-06,P24,Nasi Goreng Seafood,67,0
2025-04-06,P25,Bakso Urat,97,0
2025-04-07,P01,Nasi Goreng Spesial,120,0
2025-04-07,P02,Mie Goreng Ayam,111,0
2025-04-07,P03,Nasi Kuning,84,0
2025-04-07,P04,Nasi Uduk,85,0
2025-04-07,P05,Mie Ayam Bakso,89,0
2025-04-07,P06,Soto Ayam,72,0
2025-04-07,P07,Ayam Geprek,87,0
2025-04-07,P08,Es Teh Manis,207,0
2025-04-07,P09,Es Jeruk,152,0
2025-04-07,P10,Kopi Hitam,125,0
2025-04-07,P11,Teh Anget,98,0
2025-04-07,P12,Jus Alpukat,64,0
2025-04-07,P13,Es Campur,59,0
2025-04-07,P14,Kerupuk,163,0
2025-04-07,P15,Kue Lumpur,45,0
2025-04-07,P16,Pisang Goreng,73,0
2025-04-07,P17,Lemper,53,0
2025-04-07,P18,Serabi,40,0
2025-04-07,P19,Tahu Isi,71,0
2025-04-07,P20,Tempe Goreng,61,0
2025-04-07,P21,Roti Bakar Coklat,43,0
2025-04-07,P22,Telur Dadar,77,0
2025-04-07,P23,Capcay,61,0
2025-04-07,P24,Nasi Goreng Seafood,57,0
2025-04-07,P25,Bakso Urat,79,0
2025-04-08,P01,Nasi Goreng Spesial,142,0
2025-04-08,P02,Mie Goreng Ayam,108,0
2025-04-08,P03,Nasi Kuning,81,0
2025-04-08,P04,Nasi Uduk,75,0
2025-04-08,P05,Mie Ayam Bakso,97,0
2025-04-08,P06,Soto Ayam,63,0
2025-04-08,P07,Ayam Geprek,88,0
2025-04-08,P08,Es Teh Manis,243,0
2025-04-08,P09,Es Jeruk,167,0
2025-04-08,P10,Kopi Hitam,143,0
2025-04-08,P11,Teh Anget,123,0
2025-04-08,P12,Jus Alpukat,73,0
2025-04-08,P13,Es Campur,63,0
2025-04-08,P14,Kerupuk,167,0
2025-04-08,P15,Kue Lumpur,47,0
2025-04-08,P16,Pisang Goreng,77,0
2025-04-08,P17,Lemper,58,0
2025-04-08,P18,Serabi,44,0
2025-04-08,P19,Tahu Isi,72,0
2025-04-08,P20,Tempe Goreng,62,0
2025-04-08,P21,Roti Bakar Coklat,51,0
2025-04-08,P22,Telur Dadar,89,0
2025-04-08,P23,Capcay,66,0
2025-04-08,P24,Nasi Goreng Seafood,55,0
2025-04-08,P25,Bakso Urat,73,0
2025-04-09,P01,Nasi Goreng Spesial,79,0
2025-04-09,P02,Mie Goreng Ayam,76,0
2025-04-09,P03,Nasi Kuning,50,0
2025-04-09,P04,Nasi Uduk,50,0
2025-04-09,P05,Mie Ayam Bakso,61,0
2025-04-09,P06,Soto Ayam,51,0
2025-04-09,P07,Ayam Geprek,59,0
2025-04-09,P08,Es Teh Manis,116,0
2025-04-09,P09,Es Jeruk,62,0
2025-04-09,P10,Kopi Hitam,63,0
2025-04-09,P11,Teh Anget,44,0
2025-04-09,P12,Jus Alpukat,29,0
2025-04-09,P13,Es Campur,34,0
2025-04-09,P14,Kerupuk,127,0
2025-04-09,P15,Kue Lumpur,34,0
2025-04-09,P16,Pisang Goreng,68,0
2025-04-09,P17,Lemper,36,0
2025-04-09,P18,Serabi,32,0
2025-04-09,P19,Tahu Isi,43,0
2025-04-09,P20,Tempe Goreng,43,0
2025-04-09,P21,Roti Bakar Coklat,30,0
2025-04-09,P22,Telur Dadar,58,0
2025-04-09,P23,Capcay,43,0
2025-04-09,P24,Nasi Goreng Seafood,37,0
2025-04-09,P25,Bakso Urat,57,0
2025-04-10,P01,Nasi Goreng Spesial,72,0
2025-04-10,P02,Mie Goreng Ayam,56,0
2025-04-10,P03,Nasi Kuning,42,0
2025-04-10,P04,Nasi Uduk,43,0
2025-04-10,P05,Mie Ayam Bakso,57,0
2025-04-10,P06,Soto Ayam,33,0
2025-04-10,P07,Ayam Geprek,55,0
2025-04-10,P08,Es Teh Manis,98,0
2025-04-10,P09,Es Jeruk,69,0
2025-04-10,P10,Kopi Hitam,52,0
2025-04-10,P11,Teh Anget,45,0
2025-04-10,P12,Jus Alpukat,32,0
2025-04-10,P13,Es Campur,21,0
2025-04-10,P14,Kerupuk,87,0
2025-04-10,P15,Kue Lumpur,24,0
2025-04-10,P16,Pisang Goreng,52,0
2025-04-10,P17,Lemper,38,0
2025-04-10,P18,Serabi,22,0
2025-04-10,P19,Tahu Isi,37,0
2025-04-10,P20,Tempe Goreng,35,0
2025-04-10,P21,Roti Bakar Coklat,31,0
2025-04-10,P22,Telur Dadar,41,0
2025-04-10,P23,Capcay,28,0
2025-04-10,P24,Nasi Goreng Seafood,38,0
2025-04-10,P25,Bakso Urat,44,0
2025-04-11,P01,Nasi Goreng Spesial,144,0
2025-04-11,P02,Mie Goreng Ayam,130,0
2025-04-11,P03,Nasi Kuning,89,0
2025-04-11,P04,Nasi Uduk,85,0
2025-04-11,P05,Mie Ayam Bakso,108,0
2025-04-11,P06,Soto Ayam,81,0
2025-04-11,P07,Ayam Geprek,99,0
2025-04-11,P08,Es Teh Manis,403,0
2025-04-11,P09,Es Jeruk,201,1
2025-04-11,P10,Kopi Hitam,209,0
2025-04-11,P11,Teh Anget,170,0
2025-04-11,P12,Jus Alpukat,101,1
2025-04-11,P13,Es Campur,100,0
2025-04-11,P14,Kerupuk,191,0
2025-04-11,P15,Kue Lumpur,51,0
2025-04-11,P16,Pisang Goreng,81,0
2025-04-11,P17,Lemper,60,0
2025-04-11,P18,Serabi,49,0
2025-04-11,P19,Tahu Isi,82,0
2025-04-11,P20,Tempe Goreng,71,0
2025-04-11,P21,Roti Bakar Coklat,54,0
2025-04-11,P22,Telur Dadar,98,0
2025-04-11,P23,Capcay,68,0
2025-04-11,P24,Nasi Goreng Seafood,60,0
2025-04-11,P25,Bakso Urat,84,0
2025-04-12,P01,Nasi Goreng Spesial,162,0
2025-04-12,P02,Mie Goreng Ayam,142,0
2025-04-12,P03,Nasi Kuning,112,0
2025-04-12,P04,Nasi Uduk,115,0
2025-04-12,P05,Mie Ayam Bakso,123,0
2025-04-12,P06,Soto Ayam,90,0
2025-04-12,P07,Ayam Geprek,125,0
2025-04-12,P08,Es Teh Manis,405,1
2025-04-12,P09,Es Jeruk,326,1
2025-04-12,P10,Kopi Hitam,226,1
2025-04-12,P11,Teh Anget,206,1
2025-04-12,P12,Jus Alpukat,132,0
2025-04-12,P13,Es Campur,119,0
2025-04-12,P14,Kerupuk,230,0
2025-04-12,P15,Kue Lumpur,71,0
2025-04-12,P16,Pisang Goreng,101,0
2025-04-12,P17,Lemper,77,1
2025-04-12,P18,Serabi,59,0
2025-04-12,P19,Tahu Isi,97,0
2025-04-12,P20,Tempe Goreng,82,0
2025-04-12,P21,Roti Bakar Coklat,66,0
2025-04-12,P22,Telur Dadar,120,0
2025-04-12,P23,Capcay,85,0
2025-04-12,P24,Nasi Goreng Seafood,77,0
2025-04-12,P25,Bakso Urat,101,0
2025-04-13,P01,Nasi Goreng Spesial,194,1
2025-04-13,P02,Mie Goreng Ayam,181,1
2025-04-13,P03,Nasi Kuning,131,1
2025-04-13,P04,Nasi Uduk,141,0
2025-04-13,P05,Mie Ayam Bakso,165,1
2025-04-13,P06,Soto Ayam,129,1
2025-04-13,P07,Ayam Geprek,157,0
2025-04-13,P08,Es Teh Manis,421,0
2025-04-13,P09,Es Jeruk,252,1
2025-04-13,P10,Kopi Hitam,193,1
2025-04-13,P11,Teh Anget,186,0
2025-04-13,P12,Jus Alpukat,104,1
2025-04-13,P13,Es Campur,107,0
2025-04-13,P14,Kerupuk,305,0
2025-04-13,P15,Kue Lumpur,91,1
2025-04-13,P16,Pisang Goreng,119,1
2025-04-13,P17,Lemper,81,1
2025-04-13,P18,Serabi,75,0
2025-04-13,P19,Tahu Isi,128,0
2025-04-13,P20,Tempe Goreng,114,0
2025-04-13,P21,Roti Bakar Coklat,92,0
2025-04-13,P22,Telur Dadar,150,0
2025-04-13,P23,Capcay,113,0
2025-04-13,P24,Nasi Goreng Seafood,98,0
2025-04-13,P25,Bakso Urat,106,1
2025-04-14,P01,Nasi Goreng Spesial,139,0
2025-04-14,P02,Mie Goreng Ayam,112,0
2025-04-14,P03,Nasi Kuning,91,0
2025-04-14,P04,Nasi Uduk,79,0
2025-04-14,P05,Mie Ayam Bakso,107,0
2025-04-14,P06,Soto Ayam,74,0
2025-04-14,P07,Ayam Geprek,93,0
2025-04-14,P08,Es Teh Manis,173,0
2025-04-14,P09,Es Jeruk,119,0
2025-04-14,P10,Kopi Hitam,95,0
2025-04-14,P11,Teh Anget,62,0
2025-04-14,P12,Jus Alpukat,42,0
2025-04-14,P13,Es Campur,45,0
2025-04-14,P14,Kerupuk,166,0
2025-04-14,P15,Kue Lumpur,54,0
2025-04-14,P16,Pisang Goreng,84,0
2025-04-14,P17,Lemper,57,0
2025-04-14,P18,Serabi,39,0
2025-04-14,P19,Tahu Isi,71,0
2025-04-14,P20,Tempe Goreng,74,0
2025-04-14,P21,Roti Bakar Coklat,49,0
2025-04-14,P22,Telur Dadar,82,0
2025-04-14,P23,Capcay,61,0
2025-04-14,P24,Nasi Goreng Seafood,61,0
2025-04-14,P25,Bakso Urat,78,0
2025-04-15,P01,Nasi Goreng Spesial,190,1
2025-04-15,P02,Mie Goreng Ayam,173,0
2025-04-15,P03,Nasi Kuning,127,0
2025-04-15,P04,Nasi Uduk,118,0
2025-04-15,P05,Mie Ayam Bakso,148,0
2025-04-15,P06,Soto Ayam,105,0
2025-04-15,P07,Ayam Geprek,133,0
2025-04-15,P08,Es Teh Manis,377,0
2025-04-15,P09,Es Jeruk,261,0
2025-04-15,P10,Kopi Hitam,205,0
2025-04-15,P11,Teh Anget,170,1
2025-04-15,P12,Jus Alpukat,108,0
2025-04-15,P13,Es Campur,91,0
2025-04-15,P14,Kerupuk,253,0
2025-04-15,P15,Kue Lumpur,72,1
2025-04-15,P16,Pisang Goreng,115,0
2025-04-15,P17,Lemper,81,0
2025-04-15,P18,Serabi,64,0
2025-04-15,P19,Tahu Isi,100,1
2025-04-15,P20,Tempe Goreng,101,0
2025-04-15,P21,Roti Bakar Coklat,76,0
2025-04-15,P22,Telur Dadar,122,0
2025-04-15,P23,Capcay,96,0
2025-04-15,P24,Nasi Goreng Seafood,84,0
2025-04-15,P25,Bakso Urat,120,0
2025-04-16,P01,Nasi Goreng Spesial,177,0
2025-04-16,P02,Mie Goreng Ayam,151,0
2025-04-16,P03,Nasi Kuning,106,0
2025-04-16,P04,Nasi Uduk,103,0
2025-04-16,P05,Mie Ayam Bakso,136,0
2025-04-16,P06,Soto Ayam,90,0
2025-04-16,P07,Ayam Geprek,117,0
2025-04-16,P08,Es Teh Manis,233,0
2025-04-16,P09,Es Jeruk,150,0
2025-04-16,P10,Kopi Hitam,118,0
2025-04-16,P11,Teh Anget,113,0
2025-04-16,P12,Jus Alpukat,62,0
2025-04-16,P13,Es Campur,56,0
2025-04-16,P14,Kerupuk,223,0
2025-04-16,P15,Kue Lumpur,70,0
2025-04-16,P16,Pisang Goreng,108,0
2025-04-16,P17,Lemper,75,0
2025-04-16,P18,Serabi,54,0
2025-04-16,P19,Tahu Isi,94,0
2025-04-16,P20,Tempe Goreng,88,0
2025-04-16,P21,Roti Bakar Coklat,67,0
2025-04-16,P22,Telur Dadar,110,0
2025-04-16,P23,Capcay,83,0
2025-04-16,P24,Nasi Goreng Seafood,75,0
2025-04-16,P25,Bakso Urat,100,0
2025-04-17,P01,Nasi Goreng Spesial,119,0
2025-04-17,P02,Mie Goreng Ayam,103,0
2025-04-17,P03,Nasi Kuning,77,0
2025-04-17,P04,Nasi Uduk,68,0
2025-04-17,P05,Mie Ayam Bakso,91,0
2025-04-17,P06,Soto Ayam,63,0
2025-04-17,P07,Ayam Geprek,90,0
2025-04-17,P08,Es Teh Manis,232,0
2025-04-17,P09,Es Jeruk,142,0
2025-04-17,P10,Kopi Hitam,124,0
2025-04-17,P11,Teh Anget,116,0
2025-04-17,P12,Jus Alpukat,59,0
2025-04-17,P13,Es Campur,57,0
2025-04-17,P14,Kerupuk,162,0
2025-04-17,P15,Kue Lumpur,50,0
2025-04-17,P16,Pisang Goreng,75,0
2025-04-17,P17,Lemper,52,0
2025-04-17,P18,Serabi,40,0
2025-04-17,P19,Tahu Isi,67,0
2025-04-17,P20,Tempe Goreng,60,0
2025-04-17,P21,Roti Bakar Coklat,43,0
2025-04-17,P22,Telur Dadar,86,0
2025-04-17,P23,Capcay,64,0
2025-04-17,P24,Nasi Goreng Seafood,50,0
2025-04-17,P25,Bakso Urat,72,0
2025-04-18,P01,Nasi Goreng Spesial,66,0
2025-04-18,P02,Mie Goreng Ayam,57,0
2025-04-18,P03,Nasi Kuning,44,0
2025-04-18,P04,Nasi Uduk,51,0
2025-04-18,P05,Mie Ayam Bakso,46,0
2025-04-18,P06,Soto Ayam,37,0
2025-04-18,P07,Ayam Geprek,51,0
2025-04-18,P08,Es Teh Manis,90,0
2025-04-18,P09,Es Jeruk,74,0
2025-04-18,P10,Kopi Hitam,50,0
2025-04-18,P11,Teh Anget,42,0
2025-04-18,P12,Jus Alpukat,29,0
2025-04-18,P13,Es Campur,29,0
2025-04-18,P14,Kerupuk,110,0
2025-04-18,P15,Kue Lumpur,27,0
2025-04-18,P16,Pisang Goreng,44,0
2025-04-18,P17,Lemper,32,0
2025-04-18,P18,Serabi,24,0
2025-04-18,P19,Tahu Isi,37,0
2025-04-18,P20,Tempe Goreng,39,0
2025-04-18,P21,Roti Bakar Coklat,28,0
2025-04-18,P22,Telur Dadar,46,0
2025-04-18,P23,Capcay,30,0
2025-04-18,P24,Nasi Goreng Seafood,31,0
2025-04-18,P25,Bakso Urat,34,0
2025-04-19,P01,Nasi Goreng Spesial,79,0
2025-04-19,P02,Mie Goreng Ayam,81,0
2025-04-19,P03,Nasi Kuning,53,0
2025-04-19,P04,Nasi Uduk,52,0
2025-04-19,P05,Mie Ayam Bakso,65,0
2025-04-19,P06,Soto Ayam,45,0
2025-04-19,P07,Ayam Geprek,64,0
2025-04-19,P08,Es Teh Manis,73,0
2025-04-19,P09,Es Jeruk,70,0
2025-04-19,P10,Kopi Hitam,59,0
2025-04-19,P11,Teh Anget,41,0
2025-04-19,P12,Jus Alpukat,35,0
2025-04-19,P13,Es Campur,24,0
2025-04-19,P14,Kerupuk,125,0
2025-04-19,P15,Kue Lumpur,35,0
2025-04-19,P16,Pisang Goreng,58,0
2025-04-19,P17,Lemper,46,0
2025-04-19,P18,Serabi,37,0
2025-04-19,P19,Tahu Isi,56,0
2025-04-19,P20,Tempe Goreng,51,0
2025-04-19,P21,Roti Bakar Coklat,41,0
2025-04-19,P22,Telur Dadar,60,0
2025-04-19,P23,Capcay,50,0
2025-04-19,P24,Nasi Goreng Seafood,42,0
2025-04-19,P25,Bakso Urat,55,0
2025-04-20,P01,Nasi Goreng Spesial,159,0
2025-04-20,P02,Mie Goreng Ayam,130,0
2025-04-20,P03,Nasi Kuning,98,0
2025-04-20,P04,Nasi Uduk,95,0
2025-04-20,P05,Mie Ayam Bakso,122,0
2025-04-20,P06,Soto Ayam,75,0
2025-04-20,P07,Ayam Geprek,109,0
2025-04-20,P08,Es Teh Manis,291,0
2025-04-20,P09,Es Jeruk,194,0
2025-04-20,P10,Kopi Hitam,164,0
2025-04-20,P11,Teh Anget,125,0
2025-04-20,P12,Jus Alpukat,85,1
2025-04-20,P13,Es Campur,73,0
2025-04-20,P14,Kerupuk,199,0
2025-04-20,P15,Kue Lumpur,59,0
2025-04-20,P16,Pisang Goreng,87,0
2025-04-20,P17,Lemper,68,0
2025-04-20,P18,Serabi,50,0
2025-04-20,P19,Tahu Isi,81,0
2025-04-20,P20,Tempe Goreng,80,0
2025-04-20,P21,Roti Bakar Coklat,64,0
2025-04-20,P22,Telur Dadar,98,0
2025-04-20,P23,Capcay,72,0
2025-04-20,P24,Nasi Goreng Seafood,66,0
2025-04-20,P25,Bakso Urat,90,0
2025-04-21,P01,Nasi Goreng Spesial,122,0
2025-04-21,P02,Mie Goreng Ayam,104,0
2025-04-21,P03,Nasi Kuning,71,0
2025-04-21,P04,Nasi Uduk,73,0
2025-04-21,P05,Mie Ayam Bakso,84,0
2025-04-21,P06,Soto Ayam,64,0
2025-04-21,P07,Ayam Geprek,86,0
2025-04-21,P08,Es Teh Manis,254,0
2025-04-21,P09,Es Jeruk,158,0
2025-04-21,P10,Kopi Hitam,145,0
2025-04-21,P11,Teh Anget,118,0
2025-04-21,P12,Jus Alpukat,66,0
2025-04-21,P13,Es Campur,56,0
2025-04-21,P14,Kerupuk,146,0
2025-04-21,P15,Kue Lumpur,47,0
2025-04-21,P16,Pisang Goreng,70,0
2025-04-21,P17,Lemper,57,0
2025-04-21,P18,Serabi,38,0
2025-04-21,P19,Tahu Isi,63,0
2025-04-21,P20,Tempe Goreng,60,0
2025-04-21,P21,Roti Bakar Coklat,44,0
2025-04-21,P22,Telur Dadar,78,0
2025-04-21,P23,Capcay,62,0
2025-04-21,P24,Nasi Goreng Seafood,52,0
2025-04-21,P25,Bakso Urat,72,0
2025-04-22,P01,Nasi Goreng Spesial,99,0
2025-04-22,P02,Mie Goreng Ayam,83,0
2025-04-22,P03,Nasi Kuning,53,0
2025-04-22,P04,Nasi Uduk,51,0
2025-04-22,P05,Mie Ayam Bakso,64,0
2025-04-22,P06,Soto Ayam,48,0
2025-04-22,P07,Ayam Geprek,67,0
2025-04-22,P08,Es Teh Manis,101,0
2025-04-22,P09,Es Jeruk,86,0
2025-04-22,P10,Kopi Hitam,63,0
2025-04-22,P11,Teh Anget,66,0
2025-04-22,P12,Jus Alpukat,32,0
2025-04-22,P13,Es Campur,27,0
2025-04-22,P14,Kerupuk,124,0
2025-04-22,P15,Kue Lumpur,33,0
2025-04-22,P16,Pisang Goreng,46,0
2025-04-22,P17,Lemper,38,0
2025-04-22,P18,Serabi,29,0
2025-04-22,P19,Tahu Isi,43,0
2025-04-22,P20,Tempe Goreng,44,0
2025-04-22,P21,Roti Bakar Coklat,28,0
2025-04-22,P22,Telur Dadar,55,0
2025-04-22,P23,Capcay,43,0
2025-04-22,P24,Nasi Goreng Seafood,38,0
2025-04-22,P25,Bakso Urat,50,0
2025-04-23,P01,Nasi Goreng Spesial,94,0
2025-04-23,P02,Mie Goreng Ayam,70,0
2025-04-23,P03,Nasi Kuning,59,0
2025-04-23,P04,Nasi Uduk,53,0
2025-04-23,P05,Mie Ayam Bakso,65,0
2025-04-23,P06,Soto Ayam,49,0
2025-04-23,P07,Ayam Geprek,53,0
2025-04-23,P08,Es Teh Manis,116,0
2025-04-23,P09,Es Jeruk,74,0
2025-04-23,P10,Kopi Hitam,85,0
2025-04-23,P11,Teh Anget,54,0
2025-04-23,P12,Jus Alpukat,30,0
2025-04-23,P13,Es Campur,24,0
2025-04-23,P14,Kerupuk,130,0
2025-04-23,P15,Kue Lumpur,33,0
2025-04-23,P16,Pisang Goreng,50,0
2025-04-23,P17,Lemper,40,0
2025-04-23,P18,Serabi,31,0
2025-04-23,P19,Tahu Isi,51,0
2025-04-23,P20,Tempe Goreng,44,0
2025-04-23,P21,Roti Bakar Coklat,34,0
2025-04-23,P22,Telur Dadar,57,0
2025-04-23,P23,Capcay,43,0
2025-04-23,P24,Nasi Goreng Seafood,39,0
2025-04-23,P25,Bakso Urat,56,0
2025-04-24,P01,Nasi Goreng Spesial,188,1
2025-04-24,P02,Mie Goreng Ayam,152,0
2025-04-24,P03,Nasi Kuning,123,0
2025-04-24,P04,Nasi Uduk,104,1
2025-04-24,P05,Mie Ayam Bakso,138,0
2025-04-24,P06,Soto Ayam,97,0
2025-04-24,P07,Ayam Geprek,113,0
2025-04-24,P08,Es Teh Manis,351,0
2025-04-24,P09,Es Jeruk,224,1
2025-04-24,P10,Kopi Hitam,208,0
2025-04-24,P11,Teh Anget,160,0
2025-04-24,P12,Jus Alpukat,102,0
2025-04-24,P13,Es Campur,87,0
2025-04-24,P14,Kerupuk,242,0
2025-04-24,P15,Kue Lumpur,69,0
2025-04-24,P16,Pisang Goreng,103,1
2025-04-24,P17,Lemper,83,0
2025-04-24,P18,Serabi,61,0
2025-04-24,P19,Tahu Isi,103,0
2025-04-24,P20,Tempe Goreng,88,0
2025-04-24,P21,Roti Bakar Coklat,74,1
2025-04-24,P22,Telur Dadar,111,0
2025-04-24,P23,Capcay,86,0
2025-04-24,P24,Nasi Goreng Seafood,81,0
2025-04-24,P25,Bakso Urat,111,0
2025-04-25,P01,Nasi Goreng Spesial,199,1
2025-04-25,P02,Mie Goreng Ayam,172,0
2025-04-25,P03,Nasi Kuning,122,1
2025-04-25,P04,Nasi Uduk,119,1
2025-04-25,P05,Mie Ayam Bakso,142,0
2025-04-25,P06,Soto Ayam,105,0
2025-04-25,P07,Ayam Geprek,137,0
2025-04-25,P08,Es Teh Manis,371,0
2025-04-25,P09,Es Jeruk,230,0
2025-04-25,P10,Kopi Hitam,176,1
2025-04-25,P11,Teh Anget,157,0
2025-04-25,P12,Jus Alpukat,88,1
2025-04-25,P13,Es Campur,88,0
2025-04-25,P14,Kerupuk,277,0
2025-04-25,P15,Kue Lumpur,78,0
2025-04-25,P16,Pisang Goreng,118,0
2025-04-25,P17,Lemper,82,0
2025-04-25,P18,Serabi,59,1
2025-04-25,P19,Tahu Isi,105,0
2025-04-25,P20,Tempe Goreng,93,0
2025-04-25,P21,Roti Bakar Coklat,73,0
2025-04-25,P22,Telur Dadar,123,1
2025-04-25,P23,Capcay,92,1
2025-04-25,P24,Nasi Goreng Seafood,85,0
2025-04-25,P25,Bakso Urat,120,1
2025-04-26,P01,Nasi Goreng Spesial,221,1
2025-04-26,P02,Mie Goreng Ayam,214,0
2025-04-26,P03,Nasi Kuning,145,1
2025-04-26,P04,Nasi Uduk,116,1
2025-04-26,P05,Mie Ayam Bakso,188,0
2025-04-26,P06,Soto Ayam,131,0
2025-04-26,P07,Ayam Geprek,172,0
2025-04-26,P08,Es Teh Manis,380,1
2025-04-26,P09,Es Jeruk,289,1
2025-04-26,P10,Kopi Hitam,243,0
2025-04-26,P11,Teh Anget,143,1
2025-04-26,P12,Jus Alpukat,87,1
2025-04-26,P13,Es Campur,96,1
2025-04-26,P14,Kerupuk,260,1
2025-04-26,P15,Kue Lumpur,84,1
2025-04-26,P16,Pisang Goreng,108,1
2025-04-26,P17,Lemper,107,0
2025-04-26,P18,Serabi,82,0
2025-04-26,P19,Tahu Isi,140,0
2025-04-26,P20,Tempe Goreng,123,0
2025-04-26,P21,Roti Bakar Coklat,85,1
2025-04-26,P22,Telur Dadar,161,0
2025-04-26,P23,Capcay,119,0
2025-04-26,P24,Nasi Goreng Seafood,102,0
2025-04-26,P25,Bakso Urat,118,1
2025-04-27,P01,Nasi Goreng Spesial,204,0
2025-04-27,P02,Mie Goreng Ayam,168,0
2025-04-27,P03,Nasi Kuning,130,1
2025-04-27,P04,Nasi Uduk,124,0
2025-04-27,P05,Mie Ayam Bakso,143,0
2025-04-27,P06,Soto Ayam,103,0
2025-04-27,P07,Ayam Geprek,145,0
2025-04-27,P08,Es Teh Manis,359,0
2025-04-27,P09,Es Jeruk,263,0
2025-04-27,P10,Kopi Hitam,203,1
2025-04-27,P11,Teh Anget,172,0
2025-04-27,P12,Jus Alpukat,98,0
2025-04-27,P13,Es Campur,92,0
2025-04-27,P14,Kerupuk,263,0
2025-04-27,P15,Kue Lumpur,83,0
2025-04-27,P16,Pisang Goreng,119,1
2025-04-27,P17,Lemper,89,0
2025-04-27,P18,Serabi,70,0
2025-04-27,P19,Tahu Isi,101,1
2025-04-27,P20,Tempe Goreng,102,0
2025-04-27,P21,Roti Bakar Coklat,81,0
2025-04-27,P22,Telur Dadar,121,1
2025-04-27,P23,Capcay,87,1
2025-04-27,P24,Nasi Goreng Seafood,83,0
2025-04-27,P25,Bakso Urat,120,0
2025-04-28,P01,Nasi Goreng Spesial,133,0
2025-04-28,P02,Mie Goreng Ayam,112,0
2025-04-28,P03,Nasi Kuning,90,0
2025-04-28,P04,Nasi Uduk,80,0
2025-04-28,P05,Mie Ayam Bakso,102,0
2025-04-28,P06,Soto Ayam,74,0
2025-04-28,P07,Ayam Geprek,91,0
2025-04-28,P08,Es Teh Manis,242,0
2025-04-28,P09,Es Jeruk,154,0
2025-04-28,P10,Kopi Hitam,120,0
2025-04-28,P11,Teh Anget,103,0
2025-04-28,P12,Jus Alpukat,67,0
2025-04-28,P13,Es Campur,54,0
2025-04-28,P14,Kerupuk,180,0
2025-04-28,P15,Kue Lumpur,48,0
2025-04-28,P16,Pisang Goreng,75,0
2025-04-28,P17,Lemper,59,0
2025-04-28,P18,Serabi,40,0
2025-04-28,P19,Tahu Isi,74,0
2025-04-28,P20,Tempe Goreng,65,0
2025-04-28,P21,Roti Bakar Coklat,47,0
2025-04-28,P22,Telur Dadar,86,0
2025-04-28,P23,Capcay,63,0
2025-04-28,P24,Nasi Goreng Seafood,59,0
2025-04-28,P25,Bakso Urat,88,0
2025-04-29,P01,Nasi Goreng Spesial,123,0
2025-04-29,P02,Mie Goreng Ayam,95,0
2025-04-29,P03,Nasi Kuning,72,0
2025-04-29,P04,Nasi Uduk,58,0
2025-04-29,P05,Mie Ayam Bakso,79,0
2025-04-29,P06,Soto Ayam,63,0
2025-04-29,P07,Ayam Geprek,78,0
2025-04-29,P08,Es Teh Manis,185,0
2025-04-29,P09,Es Jeruk,125,0
2025-04-29,P10,Kopi Hitam,117,0
2025-04-29,P11,Teh Anget,82,0
2025-04-29,P12,Jus Alpukat,56,0
2025-04-29,P13,Es Campur,45,0
2025-04-29,P14,Kerupuk,157,0
2025-04-29,P15,Kue Lumpur,37,0
2025-04-29,P16,Pisang Goreng,65,0
2025-04-29,P17,Lemper,45,0
2025-04-29,P18,Serabi,35,0
2025-04-29,P19,Tahu Isi,63,0
2025-04-29,P20,Tempe Goreng,54,0
2025-04-29,P21,Roti Bakar Coklat,44,0
2025-04-29,P22,Telur Dadar,68,0
2025-04-29,P23,Capcay,51,0
2025-04-29,P24,Nasi Goreng Seafood,48,0
2025-04-29,P25,Bakso Urat,65,0
2025-04-30,P01,Nasi Goreng Spesial,65,0
2025-04-30,P02,Mie Goreng Ayam,61,0
2025-04-30,P03,Nasi Kuning,41,0
2025-04-30,P04,Nasi Uduk,44,0
2025-04-30,P05,Mie Ayam Bakso,52,0
2025-04-30,P06,Soto Ayam,40,0
2025-04-30,P07,Ayam Geprek,52,0
2025-04-30,P08,Es Teh Manis,96,0
2025-04-30,P09,Es Jeruk,67,0
2025-04-30,P10,Kopi Hitam,49,0
2025-04-30,P11,Teh Anget,44,0
2025-04-30,P12,Jus Alpukat,26,0
2025-04-30,P13,Es Campur,15,0
2025-04-30,P14,Kerupuk,103,0
2025-04-30,P15,Kue Lumpur,28,0
2025-04-30,P16,Pisang Goreng,47,0
2025-04-30,P17,Lemper,28,0
2025-04-30,P18,Serabi,23,0
2025-04-30,P19,Tahu Isi,36,0
2025-04-30,P20,Tempe Goreng,39,0
2025-04-30,P21,Roti Bakar Coklat,24,0
2025-04-30,P22,Telur Dadar,42,0
2025-04-30,P23,Capcay,37,0
2025-04-30,P24,Nasi Goreng Seafood,29,0
2025-04-30,P25,Bakso Urat,39,0
2025-05-01,P01,Nasi Goreng Spesial,76,0
2025-05-01,P02,Mie Goreng Ayam,58,0
2025-05-01,P03,Nasi Kuning,46,0
2025-05-01,P04,Nasi Uduk,48,0
2025-05-01,P05,Mie Ayam Bakso,51,0
2025-05-01,P06,Soto Ayam,35,0
2025-05-01,P07,Ayam Geprek,51,0
2025-05-01,P08,Es Teh Manis,68,0
2025-05-01,P09,Es Jeruk,41,0
2025-05-01,P10,Kopi Hitam,43,0
2025-05-01,P11,Teh Anget,47,0
2025-05-01,P12,Jus Alpukat,23,0
2025-05-01,P13,Es Campur,21,0
2025-05-01,P14,Kerupuk,80,0
2025-05-01,P15,Kue Lumpur,30,0
2025-05-01,P16,Pisang Goreng,46,0
2025-05-01,P17,Lemper,31,0
2025-05-01,P18,Serabi,25,0
2025-05-01,P19,Tahu Isi,42,0
2025-05-01,P20,Tempe Goreng,34,0
2025-05-01,P21,Roti Bakar Coklat,30,0
2025-05-01,P22,Telur Dadar,53,0
2025-05-01,P23,Capcay,34,0
2025-05-01,P24,Nasi Goreng Seafood,28,0
2025-05-01,P25,Bakso Urat,42,0
2025-05-02,P01,Nasi Goreng Spesial,96,0
2025-05-02,P02,Mie Goreng Ayam,67,0
2025-05-02,P03,Nasi Kuning,47,0
2025-05-02,P04,Nasi Uduk,40,0
2025-05-02,P05,Mie Ayam Bakso,48,0
2025-05-02,P06,Soto Ayam,42,0
2025-05-02,P07,Ayam Geprek,55,0
2025-05-02,P08,Es Teh Manis,98,0
2025-05-02,P09,Es Jeruk,82,0
2025-05-02,P10,Kopi Hitam,58,0
2025-05-02,P11,Teh Anget,53,0
2025-05-02,P12,Jus Alpukat,30,0
2025-05-02,P13,Es Campur,25,0
2025-05-02,P14,Kerupuk,91,0
2025-05-02,P15,Kue Lumpur,28,0
2025-05-02,P16,Pisang Goreng,49,0
2025-05-02,P17,Lemper,31,0
2025-05-02,P18,Serabi,26,0
2025-05-02,P19,Tahu Isi,37,0
2025-05-02,P20,Tempe Goreng,40,0
2025-05-02,P21,Roti Bakar Coklat,30,0
2025-05-02,P22,Telur Dadar,42,0
2025-05-02,P23,Capcay,35,0
2025-05-02,P24,Nasi Goreng Seafood,34,0
2025-05-02,P25,Bakso Urat,38,0
2025-05-03,P01,Nasi Goreng Spesial,85,0
2025-05-03,P02,Mie Goreng Ayam,92,0
2025-05-03,P03,Nasi Kuning,56,0
2025-05-03,P04,Nasi Uduk,59,0
2025-05-03,P05,Mie Ayam Bakso,70,0
2025-05-03,P06,Soto Ayam,50,0
2025-05-03,P07,Ayam Geprek,65,0
2025-05-03,P08,Es Teh Manis,119,0
2025-05-03,P09,Es Jeruk,83,0
2025-05-03,P10,Kopi Hitam,73,0
2025-05-03,P11,Teh Anget,62,0
2025-05-03,P12,Jus Alpukat,33,0
2025-05-03,P13,Es Campur,34,0
2025-05-03,P14,Kerupuk,133,0
2025-05-03,P15,Kue Lumpur,41,0
2025-05-03,P16,Pisang Goreng,62,0
2025-05-03,P17,Lemper,42,0
2025-05-03,P18,Serabi,33,0
2025-05-03,P19,Tahu Isi,57,0
2025-05-03,P20,Tempe Goreng,49,0
2025-05-03,P21,Roti Bakar Coklat,39,0
2025-05-03,P22,Telur Dadar,65,0
2025-05-03,P23,Capcay,45,0
2025-05-03,P24,Nasi Goreng Seafood,31,0
2025-05-03,P25,Bakso Urat,63,0
2025-05-04,P01,Nasi Goreng Spesial,110,0
2025-05-04,P02,Mie Goreng Ayam,80,0
2025-05-04,P03,Nasi Kuning,64,0
2025-05-04,P04,Nasi Uduk,60,0
2025-05-04,P05,Mie Ayam Bakso,71,0
2025-05-04,P06,Soto Ayam,56,0
2025-05-04,P07,Ayam Geprek,73,0
2025-05-04,P08,Es Teh Manis,131,0
2025-05-04,P09,Es Jeruk,82,0
2025-05-04,P10,Kopi Hitam,80,0
2025-05-04,P11,Teh Anget,49,0
2025-05-04,P12,Jus Alpukat,39,0
2025-05-04,P13,Es Campur,30,0
2025-05-04,P14,Kerupuk,145,0
2025-05-04,P15,Kue Lumpur,37,0
2025-05-04,P16,Pisang Goreng,64,0
2025-05-04,P17,Lemper,48,0
2025-05-04,P18,Serabi,30,0
2025-05-04,P19,Tahu Isi,54,0
2025-05-04,P20,Tempe Goreng,42,0
2025-05-04,P21,Roti Bakar Coklat,38,0
2025-05-04,P22,Telur Dadar,58,0
2025-05-04,P23,Capcay,45,0
2025-05-04,P24,Nasi Goreng Seafood,50,0
2025-05-04,P25,Bakso Urat,64,0
2025-05-05,P01,Nasi Goreng Spesial,93,0
2025-05-05,P02,Mie Goreng Ayam,67,0
2025-05-05,P03,Nasi Kuning,46,0
2025-05-05,P04,Nasi Uduk,41,0
2025-05-05,P05,Mie Ayam Bakso,55,0
2025-05-05,P06,Soto Ayam,33,0
2025-05-05,P07,Ayam Geprek,50,0
2025-05-05,P08,Es Teh Manis,94,0
2025-05-05,P09,Es Jeruk,57,0
2025-05-05,P10,Kopi Hitam,60,0
2025-05-05,P11,Teh Anget,44,0
2025-05-05,P12,Jus Alpukat,25,0
2025-05-05,P13,Es Campur,23,0
2025-05-05,P14,Kerupuk,105,0
2025-05-05,P15,Kue Lumpur,29,0
2025-05-05,P16,Pisang Goreng,43,0
2025-05-05,P17,Lemper,34,0
2025-05-05,P18,Serabi,25,0
2025-05-05,P19,Tahu Isi,37,0
2025-05-05,P20,Tempe Goreng,37,0
2025-05-05,P21,Roti Bakar Coklat,31,0
2025-05-05,P22,Telur Dadar,51,0
2025-05-05,P23,Capcay,35,0
2025-05-05,P24,Nasi Goreng Seafood,34,0
2025-05-05,P25,Bakso Urat,40,0
2025-05-06,P01,Nasi Goreng Spesial,75,0
2025-05-06,P02,Mie Goreng Ayam,70,0
2025-05-06,P03,Nasi Kuning,44,0
2025-05-06,P04,Nasi Uduk,44,0
2025-05-06,P05,Mie Ayam Bakso,56,0
2025-05-06,P06,Soto Ayam,36,0
2025-05-06,P07,Ayam Geprek,45,0
2025-05-06,P08,Es Teh Manis,93,0
2025-05-06,P09,Es Jeruk,70,0
2025-05-06,P10,Kopi Hitam,51,0
2025-05-06,P11,Teh Anget,45,0
2025-05-06,P12,Jus Alpukat,21,0
2025-05-06,P13,Es Campur,23,0
2025-05-06,P14,Kerupuk,111,0
2025-05-06,P15,Kue Lumpur,31,0
2025-05-06,P16,Pisang Goreng,46,0
2025-05-06,P17,Lemper,34,0
2025-05-06,P18,Serabi,23,0
2025-05-06,P19,Tahu Isi,48,0
2025-05-06,P20,Tempe Goreng,45,0
2025-05-06,P21,Roti Bakar Coklat,30,0
2025-05-06,P22,Telur Dadar,61,0
2025-05-06,P23,Capcay,33,0
2025-05-06,P24,Nasi Goreng Seafood,28,0
2025-05-06,P25,Bakso Urat,41,0
2025-05-07,P01,Nasi Goreng Spesial,103,0
2025-05-07,P02,Mie Goreng Ayam,92,0
2025-05-07,P03,Nasi Kuning,70,0
2025-05-07,P04,Nasi Uduk,62,0
2025-05-07,P05,Mie Ayam Bakso,71,0
2025-05-07,P06,Soto Ayam,55,0
2025-05-07,P07,Ayam Geprek,79,0
2025-05-07,P08,Es Teh Manis,189,0
2025-05-07,P09,Es Jeruk,129,0
2025-05-07,P10,Kopi Hitam,101,0
2025-05-07,P11,Teh Anget,86,0
2025-05-07,P12,Jus Alpukat,59,0
2025-05-07,P13,Es Campur,44,0
2025-05-07,P14,Kerupuk,146,0
2025-05-07,P15,Kue Lumpur,40,0
2025-05-07,P16,Pisang Goreng,64,0
2025-05-07,P17,Lemper,44,0
2025-05-07,P18,Serabi,33,0
2025-05-07,P19,Tahu Isi,57,0
2025-05-07,P20,Tempe Goreng,50,0
2025-05-07,P21,Roti Bakar Coklat,41,0
2025-05-07,P22,Telur Dadar,72,0
2025-05-07,P23,Capcay,60,0
2025-05-07,P24,Nasi Goreng Seafood,47,0
2025-05-07,P25,Bakso Urat,55,0
2025-05-08,P01,Nasi Goreng Spesial,107,0
2025-05-08,P02,Mie Goreng Ayam,85,0
2025-05-08,P03,Nasi Kuning,61,0
2025-05-08,P04,Nasi Uduk,59,0
2025-05-08,P05,Mie Ayam Bakso,86,0
2025-05-08,P06,Soto Ayam,59,0
2025-05-08,P07,Ayam Geprek,68,0
2025-05-08,P08,Es Teh Manis,203,0
2025-05-08,P09,Es Jeruk,149,0
2025-05-08,P10,Kopi Hitam,112,0
2025-05-08,P11,Teh Anget,97,0
2025-05-08,P12,Jus Alpukat,59,0
2025-05-08,P13,Es Campur,53,0
2025-05-08,P14,Kerupuk,140,0
2025-05-08,P15,Kue Lumpur,38,0
2025-05-08,P16,Pisang Goreng,60,0
2025-05-08,P17,Lemper,42,0
2025-05-08,P18,Serabi,30,0
2025-05-08,P19,Tahu Isi,56,0
2025-05-08,P20,Tempe Goreng,54,0
2025-05-08,P21,Roti Bakar Coklat,36,0
2025-05-08,P22,Telur Dadar,69,0
2025-05-08,P23,Capcay,53,0
2025-05-08,P24,Nasi Goreng Seafood,39,0
2025-05-08,P25,Bakso Urat,60,0
2025-05-09,P01,Nasi Goreng Spesial,70,0
2025-05-09,P02,Mie Goreng Ayam,52,0
2025-05-09,P03,Nasi Kuning,42,0
2025-05-09,P04,Nasi Uduk,54,0
2025-05-09,P05,Mie Ayam Bakso,54,0
2025-05-09,P06,Soto Ayam,49,0
2025-05-09,P07,Ayam Geprek,55,0
2025-05-09,P08,Es Teh Manis,93,0
2025-05-09,P09,Es Jeruk,51,0
2025-05-09,P10,Kopi Hitam,53,0
2025-05-09,P11,Teh Anget,55,0
2025-05-09,P12,Jus Alpukat,32,0
2025-05-09,P13,Es Campur,24,0
2025-05-09,P14,Kerupuk,91,0
2025-05-09,P15,Kue Lumpur,27,0
2025-05-09,P16,Pisang Goreng,43,0
2025-05-09,P17,Lemper,38,0
2025-05-09,P18,Serabi,29,0
2025-05-09,P19,Tahu Isi,43,0
2025-05-09,P20,Tempe Goreng,37,0
2025-05-09,P21,Roti Bakar Coklat,34,0
2025-05-09,P22,Telur Dadar,45,0
2025-05-09,P23,Capcay,37,0
2025-05-09,P24,Nasi Goreng Seafood,34,0
2025-05-09,P25,Bakso Urat,41,0
2025-05-10,P01,Nasi Goreng Spesial,144,0
2025-05-10,P02,Mie Goreng Ayam,113,0
2025-05-10,P03,Nasi Kuning,81,0
2025-05-10,P04,Nasi Uduk,75,0
2025-05-10,P05,Mie Ayam Bakso,83,0
2025-05-10,P06,Soto Ayam,67,0
2025-05-10,P07,Ayam Geprek,98,0
2025-05-10,P08,Es Teh Manis,235,0
2025-05-10,P09,Es Jeruk,162,0
2025-05-10,P10,Kopi Hitam,119,0
2025-05-10,P11,Teh Anget,103,0
2025-05-10,P12,Jus Alpukat,72,0
2025-05-10,P13,Es Campur,62,0
2025-05-10,P14,Kerupuk,167,0
2025-05-10,P15,Kue Lumpur,50,0
2025-05-10,P16,Pisang Goreng,82,0
2025-05-10,P17,Lemper,56,0
2025-05-10,P18,Serabi,40,0
2025-05-10,P19,Tahu Isi,74,0
2025-05-10,P20,Tempe Goreng,69,0
2025-05-10,P21,Roti Bakar Coklat,54,0
2025-05-10,P22,Telur Dadar,90,0
2025-05-10,P23,Capcay,58,0
2025-05-10,P24,Nasi Goreng Seafood,57,0
2025-05-10,P25,Bakso Urat,77,0
2025-05-11,P01,Nasi Goreng Spesial,133,0
2025-05-11,P02,Mie Goreng Ayam,129,0
2025-05-11,P03,Nasi Kuning,93,0
2025-05-11,P04,Nasi Uduk,82,0
2025-05-11,P05,Mie Ayam Bakso,101,0
2025-05-11,P06,Soto Ayam,71,0
2025-05-11,P07,Ayam Geprek,100,0
2025-05-11,P08,Es Teh Manis,241,0
2025-05-11,P09,Es Jeruk,182,0
2025-05-11,P10,Kopi Hitam,137,0
2025-05-11,P11,Teh Anget,115,0
2025-05-11,P12,Jus Alpukat,64,0
2025-05-11,P13,Es Campur,60,0
2025-05-11,P14,Kerupuk,191,0
2025-05-11,P15,Kue Lumpur,54,0
2025-05-11,P16,Pisang Goreng,84,0
2025-05-11,P17,Lemper,64,0
2025-05-11,P18,Serabi,51,0
2025-05-11,P19,Tahu Isi,79,0
2025-05-11,P20,Tempe Goreng,75,0
2025-05-11,P21,Roti Bakar Coklat,57,0
2025-05-11,P22,Telur Dadar,96,0
2025-05-11,P23,Capcay,66,0
2025-05-11,P24,Nasi Goreng Seafood,60,0
2025-05-11,P25,Bakso Urat,82,0
2025-05-12,P01,Nasi Goreng Spesial,146,0
2025-05-12,P02,Mie Goreng Ayam,130,0
2025-05-12,P03,Nasi Kuning,95,1
2025-05-12,P04,Nasi Uduk,88,0
2025-05-12,P05,Mie Ayam Bakso,123,0
2025-05-12,P06,Soto Ayam,72,0
2025-05-12,P07,Ayam Geprek,98,0
2025-05-12,P08,Es Teh Manis,265,0
2025-05-12,P09,Es Jeruk,204,0
2025-05-12,P10,Kopi Hitam,148,1
2025-05-12,P11,Teh Anget,133,0
2025-05-12,P12,Jus Alpukat,72,0
2025-05-12,P13,Es Campur,65,0
2025-05-12,P14,Kerupuk,181,0
2025-05-12,P15,Kue Lumpur,53,0
2025-05-12,P16,Pisang Goreng,93,0
2025-05-12,P17,Lemper,62,0
2025-05-12,P18,Serabi,47,0
2025-05-12,P19,Tahu Isi,82,0
2025-05-12,P20,Tempe Goreng,65,0
2025-05-12,P21,Roti Bakar Coklat,55,0
2025-05-12,P22,Telur Dadar,89,0
2025-05-12,P23,Capcay,70,0
2025-05-12,P24,Nasi Goreng Seafood,61,0
2025-05-12,P25,Bakso Urat,84,0
2025-05-13,P01,Nasi Goreng Spesial,72,0
2025-05-13,P02,Mie Goreng Ayam,66,0
2025-05-13,P03,Nasi Kuning,57,0
2025-05-13,P04,Nasi Uduk,42,0
2025-05-13,P05,Mie Ayam Bakso,66,0
2025-05-13,P06,Soto Ayam,46,0
2025-05-13,P07,Ayam Geprek,68,0
2025-05-13,P08,Es Teh Manis,112,0
2025-05-13,P09,Es Jeruk,71,0
2025-05-13,P10,Kopi Hitam,65,0
2025-05-13,P11,Teh Anget,49,0
2025-05-13,P12,Jus Alpukat,26,0
2025-05-13,P13,Es Campur,21,0
2025-05-13,P14,Kerupuk,104,0
2025-05-13,P15,Kue Lumpur,31,0
2025-05-13,P16,Pisang Goreng,51,0
2025-05-13,P17,Lemper,29,0
2025-05-13,P18,Serabi,26,0
2025-05-13,P19,Tahu Isi,45,0
2025-05-13,P20,Tempe Goreng,43,0
2025-05-13,P21,Roti Bakar Coklat,36,0
2025-05-13,P22,Telur Dadar,54,0
2025-05-13,P23,Capcay,37,0
2025-05-13,P24,Nasi Goreng Seafood,30,0
2025-05-13,P25,Bakso Urat,52,0
2025-05-14,P01,Nasi Goreng Spesial,81,0
2025-05-14,P02,Mie Goreng Ayam,62,0
2025-05-14,P03,Nasi Kuning,43,0
2025-05-14,P04,Nasi Uduk,48,0
2025-05-14,P05,Mie Ayam Bakso,50,0
2025-05-14,P06,Soto Ayam,49,0
2025-05-14,P07,Ayam Geprek,49,0
2025-05-14,P08,Es Teh Manis,125,0
2025-05-14,P09,Es Jeruk,69,0
2025-05-14,P10,Kopi Hitam,69,0
2025-05-14,P11,Teh Anget,44,0
2025-05-14,P12,Jus Alpukat,29,0
2025-05-14,P13,Es Campur,28,0
2025-05-14,P14,Kerupuk,107,0
2025-05-14,P15,Kue Lumpur,32,0
2025-05-14,P16,Pisang Goreng,44,0
2025-05-14,P17,Lemper,33,0
2025-05-14,P18,Serabi,28,0
2025-05-14,P19,Tahu Isi,39,0
2025-05-14,P20,Tempe Goreng,39,0
2025-05-14,P21,Roti Bakar Coklat,28,0
2025-05-14,P22,Telur Dadar,49,0
2025-05-14,P23,Capcay,36,0
2025-05-14,P24,Nasi Goreng Seafood,29,0
2025-05-14,P25,Bakso Urat,43,0
2025-05-15,P01,Nasi Goreng Spesial,104,0
2025-05-15,P02,Mie Goreng Ayam,92,0
2025-05-15,P03,Nasi Kuning,71,0
2025-05-15,P04,Nasi Uduk,65,0
2025-05-15,P05,Mie Ayam Bakso,85,0
2025-05-15,P06,Soto Ayam,65,0
2025-05-15,P07,Ayam Geprek,86,0
2025-05-15,P08,Es Teh Manis,229,0
2025-05-15,P09,Es Jeruk,125,0
2025-05-15,P10,Kopi Hitam,108,0
2025-05-15,P11,Teh Anget,99,0
2025-05-15,P12,Jus Alpukat,55,0
2025-05-15,P13,Es Campur,53,0
2025-05-15,P14,Kerupuk,148,0
2025-05-15,P15,Kue Lumpur,47,0
2025-05-15,P16,Pisang Goreng,71,0
2025-05-15,P17,Lemper,52,0
2025-05-15,P18,Serabi,35,0
2025-05-15,P19,Tahu Isi,60,0
2025-05-15,P20,Tempe Goreng,53,0
2025-05-15,P21,Roti Bakar Coklat,38,0
2025-05-15,P22,Telur Dadar,80,0
2025-05-15,P23,Capcay,57,0
2025-05-15,P24,Nasi Goreng Seafood,47,0
2025-05-15,P25,Bakso Urat,73,0
2025-05-16,P01,Nasi Goreng Spesial,88,0
2025-05-16,P02,Mie Goreng Ayam,69,0
2025-05-16,P03,Nasi Kuning,44,0
2025-05-16,P04,Nasi Uduk,43,0
2025-05-16,P05,Mie Ayam Bakso,54,0
2025-05-16,P06,Soto Ayam,42,0
2025-05-16,P07,Ayam Geprek,52,0
2025-05-16,P08,Es Teh Manis,80,0
2025-05-16,P09,Es Jeruk,53,0
2025-05-16,P10,Kopi Hitam,57,0
2025-05-16,P11,Teh Anget,46,0
2025-05-16,P12,Jus Alpukat,27,0
2025-05-16,P13,Es Campur,24,0
2025-05-16,P14,Kerupuk,96,0
2025-05-16,P15,Kue Lumpur,30,0
2025-05-16,P16,Pisang Goreng,58,0
2025-05-16,P17,Lemper,37,0
2025-05-16,P18,Serabi,24,0
2025-05-16,P19,Tahu Isi,40,0
2025-05-16,P20,Tempe Goreng,28,0
2025-05-16,P21,Roti Bakar Coklat,32,0
2025-05-16,P22,Telur Dadar,53,0
2025-05-16,P23,Capcay,35,0
2025-05-16,P24,Nasi Goreng Seafood,28,0
2025-05-16,P25,Bakso Urat,40,0
2025-05-17,P01,Nasi Goreng Spesial,131,0
2025-05-17,P02,Mie Goreng Ayam,123,0
2025-05-17,P03,Nasi Kuning,91,0
2025-05-17,P04,Nasi Uduk,78,0
2025-05-17,P05,Mie Ayam Bakso,105,0
2025-05-17,P06,Soto Ayam,75,0
2025-05-17,P07,Ayam Geprek,109,0
2025-05-17,P08,Es Teh Manis,247,0
2025-05-17,P09,Es Jeruk,177,0
2025-05-17,P10,Kopi Hitam,136,0
2025-05-17,P11,Teh Anget,103,0
2025-05-17,P12,Jus Alpukat,71,0
2025-05-17,P13,Es Campur,59,0
2025-05-17,P14,Kerupuk,187,0
2025-05-17,P15,Kue Lumpur,52,0
2025-05-17,P16,Pisang Goreng,87,0
2025-05-17,P17,Lemper,66,0
2025-05-17,P18,Serabi,49,0
2025-05-17,P19,Tahu Isi,85,0
2025-05-17,P20,Tempe Goreng,77,0
2025-05-17,P21,Roti Bakar Coklat,49,0
2025-05-17,P22,Telur Dadar,86,0
2025-05-17,P23,Capcay,62,0
2025-05-17,P24,Nasi Goreng Seafood,62,1
2025-05-17,P25,Bakso Urat,81,0
2025-05-18,P01,Nasi Goreng Spesial,99,0
2025-05-18,P02,Mie Goreng Ayam,88,0
2025-05-18,P03,Nasi Kuning,50,0
2025-05-18,P04,Nasi Uduk,58,0
2025-05-18,P05,Mie Ayam Bakso,76,0
2025-05-18,P06,Soto Ayam,47,0
2025-05-18,P07,Ayam Geprek,78,0
2025-05-18,P08,Es Teh Manis,127,0
2025-05-18,P09,Es Jeruk,66,0
2025-05-18,P10,Kopi Hitam,73,0
2025-05-18,P11,Teh Anget,54,0
2025-05-18,P12,Jus Alpukat,39,0
2025-05-18,P13,Es Campur,33,0
2025-05-18,P14,Kerupuk,125,0
2025-05-18,P15,Kue Lumpur,42,0
2025-05-18,P16,Pisang Goreng,64,0
2025-05-18,P17,Lemper,41,0
2025-05-18,P18,Serabi,32,0
2025-05-18,P19,Tahu Isi,56,0
2025-05-18,P20,Tempe Goreng,47,0
2025-05-18,P21,Roti Bakar Coklat,37,0
2025-05-18,P22,Telur Dadar,60,0
2025-05-18,P23,Capcay,41,0
2025-05-18,P24,Nasi Goreng Seafood,32,0
2025-05-18,P25,Bakso Urat,56,0
2025-05-19,P01,Nasi Goreng Spesial,83,0
2025-05-19,P02,Mie Goreng Ayam,52,0
2025-05-19,P03,Nasi Kuning,52,0
2025-05-19,P04,Nasi Uduk,43,0
2025-05-19,P05,Mie Ayam Bakso,63,0
2025-05-19,P06,Soto Ayam,43,0
2025-05-19,P07,Ayam Geprek,44,0
2025-05-19,P08,Es Teh Manis,98,0
2025-05-19,P09,Es Jeruk,67,0
2025-05-19,P10,Kopi Hitam,56,0
2025-05-19,P11,Teh Anget,47,0
2025-05-19,P12,Jus Alpukat,32,0
2025-05-19,P13,Es Campur,25,0
2025-05-19,P14,Kerupuk,102,0
2025-05-19,P15,Kue Lumpur,33,0
2025-05-19,P16,Pisang Goreng,56,0
2025-05-19,P17,Lemper,37,0
2025-05-19,P18,Serabi,26,0
2025-05-19,P19,Tahu Isi,44,0
2025-05-19,P20,Tempe Goreng,39,0
2025-05-19,P21,Roti Bakar Coklat,29,0
2025-05-19,P22,Telur Dadar,60,0
2025-05-19,P23,Capcay,34,0
2025-05-19,P24,Nasi Goreng Seafood,36,0
2025-05-19,P25,Bakso Urat,45,0
2025-05-20,P01,Nasi Goreng Spesial,120,0
2025-05-20,P02,Mie Goreng Ayam,95,0
2025-05-20,P03,Nasi Kuning,69,0
2025-05-20,P04,Nasi Uduk,65,0
2025-05-20,P05,Mie Ayam Bakso,81,0
2025-05-20,P06,Soto Ayam,60,0
2025-05-20,P07,Ayam Geprek,76,0
2025-05-20,P08,Es Teh Manis,134,0
2025-05-20,P09,Es Jeruk,77,0
2025-05-20,P10,Kopi Hitam,81,0
2025-05-20,P11,Teh Anget,62,0
2025-05-20,P12,Jus Alpukat,41,0
2025-05-20,P13,Es Campur,36,0
2025-05-20,P14,Kerupuk,149,0
2025-05-20,P15,Kue Lumpur,47,0
2025-05-20,P16,Pisang Goreng,70,0
2025-05-20,P17,Lemper,51,0
2025-05-20,P18,Serabi,37,0
2025-05-20,P19,Tahu Isi,70,0
2025-05-20,P20,Tempe Goreng,54,0
2025-05-20,P21,Roti Bakar Coklat,43,0
2025-05-20,P22,Telur Dadar,64,0
2025-05-20,P23,Capcay,55,0
2025-05-20,P24,Nasi Goreng Seafood,44,0
2025-05-20,P25,Bakso Urat,62,0
2025-05-21,P01,Nasi Goreng Spesial,64,0
2025-05-21,P02,Mie Goreng Ayam,68,0
2025-05-21,P03,Nasi Kuning,49,0
2025-05-21,P04,Nasi Uduk,44,0
2025-05-21,P05,Mie Ayam Bakso,58,0
2025-05-21,P06,Soto Ayam,38,0
2025-05-21,P07,Ayam Geprek,49,0
2025-05-21,P08,Es Teh Manis,99,0
2025-05-21,P09,Es Jeruk,66,0
2025-05-21,P10,Kopi Hitam,73,0
2025-05-21,P11,Teh Anget,53,0
2025-05-21,P12,Jus Alpukat,25,0
2025-05-21,P13,Es Campur,32,0
2025-05-21,P14,Kerupuk,97,0
2025-05-21,P15,Kue Lumpur,29,0
2025-05-21,P16,Pisang Goreng,50,0
2025-05-21,P17,Lemper,27,0
2025-05-21,P18,Serabi,24,0
2025-05-21,P19,Tahu Isi,39,0
2025-05-21,P20,Tempe Goreng,38,0
2025-05-21,P21,Roti Bakar Coklat,30,0
2025-05-21,P22,Telur Dadar,48,0
2025-05-21,P23,Capcay,35,0
2025-05-21,P24,Nasi Goreng Seafood,35,0
2025-05-21,P25,Bakso Urat,45,0
2025-05-22,P01,Nasi Goreng Spesial,86,0
2025-05-22,P02,Mie Goreng Ayam,75,0
2025-05-22,P03,Nasi Kuning,45,0
2025-05-22,P04,Nasi Uduk,49,0
2025-05-22,P05,Mie Ayam Bakso,59,0
2025-05-22,P06,Soto Ayam,44,0
2025-05-22,P07,Ayam Geprek,52,0
2025-05-22,P08,Es Teh Manis,99,0
2025-05-22,P09,Es Jeruk,78,0
2025-05-22,P10,Kopi Hitam,64,0
2025-05-22,P11,Teh Anget,57,0
2025-05-22,P12,Jus Alpukat,29,0
2025-05-22,P13,Es Campur,25,0
2025-05-22,P14,Kerupuk,77,0
2025-05-22,P15,Kue Lumpur,25,0
2025-05-22,P16,Pisang Goreng,44,0
2025-05-22,P17,Lemper,30,0
2025-05-22,P18,Serabi,27,0
2025-05-22,P19,Tahu Isi,37,0
2025-05-22,P20,Tempe Goreng,36,0
2025-05-22,P21,Roti Bakar Coklat,28,0
2025-05-22,P22,Telur Dadar,54,0
2025-05-22,P23,Capcay,34,0
2025-05-22,P24,Nasi Goreng Seafood,33,0
2025-05-22,P25,Bakso Urat,45,0
2025-05-23,P01,Nasi Goreng Spesial,97,0
2025-05-23,P02,Mie Goreng Ayam,77,0
2025-05-23,P03,Nasi Kuning,66,0
2025-05-23,P04,Nasi Uduk,55,0
2025-05-23,P05,Mie Ayam Bakso,77,0
2025-05-23,P06,Soto Ayam,60,0
2025-05-23,P07,Ayam Geprek,82,0
2025-05-23,P08,Es Teh Manis,218,0
2025-05-23,P09,Es Jeruk,158,0
2025-05-23,P10,Kopi Hitam,125,0
2025-05-23,P11,Teh Anget,99,0
2025-05-23,P12,Jus Alpukat,54,0
2025-05-23,P13,Es Campur,59,0
2025-05-23,P14,Kerupuk,127,0
2025-05-23,P15,Kue Lumpur,43,0
2025-05-23,P16,Pisang Goreng,65,0
2025-05-23,P17,Lemper,42,0
2025-05-23,P18,Serabi,35,0
2025-05-23,P19,Tahu Isi,65,0
2025-05-23,P20,Tempe Goreng,56,0
2025-05-23,P21,Roti Bakar Coklat,38,0
2025-05-23,P22,Telur Dadar,63,0
2025-05-23,P23,Capcay,50,0
2025-05-23,P24,Nasi Goreng Seafood,44,0
2025-05-23,P25,Bakso Urat,66,0
2025-05-24,P01,Nasi Goreng Spesial,146,0
2025-05-24,P02,Mie Goreng Ayam,133,0
2025-05-24,P03,Nasi Kuning,87,0
2025-05-24,P04,Nasi Uduk,81,0
2025-05-24,P05,Mie Ayam Bakso,108,0
2025-05-24,P06,Soto Ayam,78,0
2025-05-24,P07,Ayam Geprek,102,0
2025-05-24,P08,Es Teh Manis,240,0
2025-05-24,P09,Es Jeruk,168,0
2025-05-24,P10,Kopi Hitam,142,0
2025-05-24,P11,Teh Anget,125,0
2025-05-24,P12,Jus Alpukat,69,0
2025-05-24,P13,Es Campur,62,0
2025-05-24,P14,Kerupuk,179,0
2025-05-24,P15,Kue Lumpur,60,0
2025-05-24,P16,Pisang Goreng,87,0
2025-05-24,P17,Lemper,66,0
2025-05-24,P18,Serabi,47,0
2025-05-24,P19,Tahu Isi,79,0
2025-05-24,P20,Tempe Goreng,65,0
2025-05-24,P21,Roti Bakar Coklat,49,0
2025-05-24,P22,Telur Dadar,97,0
2025-05-24,P23,Capcay,68,0
2025-05-24,P24,Nasi Goreng Seafood,61,0
2025-05-24,P25,Bakso Urat,78,0
2025-05-25,P01,Nasi Goreng Spesial,140,0
2025-05-25,P02,Mie Goreng Ayam,122,0
2025-05-25,P03,Nasi Kuning,91,0
2025-05-25,P04,Nasi Uduk,78,0
2025-05-25,P05,Mie Ayam Bakso,106,0
2025-05-25,P06,Soto Ayam,72,0
2025-05-25,P07,Ayam Geprek,103,0
2025-05-25,P08,Es Teh Manis,256,0
2025-05-25,P09,Es Jeruk,161,0
2025-05-25,P10,Kopi Hitam,150,1
2025-05-25,P11,Teh Anget,100,0
2025-05-25,P12,Jus Alpukat,70,0
2025-05-25,P13,Es Campur,58,0
2025-05-25,P14,Kerupuk,198,0
2025-05-25,P15,Kue Lumpur,53,0
2025-05-25,P16,Pisang Goreng,79,0
2025-05-25,P17,Lemper,59,0
2025-05-25,P18,Serabi,43,0
2025-05-25,P19,Tahu Isi,73,0
2025-05-25,P20,Tempe Goreng,66,0
2025-05-25,P21,Roti Bakar Coklat,50,0
2025-05-25,P22,Telur Dadar,87,0
2025-05-25,P23,Capcay,66,0
2025-05-25,P24,Nasi Goreng Seafood,54,0
2025-05-25,P25,Bakso Urat,71,0
2025-05-26,P01,Nasi Goreng Spesial,59,0
2025-05-26,P02,Mie Goreng Ayam,72,0
2025-05-26,P03,Nasi Kuning,44,0
2025-05-26,P04,Nasi Uduk,49,0
2025-05-26,P05,Mie Ayam Bakso,51,0
2025-05-26,P06,Soto Ayam,40,0
2025-05-26,P07,Ayam Geprek,48,0
2025-05-26,P08,Es Teh Manis,97,0
2025-05-26,P09,Es Jeruk,85,0
2025-05-26,P10,Kopi Hitam,55,0
2025-05-26,P11,Teh Anget,59,0
2025-05-26,P12,Jus Alpukat,26,0
2025-05-26,P13,Es Campur,29,0
2025-05-26,P14,Kerupuk,86,0
2025-05-26,P15,Kue Lumpur,28,0
2025-05-26,P16,Pisang Goreng,44,0
2025-05-26,P17,Lemper,38,0
2025-05-26,P18,Serabi,25,0
2025-05-26,P19,Tahu Isi,34,0
2025-05-26,P20,Tempe Goreng,33,0
2025-05-26,P21,Roti Bakar Coklat,26,0
2025-05-26,P22,Telur Dadar,53,0
2025-05-26,P23,Capcay,39,0
2025-05-26,P24,Nasi Goreng Seafood,31,0
2025-05-26,P25,Bakso Urat,42,0
2025-05-27,P01,Nasi Goreng Spesial,68,0
2025-05-27,P02,Mie Goreng Ayam,62,0
2025-05-27,P03,Nasi Kuning,47,0
2025-05-27,P04,Nasi Uduk,39,0
2025-05-27,P05,Mie Ayam Bakso,45,0
2025-05-27,P06,Soto Ayam,27,0
2025-05-27,P07,Ayam Geprek,44,0
2025-05-27,P08,Es Teh Manis,96,0
2025-05-27,P09,Es Jeruk,60,0
2025-05-27,P10,Kopi Hitam,21,0
2025-05-27,P11,Teh Anget,44,0
2025-05-27,P12,Jus Alpukat,26,0
2025-05-27,P13,Es Campur,19,0
2025-05-27,P14,Kerupuk,93,0
2025-05-27,P15,Kue Lumpur,26,0
2025-05-27,P16,Pisang Goreng,35,0
2025-05-27,P17,Lemper,32,0
2025-05-27,P18,Serabi,17,0
2025-05-27,P19,Tahu Isi,34,0
2025-05-27,P20,Tempe Goreng,30,0
2025-05-27,P21,Roti Bakar Coklat,22,0
2025-05-27,P22,Telur Dadar,41,0
2025-05-27,P23,Capcay,34,0
2025-05-27,P24,Nasi Goreng Seafood,30,0
2025-05-27,P25,Bakso Urat,40,0
2025-05-28,P01,Nasi Goreng Spesial,156,1
2025-05-28,P02,Mie Goreng Ayam,160,0
2025-05-28,P03,Nasi Kuning,117,0
2025-05-28,P04,Nasi Uduk,89,1
2025-05-28,P05,Mie Ayam Bakso,140,0
2025-05-28,P06,Soto Ayam,93,0
2025-05-28,P07,Ayam Geprek,124,0
2025-05-28,P08,Es Teh Manis,364,0
2025-05-28,P09,Es Jeruk,233,0
2025-05-28,P10,Kopi Hitam,172,1
2025-05-28,P11,Teh Anget,130,1
2025-05-28,P12,Jus Alpukat,99,0
2025-05-28,P13,Es Campur,87,0
2025-05-28,P14,Kerupuk,216,0
2025-05-28,P15,Kue Lumpur,67,0
2025-05-28,P16,Pisang Goreng,105,0
2025-05-28,P17,Lemper,80,0
2025-05-28,P18,Serabi,62,0
2025-05-28,P19,Tahu Isi,97,0
2025-05-28,P20,Tempe Goreng,83,0
2025-05-28,P21,Roti Bakar Coklat,68,0
2025-05-28,P22,Telur Dadar,113,0
2025-05-28,P23,Capcay,84,0
2025-05-28,P24,Nasi Goreng Seafood,72,0
2025-05-28,P25,Bakso Urat,101,0
2025-05-29,P01,Nasi Goreng Spesial,105,0
2025-05-29,P02,Mie Goreng Ayam,84,0
2025-05-29,P03,Nasi Kuning,70,0
2025-05-29,P04,Nasi Uduk,65,0
2025-05-29,P05,Mie Ayam Bakso,81,0
2025-05-29,P06,Soto Ayam,58,0
2025-05-29,P07,Ayam Geprek,73,0
2025-05-29,P08,Es Teh Manis,133,0
2025-05-29,P09,Es Jeruk,89,0
2025-05-29,P10,Kopi Hitam,81,0
2025-05-29,P11,Teh Anget,75,0
2025-05-29,P12,Jus Alpukat,37,0
2025-05-29,P13,Es Campur,32,0
2025-05-29,P14,Kerupuk,143,0
2025-05-29,P15,Kue Lumpur,39,0
2025-05-29,P16,Pisang Goreng,67,0
2025-05-29,P17,Lemper,48,0
2025-05-29,P18,Serabi,34,0
2025-05-29,P19,Tahu Isi,62,0
2025-05-29,P20,Tempe Goreng,52,0
2025-05-29,P21,Roti Bakar Coklat,38,0
2025-05-29,P22,Telur Dadar,70,0
2025-05-29,P23,Capcay,52,0
2025-05-29,P24,Nasi Goreng Seafood,48,0
2025-05-29,P25,Bakso Urat,66,0
2025-05-30,P01,Nasi Goreng Spesial,131,0
2025-05-30,P02,Mie Goreng Ayam,106,0
2025-05-30,P03,Nasi Kuning,77,0
2025-05-30,P04,Nasi Uduk,75,0
2025-05-30,P05,Mie Ayam Bakso,98,0
2025-05-30,P06,Soto Ayam,69,0
2025-05-30,P07,Ayam Geprek,97,0
2025-05-30,P08,Es Teh Manis,174,0
2025-05-30,P09,Es Jeruk,112,0
2025-05-30,P10,Kopi Hitam,98,0
2025-05-30,P11,Teh Anget,77,0
2025-05-30,P12,Jus Alpukat,46,0
2025-05-30,P13,Es Campur,45,0
2025-05-30,P14,Kerupuk,161,0
2025-05-30,P15,Kue Lumpur,49,0
2025-05-30,P16,Pisang Goreng,83,0
2025-05-30,P17,Lemper,57,0
2025-05-30,P18,Serabi,41,0
2025-05-30,P19,Tahu Isi,64,0
2025-05-30,P20,Tempe Goreng,55,0
2025-05-30,P21,Roti Bakar Coklat,55,0
2025-05-30,P22,Telur Dadar,83,0
2025-05-30,P23,Capcay,59,0
2025-05-30,P24,Nasi Goreng Seafood,56,0
2025-05-30,P25,Bakso Urat,71,0
2025-05-31,P01,Nasi Goreng Spesial,199,1
2025-05-31,P02,Mie Goreng Ayam,207,1
2025-05-31,P03,Nasi Kuning,151,0
2025-05-31,P04,Nasi Uduk,138,0
2025-05-31,P05,Mie Ayam Bakso,118,1
2025-05-31,P06,Soto Ayam,130,0
2025-05-31,P07,Ayam Geprek,119,1
2025-05-31,P08,Es Teh Manis,407,0
2025-05-31,P09,Es Jeruk,236,1
2025-05-31,P10,Kopi Hitam,235,1
2025-05-31,P11,Teh Anget,144,1
2025-05-31,P12,Jus Alpukat,113,1
2025-05-31,P13,Es Campur,72,1
2025-05-31,P14,Kerupuk,224,1
2025-05-31,P15,Kue Lumpur,87,1
2025-05-31,P16,Pisang Goreng,115,1
2025-05-31,P17,Lemper,104,1
2025-05-31,P18,Serabi,77,1
2025-05-31,P19,Tahu Isi,124,1
2025-05-31,P20,Tempe Goreng,117,0
2025-05-31,P21,Roti Bakar Coklat,90,0
2025-05-31,P22,Telur Dadar,156,0
2025-05-31,P23,Capcay,78,1
2025-05-31,P24,Nasi Goreng Seafood,97,1
2025-05-31,P25,Bakso Urat,138,0
2025-06-01,P01,Nasi Goreng Spesial,202,1
2025-06-01,P02,Mie Goreng Ayam,145,1
2025-06-01,P03,Nasi Kuning,166,1
2025-06-01,P04,Nasi Uduk,148,1
2025-06-01,P05,Mie Ayam Bakso,201,0
2025-06-01,P06,Soto Ayam,134,0
2025-06-01,P07,Ayam Geprek,135,1
2025-06-01,P08,Es Teh Manis,416,1
2025-06-01,P09,Es Jeruk,327,0
2025-06-01,P10,Kopi Hitam,182,1
2025-06-01,P11,Teh Anget,177,1
2025-06-01,P12,Jus Alpukat,134,1
2025-06-01,P13,Es Campur,73,1
2025-06-01,P14,Kerupuk,362,1
2025-06-01,P15,Kue Lumpur,83,1
2025-06-01,P16,Pisang Goreng,163,1
2025-06-01,P17,Lemper,102,1
2025-06-01,P18,Serabi,79,1
2025-06-01,P19,Tahu Isi,139,1
2025-06-01,P20,Tempe Goreng,79,1
2025-06-01,P21,Roti Bakar Coklat,90,1
2025-06-01,P22,Telur Dadar,174,0
2025-06-01,P23,Capcay,128,0
2025-06-01,P24,Nasi Goreng Seafood,109,0
2025-06-01,P25,Bakso Urat,143,1
2025-06-02,P01,Nasi Goreng Spesial,114,0
2025-06-02,P02,Mie Goreng Ayam,121,0
2025-06-02,P03,Nasi Kuning,74,0
2025-06-02,P04,Nasi Uduk,88,0
2025-06-02,P05,Mie Ayam Bakso,96,0
2025-06-02,P06,Soto Ayam,75,0
2025-06-02,P07,Ayam Geprek,97,0
2025-06-02,P08,Es Teh Manis,168,0
2025-06-02,P09,Es Jeruk,116,0
2025-06-02,P10,Kopi Hitam,91,0
2025-06-02,P11,Teh Anget,86,0
2025-06-02,P12,Jus Alpukat,47,0
2025-06-02,P13,Es Campur,40,0
2025-06-02,P14,Kerupuk,180,0
2025-06-02,P15,Kue Lumpur,48,0
2025-06-02,P16,Pisang Goreng,78,0
2025-06-02,P17,Lemper,58,0
2025-06-02,P18,Serabi,42,0
2025-06-02,P19,Tahu Isi,71,0
2025-06-02,P20,Tempe Goreng,71,0
2025-06-02,P21,Roti Bakar Coklat,50,0
2025-06-02,P22,Telur Dadar,82,0
2025-06-02,P23,Capcay,62,0
2025-06-02,P24,Nasi Goreng Seafood,57,0
2025-06-02,P25,Bakso Urat,72,0
2025-06-03,P01,Nasi Goreng Spesial,123,0
2025-06-03,P02,Mie Goreng Ayam,97,0
2025-06-03,P03,Nasi Kuning,66,0
2025-06-03,P04,Nasi Uduk,58,0
2025-06-03,P05,Mie Ayam Bakso,78,0
2025-06-03,P06,Soto Ayam,56,0
2025-06-03,P07,Ayam Geprek,86,0
2025-06-03,P08,Es Teh Manis,140,0
2025-06-03,P09,Es Jeruk,87,0
2025-06-03,P10,Kopi Hitam,79,0
2025-06-03,P11,Teh Anget,68,0
2025-06-03,P12,Jus Alpukat,35,0
2025-06-03,P13,Es Campur,36,0
2025-06-03,P14,Kerupuk,156,0
2025-06-03,P15,Kue Lumpur,42,0
2025-06-03,P16,Pisang Goreng,62,0
2025-06-03,P17,Lemper,46,0
2025-06-03,P18,Serabi,32,0
2025-06-03,P19,Tahu Isi,59,0
2025-06-03,P20,Tempe Goreng,55,0
2025-06-03,P21,Roti Bakar Coklat,39,0
2025-06-03,P22,Telur Dadar,78,0
2025-06-03,P23,Capcay,55,0
2025-06-03,P24,Nasi Goreng Seafood,40,0
2025-06-03,P25,Bakso Urat,56,0
2025-06-04,P01,Nasi Goreng Spesial,201,0
2025-06-04,P02,Mie Goreng Ayam,136,1
2025-06-04,P03,Nasi Kuning,127,0
2025-06-04,P04,Nasi Uduk,96,1
2025-06-04,P05,Mie Ayam Bakso,152,0
2025-06-04,P06,Soto Ayam,92,1
2025-06-04,P07,Ayam Geprek,129,1
2025-06-04,P08,Es Teh Manis,365,0
2025-06-04,P09,Es Jeruk,215,1
2025-06-04,P10,Kopi Hitam,213,0
2025-06-04,P11,Teh Anget,162,0
2025-06-04,P12,Jus Alpukat,102,0
2025-06-04,P13,Es Campur,72,1
2025-06-04,P14,Kerupuk,248,0
2025-06-04,P15,Kue Lumpur,71,0
2025-06-04,P16,Pisang Goreng,102,1
2025-06-04,P17,Lemper,86,0
2025-06-04,P18,Serabi,61,0
2025-06-04,P19,Tahu Isi,100,0
2025-06-04,P20,Tempe Goreng,98,0
2025-06-04,P21,Roti Bakar Coklat,74,0
2025-06-04,P22,Telur Dadar,131,0
2025-06-04,P23,Capcay,97,0
2025-06-04,P24,Nasi Goreng Seafood,80,1
2025-06-04,P25,Bakso Urat,120,0
2025-06-05,P01,Nasi Goreng Spesial,190,1
2025-06-05,P02,Mie Goreng Ayam,160,0
2025-06-05,P03,Nasi Kuning,121,0
2025-06-05,P04,Nasi Uduk,105,1
2025-06-05,P05,Mie Ayam Bakso,141,0
2025-06-05,P06,Soto Ayam,105,0
2025-06-05,P07,Ayam Geprek,119,1
2025-06-05,P08,Es Teh Manis,364,0
2025-06-05,P09,Es Jeruk,240,0
2025-06-05,P10,Kopi Hitam,208,0
2025-06-05,P11,Teh Anget,149,1
2025-06-05,P12,Jus Alpukat,84,1
2025-06-05,P13,Es Campur,92,0
2025-06-05,P14,Kerupuk,258,0
2025-06-05,P15,Kue Lumpur,72,1
2025-06-05,P16,Pisang Goreng,115,0
2025-06-05,P17,Lemper,90,0
2025-06-05,P18,Serabi,65,1
2025-06-05,P19,Tahu Isi,108,0
2025-06-05,P20,Tempe Goreng,94,0
2025-06-05,P21,Roti Bakar Coklat,70,0
2025-06-05,P22,Telur Dadar,131,0
2025-06-05,P23,Capcay,94,0
2025-06-05,P24,Nasi Goreng Seafood,81,0
2025-06-05,P25,Bakso Urat,114,0
2025-06-06,P01,Nasi Goreng Spesial,214,0
2025-06-06,P02,Mie Goreng Ayam,181,0
2025-06-06,P03,Nasi Kuning,132,0
2025-06-06,P04,Nasi Uduk,101,1
2025-06-06,P05,Mie Ayam Bakso,154,0
2025-06-06,P06,Soto Ayam,112,0
2025-06-06,P07,Ayam Geprek,156,0
2025-06-06,P08,Es Teh Manis,383,1
2025-06-06,P09,Es Jeruk,262,0
2025-06-06,P10,Kopi Hitam,212,0
2025-06-06,P11,Teh Anget,185,0
2025-06-06,P12,Jus Alpukat,108,0
2025-06-06,P13,Es Campur,99,0
2025-06-06,P14,Kerupuk,270,0
2025-06-06,P15,Kue Lumpur,85,0
2025-06-06,P16,Pisang Goreng,126,0
2025-06-06,P17,Lemper,73,1
2025-06-06,P18,Serabi,70,0
2025-06-06,P19,Tahu Isi,126,0
2025-06-06,P20,Tempe Goreng,79,1
2025-06-06,P21,Roti Bakar Coklat,88,0
2025-06-06,P22,Telur Dadar,125,1
2025-06-06,P23,Capcay,80,1
2025-06-06,P24,Nasi Goreng Seafood,89,0
2025-06-06,P25,Bakso Urat,125,0
2025-06-07,P01,Nasi Goreng Spesial,166,1
2025-06-07,P02,Mie Goreng Ayam,141,1
2025-06-07,P03,Nasi Kuning,136,1
2025-06-07,P04,Nasi Uduk,118,1
2025-06-07,P05,Mie Ayam Bakso,179,1
2025-06-07,P06,Soto Ayam,86,1
2025-06-07,P07,Ayam Geprek,124,1
2025-06-07,P08,Es Teh Manis,317,1
2025-06-07,P09,Es Jeruk,254,1
2025-06-07,P10,Kopi Hitam,183,1
2025-06-07,P11,Teh Anget,140,1
2025-06-07,P12,Jus Alpukat,113,0
2025-06-07,P13,Es Campur,104,0
2025-06-07,P14,Kerupuk,320,1
2025-06-07,P15,Kue Lumpur,72,1
2025-06-07,P16,Pisang Goreng,150,0
2025-06-07,P17,Lemper,102,1
2025-06-07,P18,Serabi,76,1
2025-06-07,P19,Tahu Isi,99,1
2025-06-07,P20,Tempe Goreng,91,1
2025-06-07,P21,Roti Bakar Coklat,82,1
2025-06-07,P22,Telur Dadar,121,1
2025-06-07,P23,Capcay,120,1
2025-06-07,P24,Nasi Goreng Seafood,84,1
2025-06-07,P25,Bakso Urat,104,1
2025-06-08,P01,Nasi Goreng Spesial,142,0
2025-06-08,P02,Mie Goreng Ayam,127,0
2025-06-08,P03,Nasi Kuning,93,0
2025-06-08,P04,Nasi Uduk,85,0
2025-06-08,P05,Mie Ayam Bakso,100,0
2025-06-08,P06,Soto Ayam,78,0
2025-06-08,P07,Ayam Geprek,104,0
2025-06-08,P08,Es Teh Manis,161,0
2025-06-08,P09,Es Jeruk,111,0
2025-06-08,P10,Kopi Hitam,78,0
2025-06-08,P11,Teh Anget,79,0
2025-06-08,P12,Jus Alpukat,50,0
2025-06-08,P13,Es Campur,40,0
2025-06-08,P14,Kerupuk,184,0
2025-06-08,P15,Kue Lumpur,55,0
2025-06-08,P16,Pisang Goreng,85,0
2025-06-08,P17,Lemper,62,0
2025-06-08,P18,Serabi,49,0
2025-06-08,P19,Tahu Isi,80,0
2025-06-08,P20,Tempe Goreng,75,0
2025-06-08,P21,Roti Bakar Coklat,56,0
2025-06-08,P22,Telur Dadar,85,0
2025-06-08,P23,Capcay,65,0
2025-06-08,P24,Nasi Goreng Seafood,58,0
2025-06-08,P25,Bakso Urat,81,0
2025-06-09,P01,Nasi Goreng Spesial,123,0
2025-06-09,P02,Mie Goreng Ayam,99,0
2025-06-09,P03,Nasi Kuning,82,0
2025-06-09,P04,Nasi Uduk,73,0
2025-06-09,P05,Mie Ayam Bakso,97,0
2025-06-09,P06,Soto Ayam,63,0
2025-06-09,P07,Ayam Geprek,96,0
2025-06-09,P08,Es Teh Manis,200,0
2025-06-09,P09,Es Jeruk,140,0
2025-06-09,P10,Kopi Hitam,138,0
2025-06-09,P11,Teh Anget,108,0
2025-06-09,P12,Jus Alpukat,64,0
2025-06-09,P13,Es Campur,57,0
2025-06-09,P14,Kerupuk,163,0
2025-06-09,P15,Kue Lumpur,46,0
2025-06-09,P16,Pisang Goreng,68,0
2025-06-09,P17,Lemper,55,0
2025-06-09,P18,Serabi,41,0
2025-06-09,P19,Tahu Isi,71,0
2025-06-09,P20,Tempe Goreng,65,0
2025-06-09,P21,Roti Bakar Coklat,46,0
2025-06-09,P22,Telur Dadar,73,0
2025-06-09,P23,Capcay,65,0
2025-06-09,P24,Nasi Goreng Seafood,49,0
2025-06-09,P25,Bakso Urat,74,0
2025-06-10,P01,Nasi Goreng Spesial,76,0
2025-06-10,P02,Mie Goreng Ayam,63,0
2025-06-10,P03,Nasi Kuning,58,0
2025-06-10,P04,Nasi Uduk,49,0
2025-06-10,P05,Mie Ayam Bakso,64,0
2025-06-10,P06,Soto Ayam,45,0
2025-06-10,P07,Ayam Geprek,59,0
2025-06-10,P08,Es Teh Manis,102,0
2025-06-10,P09,Es Jeruk,72,0
2025-06-10,P10,Kopi Hitam,69,0
2025-06-10,P11,Teh Anget,59,0
2025-06-10,P12,Jus Alpukat,26,0
2025-06-10,P13,Es Campur,26,0
2025-06-10,P14,Kerupuk,118,0
2025-06-10,P15,Kue Lumpur,37,0
2025-06-10,P16,Pisang Goreng,58,0
2025-06-10,P17,Lemper,34,0
2025-06-10,P18,Serabi,30,0
2025-06-10,P19,Tahu Isi,46,0
2025-06-10,P20,Tempe Goreng,44,0
2025-06-10,P21,Roti Bakar Coklat,34,0
2025-06-10,P22,Telur Dadar,46,0
2025-06-10,P23,Capcay,41,0
2025-06-10,P24,Nasi Goreng Seafood,38,0
2025-06-10,P25,Bakso Urat,48,0
2025-06-11,P01,Nasi Goreng Spesial,64,0
2025-06-11,P02,Mie Goreng Ayam,73,0
2025-06-11,P03,Nasi Kuning,44,0
2025-06-11,P04,Nasi Uduk,40,0
2025-06-11,P05,Mie Ayam Bakso,40,0
2025-06-11,P06,Soto Ayam,38,0
2025-06-11,P07,Ayam Geprek,42,0
2025-06-11,P08,Es Teh Manis,87,0
2025-06-11,P09,Es Jeruk,46,0
2025-06-11,P10,Kopi Hitam,59,0
2025-06-11,P11,Teh Anget,42,0
2025-06-11,P12,Jus Alpukat,31,0
2025-06-11,P13,Es Campur,17,0
2025-06-11,P14,Kerupuk,106,0
2025-06-11,P15,Kue Lumpur,21,0
2025-06-11,P16,Pisang Goreng,42,0
2025-06-11,P17,Lemper,28,0
2025-06-11,P18,Serabi,21,0
2025-06-11,P19,Tahu Isi,36,0
2025-06-11,P20,Tempe Goreng,31,0
2025-06-11,P21,Roti Bakar Coklat,23,0
2025-06-11,P22,Telur Dadar,42,0
2025-06-11,P23,Capcay,34,0
2025-06-11,P24,Nasi Goreng Seafood,33,0
2025-06-11,P25,Bakso Urat,42,0
2025-06-12,P01,Nasi Goreng Spesial,128,0
2025-06-12,P02,Mie Goreng Ayam,113,0
2025-06-12,P03,Nasi Kuning,78,0
2025-06-12,P04,Nasi Uduk,71,0
2025-06-12,P05,Mie Ayam Bakso,88,0
2025-06-12,P06,Soto Ayam,56,0
2025-06-12,P07,Ayam Geprek,85,0
2025-06-12,P08,Es Teh Manis,217,0
2025-06-12,P09,Es Jeruk,146,0
2025-06-12,P10,Kopi Hitam,130,0
2025-06-12,P11,Teh Anget,97,0
2025-06-12,P12,Jus Alpukat,66,0
2025-06-12,P13,Es Campur,58,0
2025-06-12,P14,Kerupuk,153,0
2025-06-12,P15,Kue Lumpur,45,0
2025-06-12,P16,Pisang Goreng,67,0
2025-06-12,P17,Lemper,54,0
2025-06-12,P18,Serabi,39,0
2025-06-12,P19,Tahu Isi,66,0
2025-06-12,P20,Tempe Goreng,60,0
2025-06-12,P21,Roti Bakar Coklat,44,0
2025-06-12,P22,Telur Dadar,71,0
2025-06-12,P23,Capcay,62,0
2025-06-12,P24,Nasi Goreng Seafood,54,0
2025-06-12,P25,Bakso Urat,70,0
2025-06-13,P01,Nasi Goreng Spesial,118,0
2025-06-13,P02,Mie Goreng Ayam,99,0
2025-06-13,P03,Nasi Kuning,76,0
2025-06-13,P04,Nasi Uduk,69,0
2025-06-13,P05,Mie Ayam Bakso,93,0
2025-06-13,P06,Soto Ayam,64,0
2025-06-13,P07,Ayam Geprek,86,0
2025-06-13,P08,Es Teh Manis,210,0
2025-06-13,P09,Es Jeruk,146,0
2025-06-13,P10,Kopi Hitam,116,0
2025-06-13,P11,Teh Anget,104,0
2025-06-13,P12,Jus Alpukat,60,0
2025-06-13,P13,Es Campur,52,0
2025-06-13,P14,Kerupuk,148,0
2025-06-13,P15,Kue Lumpur,43,0
2025-06-13,P16,Pisang Goreng,69,0
2025-06-13,P17,Lemper,50,0
2025-06-13,P18,Serabi,36,0
2025-06-13,P19,Tahu Isi,65,0
2025-06-13,P20,Tempe Goreng,59,0
2025-06-13,P21,Roti Bakar Coklat,48,0
2025-06-13,P22,Telur Dadar,73,0
2025-06-13,P23,Capcay,59,0
2025-06-13,P24,Nasi Goreng Seafood,44,0
2025-06-13,P25,Bakso Urat,73,0
2025-06-14,P01,Nasi Goreng Spesial,105,0
2025-06-14,P02,Mie Goreng Ayam,83,0
2025-06-14,P03,Nasi Kuning,65,0
2025-06-14,P04,Nasi Uduk,69,0
2025-06-14,P05,Mie Ayam Bakso,70,0
2025-06-14,P06,Soto Ayam,53,0
2025-06-14,P07,Ayam Geprek,77,0
2025-06-14,P08,Es Teh Manis,128,0
2025-06-14,P09,Es Jeruk,79,0
2025-06-14,P10,Kopi Hitam,77,0
2025-06-14,P11,Teh Anget,64,0
2025-06-14,P12,Jus Alpukat,36,0
2025-06-14,P13,Es Campur,29,0
2025-06-14,P14,Kerupuk,139,0
2025-06-14,P15,Kue Lumpur,42,0
2025-06-14,P16,Pisang Goreng,60,0
2025-06-14,P17,Lemper,52,0
2025-06-14,P18,Serabi,40,0
2025-06-14,P19,Tahu Isi,58,0
2025-06-14,P20,Tempe Goreng,55,0
2025-06-14,P21,Roti Bakar Coklat,45,0
2025-06-14,P22,Telur Dadar,76,0
2025-06-14,P23,Capcay,56,0
2025-06-14,P24,Nasi Goreng Seafood,39,0
2025-06-14,P25,Bakso Urat,60,0
2025-06-15,P01,Nasi Goreng Spesial,151,0
2025-06-15,P02,Mie Goreng Ayam,123,0
2025-06-15,P03,Nasi Kuning,98,0
2025-06-15,P04,Nasi Uduk,98,0
2025-06-15,P05,Mie Ayam Bakso,110,0
2025-06-15,P06,Soto Ayam,81,0
2025-06-15,P07,Ayam Geprek,100,0
2025-06-15,P08,Es Teh Manis,254,0
2025-06-15,P09,Es Jeruk,181,0
2025-06-15,P10,Kopi Hitam,150,0
2025-06-15,P11,Teh Anget,125,0
2025-06-15,P12,Jus Alpukat,76,0
2025-06-15,P13,Es Campur,63,0
2025-06-15,P14,Kerupuk,198,0
2025-06-15,P15,Kue Lumpur,61,0
2025-06-15,P16,Pisang Goreng,87,0
2025-06-15,P17,Lemper,67,0
2025-06-15,P18,Serabi,51,0
2025-06-15,P19,Tahu Isi,82,0
2025-06-15,P20,Tempe Goreng,78,0
2025-06-15,P21,Roti Bakar Coklat,55,0
2025-06-15,P22,Telur Dadar,102,0
2025-06-15,P23,Capcay,75,0
2025-06-15,P24,Nasi Goreng Seafood,65,0
2025-06-15,P25,Bakso Urat,92,1
2025-06-16,P01,Nasi Goreng Spesial,83,0
2025-06-16,P02,Mie Goreng Ayam,76,0
2025-06-16,P03,Nasi Kuning,54,0
2025-06-16,P04,Nasi Uduk,54,0
2025-06-16,P05,Mie Ayam Bakso,62,0
2025-06-16,P06,Soto Ayam,38,0
2025-06-16,P07,Ayam Geprek,55,0
2025-06-16,P08,Es Teh Manis,120,0
2025-06-16,P09,Es Jeruk,76,0
2025-06-16,P10,Kopi Hitam,68,0
2025-06-16,P11,Teh Anget,53,0
2025-06-16,P12,Jus Alpukat,29,0
2025-06-16,P13,Es Campur,25,0
2025-06-16,P14,Kerupuk,105,0
2025-06-16,P15,Kue Lumpur,32,0
2025-06-16,P16,Pisang Goreng,41,0
2025-06-16,P17,Lemper,33,0
2025-06-16,P18,Serabi,22,0
2025-06-16,P19,Tahu Isi,43,0
2025-06-16,P20,Tempe Goreng,45,0
2025-06-16,P21,Roti Bakar Coklat,28,0
2025-06-16,P22,Telur Dadar,55,0
2025-06-16,P23,Capcay,49,0
2025-06-16,P24,Nasi Goreng Seafood,39,0
2025-06-16,P25,Bakso Urat,48,0
2025-06-17,P01,Nasi Goreng Spesial,199,0
2025-06-17,P02,Mie Goreng Ayam,159,0
2025-06-17,P03,Nasi Kuning,118,0
2025-06-17,P04,Nasi Uduk,95,1
2025-06-17,P05,Mie Ayam Bakso,129,0
2025-06-17,P06,Soto Ayam,96,0
2025-06-17,P07,Ayam Geprek,124,0
2025-06-17,P08,Es Teh Manis,330,0
2025-06-17,P09,Es Jeruk,254,0
2025-06-17,P10,Kopi Hitam,179,1
2025-06-17,P11,Teh Anget,167,1
2025-06-17,P12,Jus Alpukat,98,1
2025-06-17,P13,Es Campur,91,0
2025-06-17,P14,Kerupuk,234,0
2025-06-17,P15,Kue Lumpur,67,0
2025-06-17,P16,Pisang Goreng,110,0
2025-06-17,P17,Lemper,82,0
2025-06-17,P18,Serabi,59,0
2025-06-17,P19,Tahu Isi,96,0
2025-06-17,P20,Tempe Goreng,85,0
2025-06-17,P21,Roti Bakar Coklat,70,0
2025-06-17,P22,Telur Dadar,116,0
2025-06-17,P23,Capcay,88,0
2025-06-17,P24,Nasi Goreng Seafood,78,0
2025-06-17,P25,Bakso Urat,106,0
2025-06-18,P01,Nasi Goreng Spesial,144,0
2025-06-18,P02,Mie Goreng Ayam,107,0
2025-06-18,P03,Nasi Kuning,92,0
2025-06-18,P04,Nasi Uduk,85,0
2025-06-18,P05,Mie Ayam Bakso,109,0
2025-06-18,P06,Soto Ayam,71,0
2025-06-18,P07,Ayam Geprek,89,0
2025-06-18,P08,Es Teh Manis,154,0
2025-06-18,P09,Es Jeruk,105,0
2025-06-18,P10,Kopi Hitam,94,0
2025-06-18,P11,Teh Anget,83,0
2025-06-18,P12,Jus Alpukat,51,0
2025-06-18,P13,Es Campur,40,0
2025-06-18,P14,Kerupuk,176,0
2025-06-18,P15,Kue Lumpur,51,0
2025-06-18,P16,Pisang Goreng,78,0
2025-06-18,P17,Lemper,61,0
2025-06-18,P18,Serabi,45,0
2025-06-18,P19,Tahu Isi,74,0
2025-06-18,P20,Tempe Goreng,67,0
2025-06-18,P21,Roti Bakar Coklat,53,0
2025-06-18,P22,Telur Dadar,89,0
2025-06-18,P23,Capcay,61,0
2025-06-18,P24,Nasi Goreng Seafood,60,0
2025-06-18,P25,Bakso Urat,80,0
2025-06-19,P01,Nasi Goreng Spesial,196,0
2025-06-19,P02,Mie Goreng Ayam,173,0
2025-06-19,P03,Nasi Kuning,119,1
2025-06-19,P04,Nasi Uduk,126,0
2025-06-19,P05,Mie Ayam Bakso,153,1
2025-06-19,P06,Soto Ayam,108,0
2025-06-19,P07,Ayam Geprek,141,0
2025-06-19,P08,Es Teh Manis,344,0
2025-06-19,P09,Es Jeruk,238,0
2025-06-19,P10,Kopi Hitam,185,0
2025-06-19,P11,Teh Anget,152,0
2025-06-19,P12,Jus Alpukat,100,0
2025-06-19,P13,Es Campur,79,0
2025-06-19,P14,Kerupuk,270,0
2025-06-19,P15,Kue Lumpur,69,0
2025-06-19,P16,Pisang Goreng,96,1
2025-06-19,P17,Lemper,88,0
2025-06-19,P18,Serabi,53,1
2025-06-19,P19,Tahu Isi,101,0
2025-06-19,P20,Tempe Goreng,97,0
2025-06-19,P21,Roti Bakar Coklat,74,0
2025-06-19,P22,Telur Dadar,129,0
2025-06-19,P23,Capcay,95,0
2025-06-19,P24,Nasi Goreng Seafood,86,0
2025-06-19,P25,Bakso Urat,116,0
2025-06-20,P01,Nasi Goreng Spesial,146,0
2025-06-20,P02,Mie Goreng Ayam,109,0
2025-06-20,P03,Nasi Kuning,86,0
2025-06-20,P04,Nasi Uduk,79,0
2025-06-20,P05,Mie Ayam Bakso,100,0
2025-06-20,P06,Soto Ayam,71,0
2025-06-20,P07,Ayam Geprek,93,0
2025-06-20,P08,Es Teh Manis,173,0
2025-06-20,P09,Es Jeruk,123,0
2025-06-20,P10,Kopi Hitam,104,0
2025-06-20,P11,Teh Anget,75,0
2025-06-20,P12,Jus Alpukat,47,0
2025-06-20,P13,Es Campur,41,0
2025-06-20,P14,Kerupuk,171,0
2025-06-20,P15,Kue Lumpur,47,0
2025-06-20,P16,Pisang Goreng,81,0
2025-06-20,P17,Lemper,60,0
2025-06-20,P18,Serabi,43,0
2025-06-20,P19,Tahu Isi,73,0
2025-06-20,P20,Tempe Goreng,67,0
2025-06-20,P21,Roti Bakar Coklat,55,0
2025-06-20,P22,Telur Dadar,83,0
2025-06-20,P23,Capcay,60,0
2025-06-20,P24,Nasi Goreng Seafood,56,0
2025-06-20,P25,Bakso Urat,86,0
2025-06-21,P01,Nasi Goreng Spesial,157,0
2025-06-21,P02,Mie Goreng Ayam,131,0
2025-06-21,P03,Nasi Kuning,103,0
2025-06-21,P04,Nasi Uduk,92,0
2025-06-21,P05,Mie Ayam Bakso,129,0
2025-06-21,P06,Soto Ayam,88,0
2025-06-21,P07,Ayam Geprek,109,0
2025-06-21,P08,Es Teh Manis,217,0
2025-06-21,P09,Es Jeruk,152,0
2025-06-21,P10,Kopi Hitam,123,0
2025-06-21,P11,Teh Anget,105,0
2025-06-21,P12,Jus Alpukat,62,0
2025-06-21,P13,Es Campur,50,0
2025-06-21,P14,Kerupuk,206,0
2025-06-21,P15,Kue Lumpur,65,0
2025-06-21,P16,Pisang Goreng,106,0
2025-06-21,P17,Lemper,68,1
2025-06-21,P18,Serabi,59,0
2025-06-21,P19,Tahu Isi,94,0
2025-06-21,P20,Tempe Goreng,90,0
2025-06-21,P21,Roti Bakar Coklat,69,0
2025-06-21,P22,Telur Dadar,103,1
2025-06-21,P23,Capcay,73,0
2025-06-21,P24,Nasi Goreng Seafood,69,0
2025-06-21,P25,Bakso Urat,100,0
2025-06-22,P01,Nasi Goreng Spesial,134,0
2025-06-22,P02,Mie Goreng Ayam,122,0
2025-06-22,P03,Nasi Kuning,85,0
2025-06-22,P04,Nasi Uduk,84,0
2025-06-22,P05,Mie Ayam Bakso,101,0
2025-06-22,P06,Soto Ayam,73,0
2025-06-22,P07,Ayam Geprek,100,0
2025-06-22,P08,Es Teh Manis,174,0
2025-06-22,P09,Es Jeruk,112,0
2025-06-22,P10,Kopi Hitam,89,0
2025-06-22,P11,Teh Anget,86,0
2025-06-22,P12,Jus Alpukat,48,0
2025-06-22,P13,Es Campur,40,0
2025-06-22,P14,Kerupuk,183,0
2025-06-22,P15,Kue Lumpur,58,0
2025-06-22,P16,Pisang Goreng,87,0
2025-06-22,P17,Lemper,62,0
2025-06-22,P18,Serabi,47,0
2025-06-22,P19,Tahu Isi,80,0
2025-06-22,P20,Tempe Goreng,70,0
2025-06-22,P21,Roti Bakar Coklat,58,0
2025-06-22,P22,Telur Dadar,94,0
2025-06-22,P23,Capcay,68,0
2025-06-22,P24,Nasi Goreng Seafood,63,0
2025-06-22,P25,Bakso Urat,81,0
2025-06-23,P01,Nasi Goreng Spesial,127,0
2025-06-23,P02,Mie Goreng Ayam,109,0
2025-06-23,P03,Nasi Kuning,87,0
2025-06-23,P04,Nasi Uduk,75,0
2025-06-23,P05,Mie Ayam Bakso,95,0
2025-06-23,P06,Soto Ayam,72,0
2025-06-23,P07,Ayam Geprek,100,0
2025-06-23,P08,Es Teh Manis,156,0
2025-06-23,P09,Es Jeruk,132,0
2025-06-23,P10,Kopi Hitam,93,0
2025-06-23,P11,Teh Anget,83,0
2025-06-23,P12,Jus Alpukat,54,0
2025-06-23,P13,Es Campur,44,0
2025-06-23,P14,Kerupuk,173,0
2025-06-23,P15,Kue Lumpur,53,0
2025-06-23,P16,Pisang Goreng,80,0
2025-06-23,P17,Lemper,60,0
2025-06-23,P18,Serabi,43,0
2025-06-23,P19,Tahu Isi,76,0
2025-06-23,P20,Tempe Goreng,61,0
2025-06-23,P21,Roti Bakar Coklat,48,0
2025-06-23,P22,Telur Dadar,78,0
2025-06-23,P23,Capcay,63,0
2025-06-23,P24,Nasi Goreng Seafood,52,0
2025-06-23,P25,Bakso Urat,75,0
2025-06-24,P01,Nasi Goreng Spesial,177,0
2025-06-24,P02,Mie Goreng Ayam,156,0
2025-06-24,P03,Nasi Kuning,123,0
2025-06-24,P04,Nasi Uduk,115,0
2025-06-24,P05,Mie Ayam Bakso,140,0
2025-06-24,P06,Soto Ayam,90,1
2025-06-24,P07,Ayam Geprek,130,0
2025-06-24,P08,Es Teh Manis,344,1
2025-06-24,P09,Es Jeruk,234,1
2025-06-24,P10,Kopi Hitam,175,1
2025-06-24,P11,Teh Anget,173,0
2025-06-24,P12,Jus Alpukat,104,0
2025-06-24,P13,Es Campur,87,1
2025-06-24,P14,Kerupuk,240,0
2025-06-24,P15,Kue Lumpur,66,0
2025-06-24,P16,Pisang Goreng,107,0
2025-06-24,P17,Lemper,80,0
2025-06-24,P18,Serabi,59,0
2025-06-24,P19,Tahu Isi,100,0
2025-06-24,P20,Tempe Goreng,81,1
2025-06-24,P21,Roti Bakar Coklat,71,0
2025-06-24,P22,Telur Dadar,121,0
2025-06-24,P23,Capcay,90,0
2025-06-24,P24,Nasi Goreng Seafood,79,0
2025-06-24,P25,Bakso Urat,110,0
2025-06-25,P01,Nasi Goreng Spesial,125,0
2025-06-25,P02,Mie Goreng Ayam,103,0
2025-06-25,P03,Nasi Kuning,87,0
2025-06-25,P04,Nasi Uduk,73,0
2025-06-25,P05,Mie Ayam Bakso,88,0
2025-06-25,P06,Soto Ayam,73,0
2025-06-25,P07,Ayam Geprek,93,0
2025-06-25,P08,Es Teh Manis,180,0
2025-06-25,P09,Es Jeruk,116,0
2025-06-25,P10,Kopi Hitam,101,0
2025-06-25,P11,Teh Anget,92,0
2025-06-25,P12,Jus Alpukat,45,0
2025-06-25,P13,Es Campur,40,0
2025-06-25,P14,Kerupuk,169,0
2025-06-25,P15,Kue Lumpur,51,0
2025-06-25,P16,Pisang Goreng,78,0
2025-06-25,P17,Lemper,60,0
2025-06-25,P18,Serabi,46,0
2025-06-25,P19,Tahu Isi,74,0
2025-06-25,P20,Tempe Goreng,67,0
2025-06-25,P21,Roti Bakar Coklat,51,0
2025-06-25,P22,Telur Dadar,84,0
2025-06-25,P23,Capcay,58,0
2025-06-25,P24,Nasi Goreng Seafood,52,0
2025-06-25,P25,Bakso Urat,71,0
2025-06-26,P01,Nasi Goreng Spesial,181,1
2025-06-26,P02,Mie Goreng Ayam,164,0
2025-06-26,P03,Nasi Kuning,128,0
2025-06-26,P04,Nasi Uduk,115,0
2025-06-26,P05,Mie Ayam Bakso,121,1
2025-06-26,P06,Soto Ayam,77,1
2025-06-26,P07,Ayam Geprek,132,0
2025-06-26,P08,Es Teh Manis,243,0
2025-06-26,P09,Es Jeruk,155,0
2025-06-26,P10,Kopi Hitam,137,0
2025-06-26,P11,Teh Anget,117,0
2025-06-26,P12,Jus Alpukat,62,0
2025-06-26,P13,Es Campur,56,0
2025-06-26,P14,Kerupuk,201,1
2025-06-26,P15,Kue Lumpur,51,1
2025-06-26,P16,Pisang Goreng,117,1
2025-06-26,P17,Lemper,70,1
2025-06-26,P18,Serabi,63,0
2025-06-26,P19,Tahu Isi,112,1
2025-06-26,P20,Tempe Goreng,87,1
2025-06-26,P21,Roti Bakar Coklat,71,1
2025-06-26,P22,Telur Dadar,120,0
2025-06-26,P23,Capcay,88,1
2025-06-26,P24,Nasi Goreng Seafood,79,0
2025-06-26,P25,Bakso Urat,82,1
2025-06-27,P01,Nasi Goreng Spesial,156,1
2025-06-27,P02,Mie Goreng Ayam,112,1
2025-06-27,P03,Nasi Kuning,133,1
2025-06-27,P04,Nasi Uduk,123,1
2025-06-27,P05,Mie Ayam Bakso,181,1
2025-06-27,P06,Soto Ayam,80,1
2025-06-27,P07,Ayam Geprek,148,1
2025-06-27,P08,Es Teh Manis,406,1
2025-06-27,P09,Es Jeruk,239,1
2025-06-27,P10,Kopi Hitam,230,1
2025-06-27,P11,Teh Anget,194,1
2025-06-27,P12,Jus Alpukat,106,1
2025-06-27,P13,Es Campur,103,1
2025-06-27,P14,Kerupuk,258,1
2025-06-27,P15,Kue Lumpur,69,1
2025-06-27,P16,Pisang Goreng,137,1
2025-06-27,P17,Lemper,95,1
2025-06-27,P18,Serabi,45,1
2025-06-27,P19,Tahu Isi,88,1
2025-06-27,P20,Tempe Goreng,77,1
2025-06-27,P21,Roti Bakar Coklat,84,1
2025-06-27,P22,Telur Dadar,100,1
2025-06-27,P23,Capcay,79,1
2025-06-27,P24,Nasi Goreng Seafood,80,1
2025-06-27,P25,Bakso Urat,82,1
2025-06-28,P01,Nasi Goreng Spesial,169,1
2025-06-28,P02,Mie Goreng Ayam,176,1
2025-06-28,P03,Nasi Kuning,118,1
2025-06-28,P04,Nasi Uduk,81,1
2025-06-28,P05,Mie Ayam Bakso,127,1
2025-06-28,P06,Soto Ayam,76,1
2025-06-28,P07,Ayam Geprek,95,1
2025-06-28,P08,Es Teh Manis,263,1
2025-06-28,P09,Es Jeruk,246,1
2025-06-28,P10,Kopi Hitam,201,1
2025-06-28,P11,Teh Anget,182,1
2025-06-28,P12,Jus Alpukat,103,1
2025-06-28,P13,Es Campur,81,1
2025-06-28,P14,Kerupuk,213,1
2025-06-28,P15,Kue Lumpur,49,1
2025-06-28,P16,Pisang Goreng,119,1
2025-06-28,P17,Lemper,69,1
2025-06-28,P18,Serabi,51,1
2025-06-28,P19,Tahu Isi,128,1
2025-06-28,P20,Tempe Goreng,72,1
2025-06-28,P21,Roti Bakar Coklat,50,1
2025-06-28,P22,Telur Dadar,152,1
2025-06-28,P23,Capcay,79,1
2025-06-28,P24,Nasi Goreng Seafood,74,1
2025-06-28,P25,Bakso Urat,82,1
2025-06-29,P01,Nasi Goreng Spesial,217,0
2025-06-29,P02,Mie Goreng Ayam,144,1
2025-06-29,P03,Nasi Kuning,98,1
2025-06-29,P04,Nasi Uduk,104,1
2025-06-29,P05,Mie Ayam Bakso,157,1
2025-06-29,P06,Soto Ayam,108,0
2025-06-29,P07,Ayam Geprek,107,1
2025-06-29,P08,Es Teh Manis,257,1
2025-06-29,P09,Es Jeruk,221,0
2025-06-29,P10,Kopi Hitam,180,0
2025-06-29,P11,Teh Anget,136,0
2025-06-29,P12,Jus Alpukat,73,1
2025-06-29,P13,Es Campur,82,0
2025-06-29,P14,Kerupuk,271,1
2025-06-29,P15,Kue Lumpur,58,1
2025-06-29,P16,Pisang Goreng,83,1
2025-06-29,P17,Lemper,65,1
2025-06-29,P18,Serabi,50,1
2025-06-29,P19,Tahu Isi,76,1
2025-06-29,P20,Tempe Goreng,75,1
2025-06-29,P21,Roti Bakar Coklat,53,1
2025-06-29,P22,Telur Dadar,111,1
2025-06-29,P23,Capcay,89,1
2025-06-29,P24,Nasi Goreng Seafood,77,1
2025-06-29,P25,Bakso Urat,128,0
2025-06-30,P01,Nasi Goreng Spesial,78,0
2025-06-30,P02,Mie Goreng Ayam,61,0
2025-06-30,P03,Nasi Kuning,44,0
2025-06-30,P04,Nasi Uduk,37,0
2025-06-30,P05,Mie Ayam Bakso,51,0
2025-06-30,P06,Soto Ayam,38,0
2025-06-30,P07,Ayam Geprek,49,0
2025-06-30,P08,Es Teh Manis,94,0
2025-06-30,P09,Es Jeruk,67,0
2025-06-30,P10,Kopi Hitam,44,0
2025-06-30,P11,Teh Anget,40,0
2025-06-30,P12,Jus Alpukat,29,0
2025-06-30,P13,Es Campur,26,0
2025-06-30,P14,Kerupuk,92,0
2025-06-30,P15,Kue Lumpur,30,0
2025-06-30,P16,Pisang Goreng,44,0
2025-06-30,P17,Lemper,29,0
2025-06-30,P18,Serabi,19,0
2025-06-30,P19,Tahu Isi,43,0
2025-06-30,P20,Tempe Goreng,37,0
2025-06-30,P21,Roti Bakar Coklat,31,0
2025-06-30,P22,Telur Dadar,53,0
2025-06-30,P23,Capcay,28,0
2025-06-30,P24,Nasi Goreng Seafood,24,0
2025-06-30,P25,Bakso Urat,27,0
2025-07-01,P01,Nasi Goreng Spesial,144,0
2025-07-01,P02,Mie Goreng Ayam,124,0
2025-07-01,P03,Nasi Kuning,88,0
2025-07-01,P04,Nasi Uduk,82,0
2025-07-01,P05,Mie Ayam Bakso,106,0
2025-07-01,P06,Soto Ayam,71,0
2025-07-01,P07,Ayam Geprek,93,0
2025-07-01,P08,Es Teh Manis,264,0
2025-07-01,P09,Es Jeruk,157,0
2025-07-01,P10,Kopi Hitam,143,0
2025-07-01,P11,Teh Anget,114,0
2025-07-01,P12,Jus Alpukat,66,0
2025-07-01,P13,Es Campur,68,0
2025-07-01,P14,Kerupuk,169,0
2025-07-01,P15,Kue Lumpur,49,0
2025-07-01,P16,Pisang Goreng,81,0
2025-07-01,P17,Lemper,57,0
2025-07-01,P18,Serabi,44,0
2025-07-01,P19,Tahu Isi,75,0
2025-07-01,P20,Tempe Goreng,67,0
2025-07-01,P21,Roti Bakar Coklat,51,0
2025-07-01,P22,Telur Dadar,87,0
2025-07-01,P23,Capcay,70,0
2025-07-01,P24,Nasi Goreng Seafood,59,0
2025-07-01,P25,Bakso Urat,80,0
2025-07-02,P01,Nasi Goreng Spesial,76,0
2025-07-02,P02,Mie Goreng Ayam,50,0
2025-07-02,P03,Nasi Kuning,41,0
2025-07-02,P04,Nasi Uduk,40,0
2025-07-02,P05,Mie Ayam Bakso,53,0
2025-07-02,P06,Soto Ayam,38,0
2025-07-02,P07,Ayam Geprek,41,0
2025-07-02,P08,Es Teh Manis,80,0
2025-07-02,P09,Es Jeruk,33,0
2025-07-02,P10,Kopi Hitam,43,0
2025-07-02,P11,Teh Anget,44,0
2025-07-02,P12,Jus Alpukat,25,0
2025-07-02,P13,Es Campur,19,0
2025-07-02,P14,Kerupuk,98,0
2025-07-02,P15,Kue Lumpur,22,0
2025-07-02,P16,Pisang Goreng,34,0
2025-07-02,P17,Lemper,25,0
2025-07-02,P18,Serabi,17,0
2025-07-02,P19,Tahu Isi,36,0
2025-07-02,P20,Tempe Goreng,31,0
2025-07-02,P21,Roti Bakar Coklat,25,0
2025-07-02,P22,Telur Dadar,37,0
2025-07-02,P23,Capcay,29,0
2025-07-02,P24,Nasi Goreng Seafood,19,0
2025-07-02,P25,Bakso Urat,38,0
2025-07-03,P01,Nasi Goreng Spesial,74,0
2025-07-03,P02,Mie Goreng Ayam,58,0
2025-07-03,P03,Nasi Kuning,38,0
2025-07-03,P04,Nasi Uduk,28,0
2025-07-03,P05,Mie Ayam Bakso,39,0
2025-07-03,P06,Soto Ayam,39,0
2025-07-03,P07,Ayam Geprek,41,0
2025-07-03,P08,Es Teh Manis,76,0
2025-07-03,P09,Es Jeruk,55,0
2025-07-03,P10,Kopi Hitam,34,0
2025-07-03,P11,Teh Anget,38,0
2025-07-03,P12,Jus Alpukat,20,0
2025-07-03,P13,Es Campur,20,0
2025-07-03,P14,Kerupuk,76,0
2025-07-03,P15,Kue Lumpur,19,0
2025-07-03,P16,Pisang Goreng,35,0
2025-07-03,P17,Lemper,29,0
2025-07-03,P18,Serabi,21,0
2025-07-03,P19,Tahu Isi,34,0
2025-07-03,P20,Tempe Goreng,34,0
2025-07-03,P21,Roti Bakar Coklat,23,0
2025-07-03,P22,Telur Dadar,40,0
2025-07-03,P23,Capcay,28,0
2025-07-03,P24,Nasi Goreng Seafood,29,0
2025-07-03,P25,Bakso Urat,38,0
2025-07-04,P01,Nasi Goreng Spesial,75,0
2025-07-04,P02,Mie Goreng Ayam,62,0
2025-07-04,P03,Nasi Kuning,49,0
2025-07-04,P04,Nasi Uduk,34,0
2025-07-04,P05,Mie Ayam Bakso,49,0
2025-07-04,P06,Soto Ayam,38,0
2025-07-04,P07,Ayam Geprek,48,0
2025-07-04,P08,Es Teh Manis,79,0
2025-07-04,P09,Es Jeruk,76,0
2025-07-04,P10,Kopi Hitam,58,0
2025-07-04,P11,Teh Anget,47,0
2025-07-04,P12,Jus Alpukat,25,0
2025-07-04,P13,Es Campur,25,0
2025-07-04,P14,Kerupuk,104,0
2025-07-04,P15,Kue Lumpur,28,0
2025-07-04,P16,Pisang Goreng,47,0
2025-07-04,P17,Lemper,30,0
2025-07-04,P18,Serabi,25,0
2025-07-04,P19,Tahu Isi,45,0
2025-07-04,P20,Tempe Goreng,41,0
2025-07-04,P21,Roti Bakar Coklat,32,0
2025-07-04,P22,Telur Dadar,49,0
2025-07-04,P23,Capcay,35,0
2025-07-04,P24,Nasi Goreng Seafood,30,0
2025-07-04,P25,Bakso Urat,35,0
2025-07-05,P01,Nasi Goreng Spesial,143,0
2025-07-05,P02,Mie Goreng Ayam,123,0
2025-07-05,P03,Nasi Kuning,93,0
2025-07-05,P04,Nasi Uduk,72,0
2025-07-05,P05,Mie Ayam Bakso,106,0
2025-07-05,P06,Soto Ayam,73,0
2025-07-05,P07,Ayam Geprek,94,0
2025-07-05,P08,Es Teh Manis,245,0
2025-07-05,P09,Es Jeruk,156,0
2025-07-05,P10,Kopi Hitam,126,0
2025-07-05,P11,Teh Anget,117,1
2025-07-05,P12,Jus Alpukat,71,0
2025-07-05,P13,Es Campur,54,0
2025-07-05,P14,Kerupuk,179,0
2025-07-05,P15,Kue Lumpur,56,0
2025-07-05,P16,Pisang Goreng,83,0
2025-07-05,P17,Lemper,65,0
2025-07-05,P18,Serabi,48,0
2025-07-05,P19,Tahu Isi,71,0
2025-07-05,P20,Tempe Goreng,68,0
2025-07-05,P21,Roti Bakar Coklat,52,0
2025-07-05,P22,Telur Dadar,82,0
2025-07-05,P23,Capcay,61,0
2025-07-05,P24,Nasi Goreng Seafood,56,0
2025-07-05,P25,Bakso Urat,79,0
2025-07-06,P01,Nasi Goreng Spesial,70,0
2025-07-06,P02,Mie Goreng Ayam,70,0
2025-07-06,P03,Nasi Kuning,48,0
2025-07-06,P04,Nasi Uduk,47,0
2025-07-06,P05,Mie Ayam Bakso,58,0
2025-07-06,P06,Soto Ayam,45,0
2025-07-06,P07,Ayam Geprek,55,0
2025-07-06,P08,Es Teh Manis,81,0
2025-07-06,P09,Es Jeruk,66,0
2025-07-06,P10,Kopi Hitam,54,0
2025-07-06,P11,Teh Anget,46,0
2025-07-06,P12,Jus Alpukat,29,0
2025-07-06,P13,Es Campur,21,0
2025-07-06,P14,Kerupuk,113,0
2025-07-06,P15,Kue Lumpur,26,0
2025-07-06,P16,Pisang Goreng,48,0
2025-07-06,P17,Lemper,34,0
2025-07-06,P18,Serabi,30,0
2025-07-06,P19,Tahu Isi,44,0
2025-07-06,P20,Tempe Goreng,42,0
2025-07-06,P21,Roti Bakar Coklat,26,0
2025-07-06,P22,Telur Dadar,48,0
2025-07-06,P23,Capcay,34,0
2025-07-06,P24,Nasi Goreng Seafood,41,0
2025-07-06,P25,Bakso Urat,43,0
2025-07-07,P01,Nasi Goreng Spesial,111,0
2025-07-07,P02,Mie Goreng Ayam,94,0
2025-07-07,P03,Nasi Kuning,73,0
2025-07-07,P04,Nasi Uduk,73,0
2025-07-07,P05,Mie Ayam Bakso,83,0
2025-07-07,P06,Soto Ayam,58,0
2025-07-07,P07,Ayam Geprek,93,0
2025-07-07,P08,Es Teh Manis,189,0
2025-07-07,P09,Es Jeruk,132,0
2025-07-07,P10,Kopi Hitam,106,0
2025-07-07,P11,Teh Anget,89,0
2025-07-07,P12,Jus Alpukat,55,0
2025-07-07,P13,Es Campur,51,0
2025-07-07,P14,Kerupuk,147,0
2025-07-07,P15,Kue Lumpur,44,0
2025-07-07,P16,Pisang Goreng,70,0
2025-07-07,P17,Lemper,48,0
2025-07-07,P18,Serabi,36,0
2025-07-07,P19,Tahu Isi,64,0
2025-07-07,P20,Tempe Goreng,49,0
2025-07-07,P21,Roti Bakar Coklat,48,0
2025-07-07,P22,Telur Dadar,70,0
2025-07-07,P23,Capcay,53,0
2025-07-07,P24,Nasi Goreng Seafood,44,0
2025-07-07,P25,Bakso Urat,61,0
2025-07-08,P01,Nasi Goreng Spesial,114,0
2025-07-08,P02,Mie Goreng Ayam,92,0
2025-07-08,P03,Nasi Kuning,67,0
2025-07-08,P04,Nasi Uduk,64,0
2025-07-08,P05,Mie Ayam Bakso,91,0
2025-07-08,P06,Soto Ayam,62,0
2025-07-08,P07,Ayam Geprek,79,0
2025-07-08,P08,Es Teh Manis,175,0
2025-07-08,P09,Es Jeruk,126,0
2025-07-08,P10,Kopi Hitam,111,0
2025-07-08,P11,Teh Anget,91,0
2025-07-08,P12,Jus Alpukat,51,0
2025-07-08,P13,Es Campur,38,0
2025-07-08,P14,Kerupuk,137,0
2025-07-08,P15,Kue Lumpur,40,0
2025-07-08,P16,Pisang Goreng,62,0
2025-07-08,P17,Lemper,46,0
2025-07-08,P18,Serabi,38,0
2025-07-08,P19,Tahu Isi,60,0
2025-07-08,P20,Tempe Goreng,57,0
2025-07-08,P21,Roti Bakar Coklat,37,0
2025-07-08,P22,Telur Dadar,72,0
2025-07-08,P23,Capcay,48,0
2025-07-08,P24,Nasi Goreng Seafood,48,0
2025-07-08,P25,Bakso Urat,63,0
2025-07-09,P01,Nasi Goreng Spesial,125,0
2025-07-09,P02,Mie Goreng Ayam,96,0
2025-07-09,P03,Nasi Kuning,73,0
2025-07-09,P04,Nasi Uduk,72,0
2025-07-09,P05,Mie Ayam Bakso,82,0
2025-07-09,P06,Soto Ayam,55,0
2025-07-09,P07,Ayam Geprek,72,0
2025-07-09,P08,Es Teh Manis,196,0
2025-07-09,P09,Es Jeruk,132,0
2025-07-09,P10,Kopi Hitam,101,0
2025-07-09,P11,Teh Anget,81,0
2025-07-09,P12,Jus Alpukat,52,0
2025-07-09,P13,Es Campur,50,0
2025-07-09,P14,Kerupuk,136,0
2025-07-09,P15,Kue Lumpur,40,0
2025-07-09,P16,Pisang Goreng,60,0
2025-07-09,P17,Lemper,46,0
2025-07-09,P18,Serabi,36,0
2025-07-09,P19,Tahu Isi,68,0
2025-07-09,P20,Tempe Goreng,54,0
2025-07-09,P21,Roti Bakar Coklat,41,0
2025-07-09,P22,Telur Dadar,78,0
2025-07-09,P23,Capcay,58,0
2025-07-09,P24,Nasi Goreng Seafood,47,0
2025-07-09,P25,Bakso Urat,77,0
2025-07-10,P01,Nasi Goreng Spesial,135,0
2025-07-10,P02,Mie Goreng Ayam,101,0
2025-07-10,P03,Nasi Kuning,83,0
2025-07-10,P04,Nasi Uduk,66,0
2025-07-10,P05,Mie Ayam Bakso,88,0
2025-07-10,P06,Soto Ayam,67,0
2025-07-10,P07,Ayam Geprek,90,0
2025-07-10,P08,Es Teh Manis,348,0
2025-07-10,P09,Es Jeruk,166,1
2025-07-10,P10,Kopi Hitam,154,1
2025-07-10,P11,Teh Anget,147,0
2025-07-10,P12,Jus Alpukat,89,0
2025-07-10,P13,Es Campur,78,1
2025-07-10,P14,Kerupuk,162,0
2025-07-10,P15,Kue Lumpur,48,0
2025-07-10,P16,Pisang Goreng,70,0
2025-07-10,P17,Lemper,51,0
2025-07-10,P18,Serabi,40,0
2025-07-10,P19,Tahu Isi,62,0
2025-07-10,P20,Tempe Goreng,57,0
2025-07-10,P21,Roti Bakar Coklat,43,0
2025-07-10,P22,Telur Dadar,77,0
2025-07-10,P23,Capcay,60,0
2025-07-10,P24,Nasi Goreng Seafood,50,0
2025-07-10,P25,Bakso Urat,74,0
2025-07-11,P01,Nasi Goreng Spesial,96,0
2025-07-11,P02,Mie Goreng Ayam,73,0
2025-07-11,P03,Nasi Kuning,56,0
2025-07-11,P04,Nasi Uduk,62,0
2025-07-11,P05,Mie Ayam Bakso,61,0
2025-07-11,P06,Soto Ayam,49,0
2025-07-11,P07,Ayam Geprek,59,0
2025-07-11,P08,Es Teh Manis,107,0
2025-07-11,P09,Es Jeruk,78,0
2025-07-11,P10,Kopi Hitam,58,0
2025-07-11,P11,Teh Anget,58,0
2025-07-11,P12,Jus Alpukat,37,0
2025-07-11,P13,Es Campur,31,0
2025-07-11,P14,Kerupuk,133,0
2025-07-11,P15,Kue Lumpur,32,0
2025-07-11,P16,Pisang Goreng,55,0
2025-07-11,P17,Lemper,42,0
2025-07-11,P18,Serabi,33,0
2025-07-11,P19,Tahu Isi,58,0
2025-07-11,P20,Tempe Goreng,50,0
2025-07-11,P21,Roti Bakar Coklat,38,0
2025-07-11,P22,Telur Dadar,72,0
2025-07-11,P23,Capcay,45,0
2025-07-11,P24,Nasi Goreng Seafood,39,0
2025-07-11,P25,Bakso Urat,56,0
2025-07-12,P01,Nasi Goreng Spesial,152,1
2025-07-12,P02,Mie Goreng Ayam,186,0
2025-07-12,P03,Nasi Kuning,135,0
2025-07-12,P04,Nasi Uduk,122,0
2025-07-12,P05,Mie Ayam Bakso,168,0
2025-07-12,P06,Soto Ayam,103,1
2025-07-12,P07,Ayam Geprek,109,1
2025-07-12,P08,Es Teh Manis,244,1
2025-07-12,P09,Es Jeruk,235,0
2025-07-12,P10,Kopi Hitam,193,0
2025-07-12,P11,Teh Anget,139,1
2025-07-12,P12,Jus Alpukat,79,1
2025-07-12,P13,Es Campur,83,1
2025-07-12,P14,Kerupuk,261,0
2025-07-12,P15,Kue Lumpur,73,1
2025-07-12,P16,Pisang Goreng,132,0
2025-07-12,P17,Lemper,84,1
2025-07-12,P18,Serabi,59,1
2025-07-12,P19,Tahu Isi,104,1
2025-07-12,P20,Tempe Goreng,110,0
2025-07-12,P21,Roti Bakar Coklat,78,0
2025-07-12,P22,Telur Dadar,124,1
2025-07-12,P23,Capcay,83,1
2025-07-12,P24,Nasi Goreng Seafood,67,1
2025-07-12,P25,Bakso Urat,83,1
2025-07-13,P01,Nasi Goreng Spesial,73,0
2025-07-13,P02,Mie Goreng Ayam,72,0
2025-07-13,P03,Nasi Kuning,53,0
2025-07-13,P04,Nasi Uduk,47,0
2025-07-13,P05,Mie Ayam Bakso,52,0
2025-07-13,P06,Soto Ayam,38,0
2025-07-13,P07,Ayam Geprek,62,0
2025-07-13,P08,Es Teh Manis,87,0
2025-07-13,P09,Es Jeruk,72,0
2025-07-13,P10,Kopi Hitam,47,0
2025-07-13,P11,Teh Anget,51,0
2025-07-13,P12,Jus Alpukat,24,0
2025-07-13,P13,Es Campur,21,0
2025-07-13,P14,Kerupuk,99,0
2025-07-13,P15,Kue Lumpur,29,0
2025-07-13,P16,Pisang Goreng,50,0
2025-07-13,P17,Lemper,35,0
2025-07-13,P18,Serabi,24,0
2025-07-13,P19,Tahu Isi,44,0
2025-07-13,P20,Tempe Goreng,35,0
2025-07-13,P21,Roti Bakar Coklat,32,0
2025-07-13,P22,Telur Dadar,53,0
2025-07-13,P23,Capcay,37,0
2025-07-13,P24,Nasi Goreng Seafood,33,0
2025-07-13,P25,Bakso Urat,53,0
2025-07-14,P01,Nasi Goreng Spesial,106,0
2025-07-14,P02,Mie Goreng Ayam,93,0
2025-07-14,P03,Nasi Kuning,59,0
2025-07-14,P04,Nasi Uduk,57,0
2025-07-14,P05,Mie Ayam Bakso,77,0
2025-07-14,P06,Soto Ayam,56,0
2025-07-14,P07,Ayam Geprek,71,0
2025-07-14,P08,Es Teh Manis,191,0
2025-07-14,P09,Es Jeruk,127,0
2025-07-14,P10,Kopi Hitam,99,0
2025-07-14,P11,Teh Anget,88,0
2025-07-14,P12,Jus Alpukat,53,0
2025-07-14,P13,Es Campur,47,0
2025-07-14,P14,Kerupuk,137,0
2025-07-14,P15,Kue Lumpur,40,0
2025-07-14,P16,Pisang Goreng,65,0
2025-07-14,P17,Lemper,43,0
2025-07-14,P18,Serabi,30,0
2025-07-14,P19,Tahu Isi,61,0
2025-07-14,P20,Tempe Goreng,52,0
2025-07-14,P21,Roti Bakar Coklat,37,0
2025-07-14,P22,Telur Dadar,69,0
2025-07-14,P23,Capcay,55,0
2025-07-14,P24,Nasi Goreng Seafood,51,0
2025-07-14,P25,Bakso Urat,64,0
2025-07-15,P01,Nasi Goreng Spesial,124,0
2025-07-15,P02,Mie Goreng Ayam,101,0
2025-07-15,P03,Nasi Kuning,69,0
2025-07-15,P04,Nasi Uduk,56,0
2025-07-15,P05,Mie Ayam Bakso,86,0
2025-07-15,P06,Soto Ayam,54,0
2025-07-15,P07,Ayam Geprek,77,0
2025-07-15,P08,Es Teh Manis,178,0
2025-07-15,P09,Es Jeruk,153,0
2025-07-15,P10,Kopi Hitam,99,0
2025-07-15,P11,Teh Anget,91,0
2025-07-15,P12,Jus Alpukat,47,0
2025-07-15,P13,Es Campur,48,0
2025-07-15,P14,Kerupuk,132,0
2025-07-15,P15,Kue Lumpur,42,0
2025-07-15,P16,Pisang Goreng,60,0
2025-07-15,P17,Lemper,49,0
2025-07-15,P18,Serabi,31,0
2025-07-15,P19,Tahu Isi,55,0
2025-07-15,P20,Tempe Goreng,50,0
2025-07-15,P21,Roti Bakar Coklat,41,0
2025-07-15,P22,Telur Dadar,70,0
2025-07-15,P23,Capcay,54,0
2025-07-15,P24,Nasi Goreng Seafood,46,0
2025-07-15,P25,Bakso Urat,65,0
2025-07-16,P01,Nasi Goreng Spesial,104,0
2025-07-16,P02,Mie Goreng Ayam,112,0
2025-07-16,P03,Nasi Kuning,72,0
2025-07-16,P04,Nasi Uduk,71,0
2025-07-16,P05,Mie Ayam Bakso,81,0
2025-07-16,P06,Soto Ayam,63,0
2025-07-16,P07,Ayam Geprek,65,0
2025-07-16,P08,Es Teh Manis,199,0
2025-07-16,P09,Es Jeruk,139,0
2025-07-16,P10,Kopi Hitam,118,0
2025-07-16,P11,Teh Anget,102,0
2025-07-16,P12,Jus Alpukat,53,0
2025-07-16,P13,Es Campur,53,0
2025-07-16,P14,Kerupuk,154,0
2025-07-16,P15,Kue Lumpur,48,0
2025-07-16,P16,Pisang Goreng,68,0
2025-07-16,P17,Lemper,46,0
2025-07-16,P18,Serabi,32,0
2025-07-16,P19,Tahu Isi,66,0
2025-07-16,P20,Tempe Goreng,56,0
2025-07-16,P21,Roti Bakar Coklat,41,0
2025-07-16,P22,Telur Dadar,64,0
2025-07-16,P23,Capcay,50,0
2025-07-16,P24,Nasi Goreng Seafood,50,0
2025-07-16,P25,Bakso Urat,67,0
2025-07-17,P01,Nasi Goreng Spesial,119,0
2025-07-17,P02,Mie Goreng Ayam,87,0
2025-07-17,P03,Nasi Kuning,71,0
2025-07-17,P04,Nasi Uduk,71,0
2025-07-17,P05,Mie Ayam Bakso,75,0
2025-07-17,P06,Soto Ayam,63,0
2025-07-17,P07,Ayam Geprek,85,0
2025-07-17,P08,Es Teh Manis,208,0
2025-07-17,P09,Es Jeruk,142,0
2025-07-17,P10,Kopi Hitam,126,0
2025-07-17,P11,Teh Anget,97,0
2025-07-17,P12,Jus Alpukat,50,0
2025-07-17,P13,Es Campur,52,0
2025-07-17,P14,Kerupuk,146,0
2025-07-17,P15,Kue Lumpur,43,0
2025-07-17,P16,Pisang Goreng,61,0
2025-07-17,P17,Lemper,46,0
2025-07-17,P18,Serabi,37,0
2025-07-17,P19,Tahu Isi,59,0
2025-07-17,P20,Tempe Goreng,47,0
2025-07-17,P21,Roti Bakar Coklat,45,0
2025-07-17,P22,Telur Dadar,70,0
2025-07-17,P23,Capcay,57,0
2025-07-17,P24,Nasi Goreng Seafood,42,0
2025-07-17,P25,Bakso Urat,64,0
2025-07-18,P01,Nasi Goreng Spesial,126,0
2025-07-18,P02,Mie Goreng Ayam,106,0
2025-07-18,P03,Nasi Kuning,73,0
2025-07-18,P04,Nasi Uduk,64,0
2025-07-18,P05,Mie Ayam Bakso,92,0
2025-07-18,P06,Soto Ayam,52,0
2025-07-18,P07,Ayam Geprek,81,0
2025-07-18,P08,Es Teh Manis,147,0
2025-07-18,P09,Es Jeruk,87,0
2025-07-18,P10,Kopi Hitam,84,0
2025-07-18,P11,Teh Anget,64,0
2025-07-18,P12,Jus Alpukat,36,0
2025-07-18,P13,Es Campur,37,0
2025-07-18,P14,Kerupuk,138,0
2025-07-18,P15,Kue Lumpur,45,0
2025-07-18,P16,Pisang Goreng,59,0
2025-07-18,P17,Lemper,50,0
2025-07-18,P18,Serabi,37,0
2025-07-18,P19,Tahu Isi,59,0
2025-07-18,P20,Tempe Goreng,57,0
2025-07-18,P21,Roti Bakar Coklat,43,0
2025-07-18,P22,Telur Dadar,78,0
2025-07-18,P23,Capcay,56,0
2025-07-18,P24,Nasi Goreng Seafood,50,0
2025-07-18,P25,Bakso Urat,68,0
2025-07-19,P01,Nasi Goreng Spesial,155,0
2025-07-19,P02,Mie Goreng Ayam,111,0
2025-07-19,P03,Nasi Kuning,92,0
2025-07-19,P04,Nasi Uduk,82,0
2025-07-19,P05,Mie Ayam Bakso,110,0
2025-07-19,P06,Soto Ayam,75,0
2025-07-19,P07,Ayam Geprek,98,0
2025-07-19,P08,Es Teh Manis,162,0
2025-07-19,P09,Es Jeruk,126,0
2025-07-19,P10,Kopi Hitam,93,0
2025-07-19,P11,Teh Anget,89,0
2025-07-19,P12,Jus Alpukat,47,0
2025-07-19,P13,Es Campur,41,0
2025-07-19,P14,Kerupuk,184,1
2025-07-19,P15,Kue Lumpur,58,0
2025-07-19,P16,Pisang Goreng,86,0
2025-07-19,P17,Lemper,65,0
2025-07-19,P18,Serabi,48,0
2025-07-19,P19,Tahu Isi,81,0
2025-07-19,P20,Tempe Goreng,73,0
2025-07-19,P21,Roti Bakar Coklat,57,0
2025-07-19,P22,Telur Dadar,91,0
2025-07-19,P23,Capcay,74,0
2025-07-19,P24,Nasi Goreng Seafood,62,0
2025-07-19,P25,Bakso Urat,95,0
2025-07-20,P01,Nasi Goreng Spesial,146,1
2025-07-20,P02,Mie Goreng Ayam,183,1
2025-07-20,P03,Nasi Kuning,112,1
2025-07-20,P04,Nasi Uduk,116,1
2025-07-20,P05,Mie Ayam Bakso,145,1
2025-07-20,P06,Soto Ayam,124,1
2025-07-20,P07,Ayam Geprek,140,1
2025-07-20,P08,Es Teh Manis,329,1
2025-07-20,P09,Es Jeruk,270,1
2025-07-20,P10,Kopi Hitam,244,1
2025-07-20,P11,Teh Anget,190,1
2025-07-20,P12,Jus Alpukat,111,1
2025-07-20,P13,Es Campur,85,1
2025-07-20,P14,Kerupuk,301,0
2025-07-20,P15,Kue Lumpur,74,1
2025-07-20,P16,Pisang Goreng,136,0
2025-07-20,P17,Lemper,100,0
2025-07-20,P18,Serabi,51,1
2025-07-20,P19,Tahu Isi,78,1
2025-07-20,P20,Tempe Goreng,111,1
2025-07-20,P21,Roti Bakar Coklat,84,1
2025-07-20,P22,Telur Dadar,137,1
2025-07-20,P23,Capcay,110,0
2025-07-20,P24,Nasi Goreng Seafood,88,1
2025-07-20,P25,Bakso Urat,107,1
2025-07-21,P01,Nasi Goreng Spesial,193,0
2025-07-21,P02,Mie Goreng Ayam,157,0
2025-07-21,P03,Nasi Kuning,92,1
2025-07-21,P04,Nasi Uduk,105,0
2025-07-21,P05,Mie Ayam Bakso,134,1
2025-07-21,P06,Soto Ayam,87,1
2025-07-21,P07,Ayam Geprek,112,1
2025-07-21,P08,Es Teh Manis,279,1
2025-07-21,P09,Es Jeruk,213,1
2025-07-21,P10,Kopi Hitam,168,1
2025-07-21,P11,Teh Anget,183,0
2025-07-21,P12,Jus Alpukat,96,1
2025-07-21,P13,Es Campur,82,1
2025-07-21,P14,Kerupuk,204,1
2025-07-21,P15,Kue Lumpur,70,0
2025-07-21,P16,Pisang Goreng,87,1
2025-07-21,P17,Lemper,72,1
2025-07-21,P18,Serabi,65,0
2025-07-21,P19,Tahu Isi,101,0
2025-07-21,P20,Tempe Goreng,92,0
2025-07-21,P21,Roti Bakar Coklat,69,0
2025-07-21,P22,Telur Dadar,114,0
2025-07-21,P23,Capcay,84,1
2025-07-21,P24,Nasi Goreng Seafood,87,0
2025-07-21,P25,Bakso Urat,107,0
2025-07-22,P01,Nasi Goreng Spesial,202,0
2025-07-22,P02,Mie Goreng Ayam,172,0
2025-07-22,P03,Nasi Kuning,92,1
2025-07-22,P04,Nasi Uduk,110,0
2025-07-22,P05,Mie Ayam Bakso,128,1
2025-07-22,P06,Soto Ayam,100,0
2025-07-22,P07,Ayam Geprek,143,0
2025-07-22,P08,Es Teh Manis,349,0
2025-07-22,P09,Es Jeruk,237,0
2025-07-22,P10,Kopi Hitam,197,0
2025-07-22,P11,Teh Anget,120,1
2025-07-22,P12,Jus Alpukat,97,1
2025-07-22,P13,Es Campur,74,1
2025-07-22,P14,Kerupuk,256,0
2025-07-22,P15,Kue Lumpur,72,0
2025-07-22,P16,Pisang Goreng,90,1
2025-07-22,P17,Lemper,73,1
2025-07-22,P18,Serabi,60,0
2025-07-22,P19,Tahu Isi,108,0
2025-07-22,P20,Tempe Goreng,74,1
2025-07-22,P21,Roti Bakar Coklat,71,0
2025-07-22,P22,Telur Dadar,117,1
2025-07-22,P23,Capcay,98,0
2025-07-22,P24,Nasi Goreng Seafood,83,0
2025-07-22,P25,Bakso Urat,100,1
2025-07-23,P01,Nasi Goreng Spesial,214,0
2025-07-23,P02,Mie Goreng Ayam,135,1
2025-07-23,P03,Nasi Kuning,105,1
2025-07-23,P04,Nasi Uduk,125,0
2025-07-23,P05,Mie Ayam Bakso,151,0
2025-07-23,P06,Soto Ayam,85,1
2025-07-23,P07,Ayam Geprek,131,1
2025-07-23,P08,Es Teh Manis,269,1
2025-07-23,P09,Es Jeruk,218,1
2025-07-23,P10,Kopi Hitam,182,1
2025-07-23,P11,Teh Anget,124,1
2025-07-23,P12,Jus Alpukat,71,1
2025-07-23,P13,Es Campur,90,0
2025-07-23,P14,Kerupuk,263,0
2025-07-23,P15,Kue Lumpur,53,1
2025-07-23,P16,Pisang Goreng,116,0
2025-07-23,P17,Lemper,65,1
2025-07-23,P18,Serabi,67,0
2025-07-23,P19,Tahu Isi,106,0
2025-07-23,P20,Tempe Goreng,101,0
2025-07-23,P21,Roti Bakar Coklat,76,0
2025-07-23,P22,Telur Dadar,119,1
2025-07-23,P23,Capcay,82,1
2025-07-23,P24,Nasi Goreng Seafood,80,0
2025-07-23,P25,Bakso Urat,92,1
2025-07-24,P01,Nasi Goreng Spesial,115,0
2025-07-24,P02,Mie Goreng Ayam,92,0
2025-07-24,P03,Nasi Kuning,71,0
2025-07-24,P04,Nasi Uduk,65,0
2025-07-24,P05,Mie Ayam Bakso,82,0
2025-07-24,P06,Soto Ayam,57,0
2025-07-24,P07,Ayam Geprek,82,0
2025-07-24,P08,Es Teh Manis,215,0
2025-07-24,P09,Es Jeruk,141,0
2025-07-24,P10,Kopi Hitam,106,0
2025-07-24,P11,Teh Anget,96,0
2025-07-24,P12,Jus Alpukat,55,0
2025-07-24,P13,Es Campur,48,0
2025-07-24,P14,Kerupuk,143,0
2025-07-24,P15,Kue Lumpur,41,0
2025-07-24,P16,Pisang Goreng,69,0
2025-07-24,P17,Lemper,48,0
2025-07-24,P18,Serabi,34,0
2025-07-24,P19,Tahu Isi,57,0
2025-07-24,P20,Tempe Goreng,55,0
2025-07-24,P21,Roti Bakar Coklat,43,0
2025-07-24,P22,Telur Dadar,72,0
2025-07-24,P23,Capcay,51,0
2025-07-24,P24,Nasi Goreng Seafood,53,0
2025-07-24,P25,Bakso Urat,72,0
2025-07-25,P01,Nasi Goreng Spesial,103,0
2025-07-25,P02,Mie Goreng Ayam,94,0
2025-07-25,P03,Nasi Kuning,68,0
2025-07-25,P04,Nasi Uduk,62,0
2025-07-25,P05,Mie Ayam Bakso,87,0
2025-07-25,P06,Soto Ayam,61,0
2025-07-25,P07,Ayam Geprek,82,0
2025-07-25,P08,Es Teh Manis,199,0
2025-07-25,P09,Es Jeruk,145,0
2025-07-25,P10,Kopi Hitam,106,0
2025-07-25,P11,Teh Anget,90,0
2025-07-25,P12,Jus Alpukat,59,0
2025-07-25,P13,Es Campur,51,0
2025-07-25,P14,Kerupuk,133,0
2025-07-25,P15,Kue Lumpur,36,0
2025-07-25,P16,Pisang Goreng,61,0
2025-07-25,P17,Lemper,43,0
2025-07-25,P18,Serabi,38,0
2025-07-25,P19,Tahu Isi,59,0
2025-07-25,P20,Tempe Goreng,48,0
2025-07-25,P21,Roti Bakar Coklat,36,0
2025-07-25,P22,Telur Dadar,65,0
2025-07-25,P23,Capcay,49,0
2025-07-25,P24,Nasi Goreng Seafood,45,0
2025-07-25,P25,Bakso Urat,68,0
2025-07-26,P01,Nasi Goreng Spesial,134,0
2025-07-26,P02,Mie Goreng Ayam,113,0
2025-07-26,P03,Nasi Kuning,90,0
2025-07-26,P04,Nasi Uduk,69,0
2025-07-26,P05,Mie Ayam Bakso,92,0
2025-07-26,P06,Soto Ayam,69,0
2025-07-26,P07,Ayam Geprek,86,0
2025-07-26,P08,Es Teh Manis,247,0
2025-07-26,P09,Es Jeruk,177,1
2025-07-26,P10,Kopi Hitam,140,0
2025-07-26,P11,Teh Anget,107,0
2025-07-26,P12,Jus Alpukat,69,0
2025-07-26,P13,Es Campur,63,0
2025-07-26,P14,Kerupuk,175,0
2025-07-26,P15,Kue Lumpur,52,0
2025-07-26,P16,Pisang Goreng,82,0
2025-07-26,P17,Lemper,58,0
2025-07-26,P18,Serabi,41,0
2025-07-26,P19,Tahu Isi,71,0
2025-07-26,P20,Tempe Goreng,63,0
2025-07-26,P21,Roti Bakar Coklat,50,0
2025-07-26,P22,Telur Dadar,86,0
2025-07-26,P23,Capcay,64,0
2025-07-26,P24,Nasi Goreng Seafood,58,0
2025-07-26,P25,Bakso Urat,74,0
2025-07-27,P01,Nasi Goreng Spesial,142,0
2025-07-27,P02,Mie Goreng Ayam,127,0
2025-07-27,P03,Nasi Kuning,86,0
2025-07-27,P04,Nasi Uduk,86,0
2025-07-27,P05,Mie Ayam Bakso,100,0
2025-07-27,P06,Soto Ayam,77,0
2025-07-27,P07,Ayam Geprek,108,0
2025-07-27,P08,Es Teh Manis,242,0
2025-07-27,P09,Es Jeruk,143,0
2025-07-27,P10,Kopi Hitam,136,0
2025-07-27,P11,Teh Anget,117,1
2025-07-27,P12,Jus Alpukat,75,0
2025-07-27,P13,Es Campur,59,0
2025-07-27,P14,Kerupuk,174,0
2025-07-27,P15,Kue Lumpur,56,0
2025-07-27,P16,Pisang Goreng,93,0
2025-07-27,P17,Lemper,62,0
2025-07-27,P18,Serabi,46,1
2025-07-27,P19,Tahu Isi,74,0
2025-07-27,P20,Tempe Goreng,71,0
2025-07-27,P21,Roti Bakar Coklat,47,0
2025-07-27,P22,Telur Dadar,88,0
2025-07-27,P23,Capcay,69,0
2025-07-27,P24,Nasi Goreng Seafood,60,0
2025-07-27,P25,Bakso Urat,79,0
2025-07-28,P01,Nasi Goreng Spesial,111,0
2025-07-28,P02,Mie Goreng Ayam,109,0
2025-07-28,P03,Nasi Kuning,75,0
2025-07-28,P04,Nasi Uduk,72,0
2025-07-28,P05,Mie Ayam Bakso,90,0
2025-07-28,P06,Soto Ayam,60,0
2025-07-28,P07,Ayam Geprek,78,0
2025-07-28,P08,Es Teh Manis,196,0
2025-07-28,P09,Es Jeruk,143,0
2025-07-28,P10,Kopi Hitam,108,0
2025-07-28,P11,Teh Anget,104,0
2025-07-28,P12,Jus Alpukat,53,0
2025-07-28,P13,Es Campur,50,0
2025-07-28,P14,Kerupuk,141,0
2025-07-28,P15,Kue Lumpur,40,0
2025-07-28,P16,Pisang Goreng,75,0
2025-07-28,P17,Lemper,46,0
2025-07-28,P18,Serabi,35,0
2025-07-28,P19,Tahu Isi,57,0
2025-07-28,P20,Tempe Goreng,54,0
2025-07-28,P21,Roti Bakar Coklat,41,0
2025-07-28,P22,Telur Dadar,67,0
2025-07-28,P23,Capcay,53,0
2025-07-28,P24,Nasi Goreng Seafood,50,0
2025-07-28,P25,Bakso Urat,71,0
2025-07-29,P01,Nasi Goreng Spesial,70,0
2025-07-29,P02,Mie Goreng Ayam,42,0
2025-07-29,P03,Nasi Kuning,34,0
2025-07-29,P04,Nasi Uduk,39,0
2025-07-29,P05,Mie Ayam Bakso,45,0
2025-07-29,P06,Soto Ayam,35,0
2025-07-29,P07,Ayam Geprek,42,0
2025-07-29,P08,Es Teh Manis,80,0
2025-07-29,P09,Es Jeruk,50,0
2025-07-29,P10,Kopi Hitam,37,0
2025-07-29,P11,Teh Anget,47,0
2025-07-29,P12,Jus Alpukat,28,0
2025-07-29,P13,Es Campur,17,0
2025-07-29,P14,Kerupuk,71,0
2025-07-29,P15,Kue Lumpur,22,0
2025-07-29,P16,Pisang Goreng,39,0
2025-07-29,P17,Lemper,26,0
2025-07-29,P18,Serabi,21,0
2025-07-29,P19,Tahu Isi,34,0
2025-07-29,P20,Tempe Goreng,30,0
2025-07-29,P21,Roti Bakar Coklat,30,0
2025-07-29,P22,Telur Dadar,37,0
2025-07-29,P23,Capcay,35,0
2025-07-29,P24,Nasi Goreng Seafood,31,0
2025-07-29,P25,Bakso Urat,38,0
2025-07-30,P01,Nasi Goreng Spesial,117,0
2025-07-30,P02,Mie Goreng Ayam,104,0
2025-07-30,P03,Nasi Kuning,80,0
2025-07-30,P04,Nasi Uduk,72,0
2025-07-30,P05,Mie Ayam Bakso,90,0
2025-07-30,P06,Soto Ayam,65,0
2025-07-30,P07,Ayam Geprek,89,0
2025-07-30,P08,Es Teh Manis,314,0
2025-07-30,P09,Es Jeruk,227,1
2025-07-30,P10,Kopi Hitam,186,0
2025-07-30,P11,Teh Anget,161,0
2025-07-30,P12,Jus Alpukat,91,0
2025-07-30,P13,Es Campur,76,1
2025-07-30,P14,Kerupuk,156,0
2025-07-30,P15,Kue Lumpur,47,0
2025-07-30,P16,Pisang Goreng,70,0
2025-07-30,P17,Lemper,56,0
2025-07-30,P18,Serabi,35,0
2025-07-30,P19,Tahu Isi,68,0
2025-07-30,P20,Tempe Goreng,58,0
2025-07-30,P21,Roti Bakar Coklat,42,0
2025-07-30,P22,Telur Dadar,89,0
2025-07-30,P23,Capcay,66,0
2025-07-30,P24,Nasi Goreng Seafood,46,0
2025-07-30,P25,Bakso Urat,74,0
2025-07-31,P01,Nasi Goreng Spesial,116,0
2025-07-31,P02,Mie Goreng Ayam,105,0
2025-07-31,P03,Nasi Kuning,70,0
2025-07-31,P04,Nasi Uduk,72,0
2025-07-31,P05,Mie Ayam Bakso,88,0
2025-07-31,P06,Soto Ayam,61,0
2025-07-31,P07,Ayam Geprek,85,0
2025-07-31,P08,Es Teh Manis,198,0
2025-07-31,P09,Es Jeruk,134,0
2025-07-31,P10,Kopi Hitam,114,0
2025-07-31,P11,Teh Anget,90,0
2025-07-31,P12,Jus Alpukat,47,0
2025-07-31,P13,Es Campur,46,0
2025-07-31,P14,Kerupuk,127,0
2025-07-31,P15,Kue Lumpur,44,0
2025-07-31,P16,Pisang Goreng,70,0
2025-07-31,P17,Lemper,51,0
2025-07-31,P18,Serabi,37,0
2025-07-31,P19,Tahu Isi,64,0
2025-07-31,P20,Tempe Goreng,48,0
2025-07-31,P21,Roti Bakar Coklat,42,0
2025-07-31,P22,Telur Dadar,67,0
2025-07-31,P23,Capcay,54,0
2025-07-31,P24,Nasi Goreng Seafood,54,0
2025-07-31,P25,Bakso Urat,73,0
2025-08-01,P01,Nasi Goreng Spesial,120,0
2025-08-01,P02,Mie Goreng Ayam,100,0
2025-08-01,P03,Nasi Kuning,72,0
2025-08-01,P04,Nasi Uduk,66,0
2025-08-01,P05,Mie Ayam Bakso,87,0
2025-08-01,P06,Soto Ayam,66,0
2025-08-01,P07,Ayam Geprek,82,0
2025-08-01,P08,Es Teh Manis,219,0
2025-08-01,P09,Es Jeruk,148,0
2025-08-01,P10,Kopi Hitam,124,0
2025-08-01,P11,Teh Anget,102,0
2025-08-01,P12,Jus Alpukat,62,0
2025-08-01,P13,Es Campur,46,0
2025-08-01,P14,Kerupuk,153,0
2025-08-01,P15,Kue Lumpur,46,0
2025-08-01,P16,Pisang Goreng,73,0
2025-08-01,P17,Lemper,46,0
2025-08-01,P18,Serabi,38,0
2025-08-01,P19,Tahu Isi,61,0
2025-08-01,P20,Tempe Goreng,61,0
2025-08-01,P21,Roti Bakar Coklat,38,0
2025-08-01,P22,Telur Dadar,71,0
2025-08-01,P23,Capcay,49,0
2025-08-01,P24,Nasi Goreng Seafood,50,0
2025-08-01,P25,Bakso Urat,78,0
2025-08-02,P01,Nasi Goreng Spesial,111,0
2025-08-02,P02,Mie Goreng Ayam,89,0
2025-08-02,P03,Nasi Kuning,66,0
2025-08-02,P04,Nasi Uduk,54,0
2025-08-02,P05,Mie Ayam Bakso,79,0
2025-08-02,P06,Soto Ayam,55,0
2025-08-02,P07,Ayam Geprek,68,0
2025-08-02,P08,Es Teh Manis,108,0
2025-08-02,P09,Es Jeruk,80,0
2025-08-02,P10,Kopi Hitam,77,0
2025-08-02,P11,Teh Anget,47,0
2025-08-02,P12,Jus Alpukat,29,0
2025-08-02,P13,Es Campur,26,0
2025-08-02,P14,Kerupuk,129,0
2025-08-02,P15,Kue Lumpur,38,0
2025-08-02,P16,Pisang Goreng,65,0
2025-08-02,P17,Lemper,45,0
2025-08-02,P18,Serabi,33,0
2025-08-02,P19,Tahu Isi,56,0
2025-08-02,P20,Tempe Goreng,52,0
2025-08-02,P21,Roti Bakar Coklat,34,0
2025-08-02,P22,Telur Dadar,67,0
2025-08-02,P23,Capcay,44,0
2025-08-02,P24,Nasi Goreng Seafood,40,0
2025-08-02,P25,Bakso Urat,59,0
2025-08-03,P01,Nasi Goreng Spesial,149,0
2025-08-03,P02,Mie Goreng Ayam,122,0
2025-08-03,P03,Nasi Kuning,100,0
2025-08-03,P04,Nasi Uduk,79,0
2025-08-03,P05,Mie Ayam Bakso,103,0
2025-08-03,P06,Soto Ayam,76,0
2025-08-03,P07,Ayam Geprek,100,0
2025-08-03,P08,Es Teh Manis,231,0
2025-08-03,P09,Es Jeruk,181,0
2025-08-03,P10,Kopi Hitam,145,0
2025-08-03,P11,Teh Anget,107,0
2025-08-03,P12,Jus Alpukat,71,0
2025-08-03,P13,Es Campur,61,0
2025-08-03,P14,Kerupuk,185,0
2025-08-03,P15,Kue Lumpur,51,0
2025-08-03,P16,Pisang Goreng,88,0
2025-08-03,P17,Lemper,68,0
2025-08-03,P18,Serabi,48,0
2025-08-03,P19,Tahu Isi,70,0
2025-08-03,P20,Tempe Goreng,71,1
2025-08-03,P21,Roti Bakar Coklat,54,0
2025-08-03,P22,Telur Dadar,86,0
2025-08-03,P23,Capcay,70,0
2025-08-03,P24,Nasi Goreng Seafood,63,0
2025-08-03,P25,Bakso Urat,81,0
2025-08-04,P01,Nasi Goreng Spesial,63,0
2025-08-04,P02,Mie Goreng Ayam,53,0
2025-08-04,P03,Nasi Kuning,48,0
2025-08-04,P04,Nasi Uduk,42,0
2025-08-04,P05,Mie Ayam Bakso,49,0
2025-08-04,P06,Soto Ayam,28,0
2025-08-04,P07,Ayam Geprek,40,0
2025-08-04,P08,Es Teh Manis,64,0
2025-08-04,P09,Es Jeruk,54,0
2025-08-04,P10,Kopi Hitam,40,0
2025-08-04,P11,Teh Anget,46,0
2025-08-04,P12,Jus Alpukat,16,0
2025-08-04,P13,Es Campur,15,0
2025-08-04,P14,Kerupuk,86,0
2025-08-04,P15,Kue Lumpur,26,0
2025-08-04,P16,Pisang Goreng,27,0
2025-08-04,P17,Lemper,22,0
2025-08-04,P18,Serabi,20,0
2025-08-04,P19,Tahu Isi,40,0
2025-08-04,P20,Tempe Goreng,38,0
2025-08-04,P21,Roti Bakar Coklat,23,0
2025-08-04,P22,Telur Dadar,40,0
2025-08-04,P23,Capcay,28,0
2025-08-04,P24,Nasi Goreng Seafood,29,0
2025-08-04,P25,Bakso Urat,44,0
2025-08-05,P01,Nasi Goreng Spesial,63,0
2025-08-05,P02,Mie Goreng Ayam,65,0
2025-08-05,P03,Nasi Kuning,55,0
2025-08-05,P04,Nasi Uduk,50,0
2025-08-05,P05,Mie Ayam Bakso,61,0
2025-08-05,P06,Soto Ayam,44,0
2025-08-05,P07,Ayam Geprek,48,0
2025-08-05,P08,Es Teh Manis,117,0
2025-08-05,P09,Es Jeruk,58,0
2025-08-05,P10,Kopi Hitam,47,0
2025-08-05,P11,Teh Anget,49,0
2025-08-05,P12,Jus Alpukat,26,0
2025-08-05,P13,Es Campur,25,0
2025-08-05,P14,Kerupuk,106,0
2025-08-05,P15,Kue Lumpur,34,0
2025-08-05,P16,Pisang Goreng,48,0
2025-08-05,P17,Lemper,32,0
2025-08-05,P18,Serabi,27,0
2025-08-05,P19,Tahu Isi,39,0
2025-08-05,P20,Tempe Goreng,41,0
2025-08-05,P21,Roti Bakar Coklat,29,0
2025-08-05,P22,Telur Dadar,51,0
2025-08-05,P23,Capcay,30,0
2025-08-05,P24,Nasi Goreng Seafood,25,0
2025-08-05,P25,Bakso Urat,38,0
2025-08-06,P01,Nasi Goreng Spesial,135,0
2025-08-06,P02,Mie Goreng Ayam,113,0
2025-08-06,P03,Nasi Kuning,83,0
2025-08-06,P04,Nasi Uduk,81,0
2025-08-06,P05,Mie Ayam Bakso,88,0
2025-08-06,P06,Soto Ayam,66,0
2025-08-06,P07,Ayam Geprek,82,0
2025-08-06,P08,Es Teh Manis,326,0
2025-08-06,P09,Es Jeruk,233,0
2025-08-06,P10,Kopi Hitam,192,1
2025-08-06,P11,Teh Anget,162,0
2025-08-06,P12,Jus Alpukat,105,0
2025-08-06,P13,Es Campur,68,1
2025-08-06,P14,Kerupuk,186,0
2025-08-06,P15,Kue Lumpur,51,0
2025-08-06,P16,Pisang Goreng,82,0
2025-08-06,P17,Lemper,53,0
2025-08-06,P18,Serabi,40,0
2025-08-06,P19,Tahu Isi,66,0
2025-08-06,P20,Tempe Goreng,59,0
2025-08-06,P21,Roti Bakar Coklat,46,0
2025-08-06,P22,Telur Dadar,84,0
2025-08-06,P23,Capcay,58,0
2025-08-06,P24,Nasi Goreng Seafood,49,0
2025-08-06,P25,Bakso Urat,75,0
2025-08-07,P01,Nasi Goreng Spesial,66,0
2025-08-07,P02,Mie Goreng Ayam,59,0
2025-08-07,P03,Nasi Kuning,48,0
2025-08-07,P04,Nasi Uduk,34,0
2025-08-07,P05,Mie Ayam Bakso,45,0
2025-08-07,P06,Soto Ayam,33,0
2025-08-07,P07,Ayam Geprek,46,0
2025-08-07,P08,Es Teh Manis,82,0
2025-08-07,P09,Es Jeruk,60,0
2025-08-07,P10,Kopi Hitam,37,0
2025-08-07,P11,Teh Anget,40,0
2025-08-07,P12,Jus Alpukat,20,0
2025-08-07,P13,Es Campur,19,0
2025-08-07,P14,Kerupuk,100,0
2025-08-07,P15,Kue Lumpur,20,0
2025-08-07,P16,Pisang Goreng,37,0
2025-08-07,P17,Lemper,24,0
2025-08-07,P18,Serabi,21,0
2025-08-07,P19,Tahu Isi,39,0
2025-08-07,P20,Tempe Goreng,32,0
2025-08-07,P21,Roti Bakar Coklat,24,0
2025-08-07,P22,Telur Dadar,47,0
2025-08-07,P23,Capcay,32,0
2025-08-07,P24,Nasi Goreng Seafood,30,0
2025-08-07,P25,Bakso Urat,40,0
2025-08-08,P01,Nasi Goreng Spesial,124,0
2025-08-08,P02,Mie Goreng Ayam,87,0
2025-08-08,P03,Nasi Kuning,72,0
2025-08-08,P04,Nasi Uduk,67,0
2025-08-08,P05,Mie Ayam Bakso,88,0
2025-08-08,P06,Soto Ayam,54,0
2025-08-08,P07,Ayam Geprek,78,0
2025-08-08,P08,Es Teh Manis,219,0
2025-08-08,P09,Es Jeruk,151,0
2025-08-08,P10,Kopi Hitam,129,0
2025-08-08,P11,Teh Anget,105,0
2025-08-08,P12,Jus Alpukat,60,0
2025-08-08,P13,Es Campur,55,0
2025-08-08,P14,Kerupuk,143,0
2025-08-08,P15,Kue Lumpur,42,0
2025-08-08,P16,Pisang Goreng,70,0
2025-08-08,P17,Lemper,48,0
2025-08-08,P18,Serabi,37,0
2025-08-08,P19,Tahu Isi,64,0
2025-08-08,P20,Tempe Goreng,57,0
2025-08-08,P21,Roti Bakar Coklat,46,0
2025-08-08,P22,Telur Dadar,84,0
2025-08-08,P23,Capcay,57,0
2025-08-08,P24,Nasi Goreng Seafood,47,0
2025-08-08,P25,Bakso Urat,69,0
2025-08-09,P01,Nasi Goreng Spesial,146,0
2025-08-09,P02,Mie Goreng Ayam,136,1
2025-08-09,P03,Nasi Kuning,89,0
2025-08-09,P04,Nasi Uduk,87,0
2025-08-09,P05,Mie Ayam Bakso,110,0
2025-08-09,P06,Soto Ayam,75,0
2025-08-09,P07,Ayam Geprek,100,0
2025-08-09,P08,Es Teh Manis,278,0
2025-08-09,P09,Es Jeruk,181,0
2025-08-09,P10,Kopi Hitam,149,0
2025-08-09,P11,Teh Anget,129,0
2025-08-09,P12,Jus Alpukat,71,0
2025-08-09,P13,Es Campur,60,0
2025-08-09,P14,Kerupuk,206,0
2025-08-09,P15,Kue Lumpur,55,0
2025-08-09,P16,Pisang Goreng,90,0
2025-08-09,P17,Lemper,60,0
2025-08-09,P18,Serabi,48,0
2025-08-09,P19,Tahu Isi,74,0
2025-08-09,P20,Tempe Goreng,71,0
2025-08-09,P21,Roti Bakar Coklat,53,0
2025-08-09,P22,Telur Dadar,87,0
2025-08-09,P23,Capcay,67,0
2025-08-09,P24,Nasi Goreng Seafood,53,0
2025-08-09,P25,Bakso Urat,79,0
2025-08-10,P01,Nasi Goreng Spesial,134,0
2025-08-10,P02,Mie Goreng Ayam,107,0
2025-08-10,P03,Nasi Kuning,81,0
2025-08-10,P04,Nasi Uduk,83,0
2025-08-10,P05,Mie Ayam Bakso,94,0
2025-08-10,P06,Soto Ayam,74,0
2025-08-10,P07,Ayam Geprek,95,0
2025-08-10,P08,Es Teh Manis,233,0
2025-08-10,P09,Es Jeruk,167,0
2025-08-10,P10,Kopi Hitam,128,0
2025-08-10,P11,Teh Anget,117,0
2025-08-10,P12,Jus Alpukat,65,0
2025-08-10,P13,Es Campur,58,0
2025-08-10,P14,Kerupuk,176,0
2025-08-10,P15,Kue Lumpur,54,0
2025-08-10,P16,Pisang Goreng,85,0
2025-08-10,P17,Lemper,52,0
2025-08-10,P18,Serabi,45,0
2025-08-10,P19,Tahu Isi,68,0
2025-08-10,P20,Tempe Goreng,66,0
2025-08-10,P21,Roti Bakar Coklat,52,0
2025-08-10,P22,Telur Dadar,86,0
2025-08-10,P23,Capcay,67,0
2025-08-10,P24,Nasi Goreng Seafood,60,0
2025-08-10,P25,Bakso Urat,77,0
2025-08-11,P01,Nasi Goreng Spesial,110,0
2025-08-11,P02,Mie Goreng Ayam,90,0
2025-08-11,P03,Nasi Kuning,74,0
2025-08-11,P04,Nasi Uduk,64,0
2025-08-11,P05,Mie Ayam Bakso,84,0
2025-08-11,P06,Soto Ayam,57,0
2025-08-11,P07,Ayam Geprek,78,0
2025-08-11,P08,Es Teh Manis,193,0
2025-08-11,P09,Es Jeruk,149,0
2025-08-11,P10,Kopi Hitam,120,0
2025-08-11,P11,Teh Anget,98,0
2025-08-11,P12,Jus Alpukat,57,0
2025-08-11,P13,Es Campur,45,0
2025-08-11,P14,Kerupuk,142,0
2025-08-11,P15,Kue Lumpur,40,0
2025-08-11,P16,Pisang Goreng,68,0
2025-08-11,P17,Lemper,50,0
2025-08-11,P18,Serabi,37,0
2025-08-11,P19,Tahu Isi,66,0
2025-08-11,P20,Tempe Goreng,52,0
2025-08-11,P21,Roti Bakar Coklat,41,0
2025-08-11,P22,Telur Dadar,79,0
2025-08-11,P23,Capcay,56,0
2025-08-11,P24,Nasi Goreng Seafood,48,0
2025-08-11,P25,Bakso Urat,76,0
2025-08-12,P01,Nasi Goreng Spesial,107,0
2025-08-12,P02,Mie Goreng Ayam,89,0
2025-08-12,P03,Nasi Kuning,68,0
2025-08-12,P04,Nasi Uduk,70,0
2025-08-12,P05,Mie Ayam Bakso,72,0
2025-08-12,P06,Soto Ayam,53,0
2025-08-12,P07,Ayam Geprek,69,0
2025-08-12,P08,Es Teh Manis,219,0
2025-08-12,P09,Es Jeruk,132,0
2025-08-12,P10,Kopi Hitam,110,0
2025-08-12,P11,Teh Anget,84,0
2025-08-12,P12,Jus Alpukat,55,0
2025-08-12,P13,Es Campur,53,0
2025-08-12,P14,Kerupuk,141,0
2025-08-12,P15,Kue Lumpur,40,0
2025-08-12,P16,Pisang Goreng,57,0
2025-08-12,P17,Lemper,45,0
2025-08-12,P18,Serabi,35,0
2025-08-12,P19,Tahu Isi,54,0
2025-08-12,P20,Tempe Goreng,54,0
2025-08-12,P21,Roti Bakar Coklat,43,0
2025-08-12,P22,Telur Dadar,67,0
2025-08-12,P23,Capcay,55,0
2025-08-12,P24,Nasi Goreng Seafood,46,0
2025-08-12,P25,Bakso Urat,69,0
2025-08-13,P01,Nasi Goreng Spesial,122,0
2025-08-13,P02,Mie Goreng Ayam,105,0
2025-08-13,P03,Nasi Kuning,76,0
2025-08-13,P04,Nasi Uduk,70,0
2025-08-13,P05,Mie Ayam Bakso,90,0
2025-08-13,P06,Soto Ayam,63,0
2025-08-13,P07,Ayam Geprek,78,0
2025-08-13,P08,Es Teh Manis,185,0
2025-08-13,P09,Es Jeruk,134,0
2025-08-13,P10,Kopi Hitam,109,0
2025-08-13,P11,Teh Anget,94,0
2025-08-13,P12,Jus Alpukat,59,0
2025-08-13,P13,Es Campur,50,0
2025-08-13,P14,Kerupuk,140,0
2025-08-13,P15,Kue Lumpur,37,0
2025-08-13,P16,Pisang Goreng,64,0
2025-08-13,P17,Lemper,45,0
2025-08-13,P18,Serabi,35,0
2025-08-13,P19,Tahu Isi,62,0
2025-08-13,P20,Tempe Goreng,55,0
2025-08-13,P21,Roti Bakar Coklat,48,0
2025-08-13,P22,Telur Dadar,78,0
2025-08-13,P23,Capcay,63,0
2025-08-13,P24,Nasi Goreng Seafood,52,0
2025-08-13,P25,Bakso Urat,74,0
2025-08-14,P01,Nasi Goreng Spesial,135,0
2025-08-14,P02,Mie Goreng Ayam,99,0
2025-08-14,P03,Nasi Kuning,79,0
2025-08-14,P04,Nasi Uduk,76,0
2025-08-14,P05,Mie Ayam Bakso,89,0
2025-08-14,P06,Soto Ayam,63,0
2025-08-14,P07,Ayam Geprek,80,0
2025-08-14,P08,Es Teh Manis,205,0
2025-08-14,P09,Es Jeruk,143,0
2025-08-14,P10,Kopi Hitam,114,0
2025-08-14,P11,Teh Anget,95,0
2025-08-14,P12,Jus Alpukat,55,0
2025-08-14,P13,Es Campur,44,0
2025-08-14,P14,Kerupuk,156,0
2025-08-14,P15,Kue Lumpur,39,0
2025-08-14,P16,Pisang Goreng,70,0
2025-08-14,P17,Lemper,51,0
2025-08-14,P18,Serabi,34,0
2025-08-14,P19,Tahu Isi,59,0
2025-08-14,P20,Tempe Goreng,63,0
2025-08-14,P21,Roti Bakar Coklat,42,0
2025-08-14,P22,Telur Dadar,70,0
2025-08-14,P23,Capcay,59,0
2025-08-14,P24,Nasi Goreng Seafood,48,0
2025-08-14,P25,Bakso Urat,61,0
2025-08-15,P01,Nasi Goreng Spesial,110,0
2025-08-15,P02,Mie Goreng Ayam,81,0
2025-08-15,P03,Nasi Kuning,69,0
2025-08-15,P04,Nasi Uduk,65,0
2025-08-15,P05,Mie Ayam Bakso,85,0
2025-08-15,P06,Soto Ayam,59,0
2025-08-15,P07,Ayam Geprek,75,0
2025-08-15,P08,Es Teh Manis,199,0
2025-08-15,P09,Es Jeruk,152,0
2025-08-15,P10,Kopi Hitam,117,0
2025-08-15,P11,Teh Anget,111,0
2025-08-15,P12,Jus Alpukat,66,0
2025-08-15,P13,Es Campur,52,0
2025-08-15,P14,Kerupuk,136,0
2025-08-15,P15,Kue Lumpur,40,0
2025-08-15,P16,Pisang Goreng,66,0
2025-08-15,P17,Lemper,40,0
2025-08-15,P18,Serabi,29,0
2025-08-15,P19,Tahu Isi,57,0
2025-08-15,P20,Tempe Goreng,42,0
2025-08-15,P21,Roti Bakar Coklat,40,0
2025-08-15,P22,Telur Dadar,70,0
2025-08-15,P23,Capcay,55,0
2025-08-15,P24,Nasi Goreng Seafood,43,0
2025-08-15,P25,Bakso Urat,62,0
2025-08-16,P01,Nasi Goreng Spesial,149,0
2025-08-16,P02,Mie Goreng Ayam,123,0
2025-08-16,P03,Nasi Kuning,85,0
2025-08-16,P04,Nasi Uduk,81,0
2025-08-16,P05,Mie Ayam Bakso,106,0
2025-08-16,P06,Soto Ayam,79,0
2025-08-16,P07,Ayam Geprek,111,0
2025-08-16,P08,Es Teh Manis,269,0
2025-08-16,P09,Es Jeruk,169,0
2025-08-16,P10,Kopi Hitam,145,0
2025-08-16,P11,Teh Anget,123,0
2025-08-16,P12,Jus Alpukat,71,0
2025-08-16,P13,Es Campur,66,0
2025-08-16,P14,Kerupuk,168,0
2025-08-16,P15,Kue Lumpur,56,0
2025-08-16,P16,Pisang Goreng,84,0
2025-08-16,P17,Lemper,62,0
2025-08-16,P18,Serabi,50,0
2025-08-16,P19,Tahu Isi,74,0
2025-08-16,P20,Tempe Goreng,72,0
2025-08-16,P21,Roti Bakar Coklat,57,0
2025-08-16,P22,Telur Dadar,92,0
2025-08-16,P23,Capcay,62,0
2025-08-16,P24,Nasi Goreng Seafood,65,0
2025-08-16,P25,Bakso Urat,83,0
2025-08-17,P01,Nasi Goreng Spesial,203,0
2025-08-17,P02,Mie Goreng Ayam,160,0
2025-08-17,P03,Nasi Kuning,107,1
2025-08-17,P04,Nasi Uduk,107,0
2025-08-17,P05,Mie Ayam Bakso,146,0
2025-08-17,P06,Soto Ayam,96,1
2025-08-17,P07,Ayam Geprek,115,1
2025-08-17,P08,Es Teh Manis,293,1
2025-08-17,P09,Es Jeruk,249,0
2025-08-17,P10,Kopi Hitam,192,0
2025-08-17,P11,Teh Anget,160,0
2025-08-17,P12,Jus Alpukat,99,1
2025-08-17,P13,Es Campur,88,0
2025-08-17,P14,Kerupuk,265,1
2025-08-17,P15,Kue Lumpur,58,1
2025-08-17,P16,Pisang Goreng,99,1
2025-08-17,P17,Lemper,62,1
2025-08-17,P18,Serabi,70,0
2025-08-17,P19,Tahu Isi,117,0
2025-08-17,P20,Tempe Goreng,105,0
2025-08-17,P21,Roti Bakar Coklat,76,0
2025-08-17,P22,Telur Dadar,118,0
2025-08-17,P23,Capcay,95,0
2025-08-17,P24,Nasi Goreng Seafood,86,0
2025-08-17,P25,Bakso Urat,103,1
2025-08-18,P01,Nasi Goreng Spesial,102,0
2025-08-18,P02,Mie Goreng Ayam,101,0
2025-08-18,P03,Nasi Kuning,74,0
2025-08-18,P04,Nasi Uduk,66,0
2025-08-18,P05,Mie Ayam Bakso,80,0
2025-08-18,P06,Soto Ayam,52,0
2025-08-18,P07,Ayam Geprek,76,0
2025-08-18,P08,Es Teh Manis,211,0
2025-08-18,P09,Es Jeruk,159,0
2025-08-18,P10,Kopi Hitam,116,0
2025-08-18,P11,Teh Anget,104,0
2025-08-18,P12,Jus Alpukat,56,0
2025-08-18,P13,Es Campur,56,0
2025-08-18,P14,Kerupuk,124,0
2025-08-18,P15,Kue Lumpur,48,0
2025-08-18,P16,Pisang Goreng,66,0
2025-08-18,P17,Lemper,39,0
2025-08-18,P18,Serabi,34,0
2025-08-18,P19,Tahu Isi,57,0
2025-08-18,P20,Tempe Goreng,52,0
2025-08-18,P21,Roti Bakar Coklat,41,0
2025-08-18,P22,Telur Dadar,70,0
2025-08-18,P23,Capcay,51,0
2025-08-18,P24,Nasi Goreng Seafood,45,0
2025-08-18,P25,Bakso Urat,70,0
2025-08-19,P01,Nasi Goreng Spesial,106,0
2025-08-19,P02,Mie Goreng Ayam,96,0
2025-08-19,P03,Nasi Kuning,66,0
2025-08-19,P04,Nasi Uduk,54,0
2025-08-19,P05,Mie Ayam Bakso,72,0
2025-08-19,P06,Soto Ayam,58,0
2025-08-19,P07,Ayam Geprek,77,0
2025-08-19,P08,Es Teh Manis,221,0
2025-08-19,P09,Es Jeruk,158,0
2025-08-19,P10,Kopi Hitam,124,0
2025-08-19,P11,Teh Anget,96,0
2025-08-19,P12,Jus Alpukat,63,0
2025-08-19,P13,Es Campur,54,0
2025-08-19,P14,Kerupuk,132,0
2025-08-19,P15,Kue Lumpur,41,0
2025-08-19,P16,Pisang Goreng,63,0
2025-08-19,P17,Lemper,44,0
2025-08-19,P18,Serabi,34,0
2025-08-19,P19,Tahu Isi,63,0
2025-08-19,P20,Tempe Goreng,56,0
2025-08-19,P21,Roti Bakar Coklat,40,0
2025-08-19,P22,Telur Dadar,68,0
2025-08-19,P23,Capcay,46,0
2025-08-19,P24,Nasi Goreng Seafood,51,0
2025-08-19,P25,Bakso Urat,67,0
2025-08-20,P01,Nasi Goreng Spesial,73,0
2025-08-20,P02,Mie Goreng Ayam,67,0
2025-08-20,P03,Nasi Kuning,51,0
2025-08-20,P04,Nasi Uduk,38,0
2025-08-20,P05,Mie Ayam Bakso,53,0
2025-08-20,P06,Soto Ayam,35,0
2025-08-20,P07,Ayam Geprek,56,0
2025-08-20,P08,Es Teh Manis,118,0
2025-08-20,P09,Es Jeruk,60,0
2025-08-20,P10,Kopi Hitam,65,0
2025-08-20,P11,Teh Anget,54,0
2025-08-20,P12,Jus Alpukat,26,0
2025-08-20,P13,Es Campur,19,0
2025-08-20,P14,Kerupuk,91,0
2025-08-20,P15,Kue Lumpur,28,0
2025-08-20,P16,Pisang Goreng,53,0
2025-08-20,P17,Lemper,33,0
2025-08-20,P18,Serabi,23,0
2025-08-20,P19,Tahu Isi,43,0
2025-08-20,P20,Tempe Goreng,33,0
2025-08-20,P21,Roti Bakar Coklat,31,0
2025-08-20,P22,Telur Dadar,44,0
2025-08-20,P23,Capcay,34,0
2025-08-20,P24,Nasi Goreng Seafood,34,0
2025-08-20,P25,Bakso Urat,52,0
2025-08-21,P01,Nasi Goreng Spesial,104,0
2025-08-21,P02,Mie Goreng Ayam,97,0
2025-08-21,P03,Nasi Kuning,68,0
2025-08-21,P04,Nasi Uduk,64,0
2025-08-21,P05,Mie Ayam Bakso,79,0
2025-08-21,P06,Soto Ayam,61,0
2025-08-21,P07,Ayam Geprek,73,0
2025-08-21,P08,Es Teh Manis,204,0
2025-08-21,P09,Es Jeruk,161,0
2025-08-21,P10,Kopi Hitam,119,0
2025-08-21,P11,Teh Anget,95,0
2025-08-21,P12,Jus Alpukat,54,0
2025-08-21,P13,Es Campur,58,0
2025-08-21,P14,Kerupuk,133,0
2025-08-21,P15,Kue Lumpur,46,0
2025-08-21,P16,Pisang Goreng,65,0
2025-08-21,P17,Lemper,46,0
2025-08-21,P18,Serabi,35,0
2025-08-21,P19,Tahu Isi,66,0
2025-08-21,P20,Tempe Goreng,44,0
2025-08-21,P21,Roti Bakar Coklat,41,0
2025-08-21,P22,Telur Dadar,67,0
2025-08-21,P23,Capcay,51,0
2025-08-21,P24,Nasi Goreng Seafood,46,0
2025-08-21,P25,Bakso Urat,62,0
2025-08-22,P01,Nasi Goreng Spesial,132,0
2025-08-22,P02,Mie Goreng Ayam,103,0
2025-08-22,P03,Nasi Kuning,80,0
2025-08-22,P04,Nasi Uduk,71,0
2025-08-22,P05,Mie Ayam Bakso,95,0
2025-08-22,P06,Soto Ayam,69,0
2025-08-22,P07,Ayam Geprek,86,0
2025-08-22,P08,Es Teh Manis,326,0
2025-08-22,P09,Es Jeruk,232,1
2025-08-22,P10,Kopi Hitam,156,1
2025-08-22,P11,Teh Anget,164,0
2025-08-22,P12,Jus Alpukat,78,1
2025-08-22,P13,Es Campur,81,0
2025-08-22,P14,Kerupuk,157,0
2025-08-22,P15,Kue Lumpur,45,0
2025-08-22,P16,Pisang Goreng,75,0
2025-08-22,P17,Lemper,55,0
2025-08-22,P18,Serabi,41,0
2025-08-22,P19,Tahu Isi,70,0
2025-08-22,P20,Tempe Goreng,66,0
2025-08-22,P21,Roti Bakar Coklat,47,0
2025-08-22,P22,Telur Dadar,86,0
2025-08-22,P23,Capcay,63,0
2025-08-22,P24,Nasi Goreng Seafood,48,0
2025-08-22,P25,Bakso Urat,74,0
2025-08-23,P01,Nasi Goreng Spesial,102,0
2025-08-23,P02,Mie Goreng Ayam,85,0
2025-08-23,P03,Nasi Kuning,62,0
2025-08-23,P04,Nasi Uduk,47,0
2025-08-23,P05,Mie Ayam Bakso,77,0
2025-08-23,P06,Soto Ayam,54,0
2025-08-23,P07,Ayam Geprek,62,0
2025-08-23,P08,Es Teh Manis,123,0
2025-08-23,P09,Es Jeruk,88,0
2025-08-23,P10,Kopi Hitam,76,0
2025-08-23,P11,Teh Anget,59,0
2025-08-23,P12,Jus Alpukat,34,0
2025-08-23,P13,Es Campur,33,0
2025-08-23,P14,Kerupuk,130,0
2025-08-23,P15,Kue Lumpur,40,0
2025-08-23,P16,Pisang Goreng,58,0
2025-08-23,P17,Lemper,47,0
2025-08-23,P18,Serabi,29,0
2025-08-23,P19,Tahu Isi,58,0
2025-08-23,P20,Tempe Goreng,50,0
2025-08-23,P21,Roti Bakar Coklat,41,0
2025-08-23,P22,Telur Dadar,58,0
2025-08-23,P23,Capcay,47,0
2025-08-23,P24,Nasi Goreng Seafood,41,0
2025-08-23,P25,Bakso Urat,59,0
2025-08-24,P01,Nasi Goreng Spesial,71,0
2025-08-24,P02,Mie Goreng Ayam,64,0
2025-08-24,P03,Nasi Kuning,55,0
2025-08-24,P04,Nasi Uduk,44,0
2025-08-24,P05,Mie Ayam Bakso,55,0
2025-08-24,P06,Soto Ayam,40,0
2025-08-24,P07,Ayam Geprek,55,0
2025-08-24,P08,Es Teh Manis,103,0
2025-08-24,P09,Es Jeruk,70,0
2025-08-24,P10,Kopi Hitam,51,0
2025-08-24,P11,Teh Anget,53,0
2025-08-24,P12,Jus Alpukat,34,0
2025-08-24,P13,Es Campur,20,0
2025-08-24,P14,Kerupuk,96,0
2025-08-24,P15,Kue Lumpur,35,0
2025-08-24,P16,Pisang Goreng,57,0
2025-08-24,P17,Lemper,30,0
2025-08-24,P18,Serabi,29,0
2025-08-24,P19,Tahu Isi,52,0
2025-08-24,P20,Tempe Goreng,38,0
2025-08-24,P21,Roti Bakar Coklat,36,0
2025-08-24,P22,Telur Dadar,51,0
2025-08-24,P23,Capcay,40,0
2025-08-24,P24,Nasi Goreng Seafood,32,0
2025-08-24,P25,Bakso Urat,51,0
2025-08-25,P01,Nasi Goreng Spesial,101,0
2025-08-25,P02,Mie Goreng Ayam,76,0
2025-08-25,P03,Nasi Kuning,52,0
2025-08-25,P04,Nasi Uduk,41,0
2025-08-25,P05,Mie Ayam Bakso,54,0
2025-08-25,P06,Soto Ayam,45,0
2025-08-25,P07,Ayam Geprek,48,0
2025-08-25,P08,Es Teh Manis,83,0
2025-08-25,P09,Es Jeruk,69,0
2025-08-25,P10,Kopi Hitam,57,0
2025-08-25,P11,Teh Anget,49,0
2025-08-25,P12,Jus Alpukat,26,0
2025-08-25,P13,Es Campur,28,0
2025-08-25,P14,Kerupuk,96,0
2025-08-25,P15,Kue Lumpur,32,0
2025-08-25,P16,Pisang Goreng,49,0
2025-08-25,P17,Lemper,36,0
2025-08-25,P18,Serabi,29,0
2025-08-25,P19,Tahu Isi,41,0
2025-08-25,P20,Tempe Goreng,36,0
2025-08-25,P21,Roti Bakar Coklat,25,0
2025-08-25,P22,Telur Dadar,41,0
2025-08-25,P23,Capcay,37,0
2025-08-25,P24,Nasi Goreng Seafood,33,0
2025-08-25,P25,Bakso Urat,42,0
2025-08-26,P01,Nasi Goreng Spesial,118,0
2025-08-26,P02,Mie Goreng Ayam,89,0
2025-08-26,P03,Nasi Kuning,80,0
2025-08-26,P04,Nasi Uduk,73,0
2025-08-26,P05,Mie Ayam Bakso,79,0
2025-08-26,P06,Soto Ayam,68,0
2025-08-26,P07,Ayam Geprek,81,0
2025-08-26,P08,Es Teh Manis,209,0
2025-08-26,P09,Es Jeruk,127,0
2025-08-26,P10,Kopi Hitam,127,0
2025-08-26,P11,Teh Anget,102,0
2025-08-26,P12,Jus Alpukat,62,0
2025-08-26,P13,Es Campur,53,0
2025-08-26,P14,Kerupuk,130,0
2025-08-26,P15,Kue Lumpur,40,0
2025-08-26,P16,Pisang Goreng,67,0
2025-08-26,P17,Lemper,46,0
2025-08-26,P18,Serabi,34,0
2025-08-26,P19,Tahu Isi,52,0
2025-08-26,P20,Tempe Goreng,53,0
2025-08-26,P21,Roti Bakar Coklat,38,0
2025-08-26,P22,Telur Dadar,74,0
2025-08-26,P23,Capcay,50,0
2025-08-26,P24,Nasi Goreng Seafood,46,0
2025-08-26,P25,Bakso Urat,74,0
2025-08-27,P01,Nasi Goreng Spesial,79,0
2025-08-27,P02,Mie Goreng Ayam,58,0
2025-08-27,P03,Nasi Kuning,52,0
2025-08-27,P04,Nasi Uduk,55,0
2025-08-27,P05,Mie Ayam Bakso,57,0
2025-08-27,P06,Soto Ayam,45,0
2025-08-27,P07,Ayam Geprek,67,0
2025-08-27,P08,Es Teh Manis,116,0
2025-08-27,P09,Es Jeruk,66,0
2025-08-27,P10,Kopi Hitam,60,0
2025-08-27,P11,Teh Anget,52,0
2025-08-27,P12,Jus Alpukat,34,0
2025-08-27,P13,Es Campur,30,0
2025-08-27,P14,Kerupuk,77,0
2025-08-27,P15,Kue Lumpur,28,0
2025-08-27,P16,Pisang Goreng,47,0
2025-08-27,P17,Lemper,31,0
2025-08-27,P18,Serabi,17,0
2025-08-27,P19,Tahu Isi,40,0
2025-08-27,P20,Tempe Goreng,39,0
2025-08-27,P21,Roti Bakar Coklat,28,0
2025-08-27,P22,Telur Dadar,45,0
2025-08-27,P23,Capcay,38,0
2025-08-27,P24,Nasi Goreng Seafood,34,0
2025-08-27,P25,Bakso Urat,44,0
2025-08-28,P01,Nasi Goreng Spesial,134,0
2025-08-28,P02,Mie Goreng Ayam,110,0
2025-08-28,P03,Nasi Kuning,72,0
2025-08-28,P04,Nasi Uduk,71,0
2025-08-28,P05,Mie Ayam Bakso,88,0
2025-08-28,P06,Soto Ayam,64,0
2025-08-28,P07,Ayam Geprek,81,0
2025-08-28,P08,Es Teh Manis,219,0
2025-08-28,P09,Es Jeruk,138,0
2025-08-28,P10,Kopi Hitam,114,0
2025-08-28,P11,Teh Anget,95,0
2025-08-28,P12,Jus Alpukat,52,0
2025-08-28,P13,Es Campur,50,0
2025-08-28,P14,Kerupuk,161,0
2025-08-28,P15,Kue Lumpur,48,0
2025-08-28,P16,Pisang Goreng,64,0
2025-08-28,P17,Lemper,45,0
2025-08-28,P18,Serabi,38,0
2025-08-28,P19,Tahu Isi,67,0
2025-08-28,P20,Tempe Goreng,58,0
2025-08-28,P21,Roti Bakar Coklat,46,0
2025-08-28,P22,Telur Dadar,71,0
2025-08-28,P23,Capcay,56,0
2025-08-28,P24,Nasi Goreng Seafood,44,0
2025-08-28,P25,Bakso Urat,70,0
2025-08-29,P01,Nasi Goreng Spesial,131,0
2025-08-29,P02,Mie Goreng Ayam,109,0
2025-08-29,P03,Nasi Kuning,88,0
2025-08-29,P04,Nasi Uduk,79,0
2025-08-29,P05,Mie Ayam Bakso,97,0
2025-08-29,P06,Soto Ayam,71,0
2025-08-29,P07,Ayam Geprek,93,0
2025-08-29,P08,Es Teh Manis,319,1
2025-08-29,P09,Es Jeruk,176,1
2025-08-29,P10,Kopi Hitam,193,0
2025-08-29,P11,Teh Anget,166,0
2025-08-29,P12,Jus Alpukat,83,1
2025-08-29,P13,Es Campur,79,1
2025-08-29,P14,Kerupuk,172,0
2025-08-29,P15,Kue Lumpur,49,0
2025-08-29,P16,Pisang Goreng,75,0
2025-08-29,P17,Lemper,56,0
2025-08-29,P18,Serabi,43,0
2025-08-29,P19,Tahu Isi,73,0
2025-08-29,P20,Tempe Goreng,62,0
2025-08-29,P21,Roti Bakar Coklat,46,0
2025-08-29,P22,Telur Dadar,72,0
2025-08-29,P23,Capcay,66,0
2025-08-29,P24,Nasi Goreng Seafood,57,0
2025-08-29,P25,Bakso Urat,77,0
2025-08-30,P01,Nasi Goreng Spesial,161,1
2025-08-30,P02,Mie Goreng Ayam,144,1
2025-08-30,P03,Nasi Kuning,126,0
2025-08-30,P04,Nasi Uduk,109,0
2025-08-30,P05,Mie Ayam Bakso,137,1
2025-08-30,P06,Soto Ayam,96,1
2025-08-30,P07,Ayam Geprek,109,1
2025-08-30,P08,Es Teh Manis,312,0
2025-08-30,P09,Es Jeruk,231,1
2025-08-30,P10,Kopi Hitam,174,0
2025-08-30,P11,Teh Anget,148,0
2025-08-30,P12,Jus Alpukat,83,0
2025-08-30,P13,Es Campur,70,1
2025-08-30,P14,Kerupuk,242,0
2025-08-30,P15,Kue Lumpur,71,0
2025-08-30,P16,Pisang Goreng,92,1
2025-08-30,P17,Lemper,77,0
2025-08-30,P18,Serabi,54,1
2025-08-30,P19,Tahu Isi,98,0
2025-08-30,P20,Tempe Goreng,81,1
2025-08-30,P21,Roti Bakar Coklat,74,0
2025-08-30,P22,Telur Dadar,113,1
2025-08-30,P23,Capcay,87,0
2025-08-30,P24,Nasi Goreng Seafood,85,0
2025-08-30,P25,Bakso Urat,114,0
2025-08-31,P01,Nasi Goreng Spesial,82,0
2025-08-31,P02,Mie Goreng Ayam,69,0
2025-08-31,P03,Nasi Kuning,60,0
2025-08-31,P04,Nasi Uduk,50,0
2025-08-31,P05,Mie Ayam Bakso,74,0
2025-08-31,P06,Soto Ayam,35,0
2025-08-31,P07,Ayam Geprek,50,0
2025-08-31,P08,Es Teh Manis,98,0
2025-08-31,P09,Es Jeruk,83,0
2025-08-31,P10,Kopi Hitam,56,0
2025-08-31,P11,Teh Anget,39,0
2025-08-31,P12,Jus Alpukat,27,0
2025-08-31,P13,Es Campur,21,0
2025-08-31,P14,Kerupuk,98,0
2025-08-31,P15,Kue Lumpur,38,0
2025-08-31,P16,Pisang Goreng,49,0
2025-08-31,P17,Lemper,37,0
2025-08-31,P18,Serabi,27,0
2025-08-31,P19,Tahu Isi,45,0
2025-08-31,P20,Tempe Goreng,38,0
2025-08-31,P21,Roti Bakar Coklat,31,0
2025-08-31,P22,Telur Dadar,54,0
2025-08-31,P23,Capcay,44,0
2025-08-31,P24,Nasi Goreng Seafood,37,0
2025-08-31,P25,Bakso Urat,42,0
2025-09-01,P01,Nasi Goreng Spesial,73,0
2025-09-01,P02,Mie Goreng Ayam,44,0
2025-09-01,P03,Nasi Kuning,34,0
2025-09-01,P04,Nasi Uduk,43,0
2025-09-01,P05,Mie Ayam Bakso,51,0
2025-09-01,P06,Soto Ayam,32,0
2025-09-01,P07,Ayam Geprek,52,0
2025-09-01,P08,Es Teh Manis,61,0
2025-09-01,P09,Es Jeruk,62,0
2025-09-01,P10,Kopi Hitam,44,0
2025-09-01,P11,Teh Anget,40,0
2025-09-01,P12,Jus Alpukat,13,0
2025-09-01,P13,Es Campur,18,0
2025-09-01,P14,Kerupuk,89,0
2025-09-01,P15,Kue Lumpur,23,0
2025-09-01,P16,Pisang Goreng,43,0
2025-09-01,P17,Lemper,31,0
2025-09-01,P18,Serabi,18,0
2025-09-01,P19,Tahu Isi,37,0
2025-09-01,P20,Tempe Goreng,27,0
2025-09-01,P21,Roti Bakar Coklat,24,0
2025-09-01,P22,Telur Dadar,43,0
2025-09-01,P23,Capcay,27,0
2025-09-01,P24,Nasi Goreng Seafood,29,0
2025-09-01,P25,Bakso Urat,34,0
2025-09-02,P01,Nasi Goreng Spesial,58,0
2025-09-02,P02,Mie Goreng Ayam,58,0
2025-09-02,P03,Nasi Kuning,44,0
2025-09-02,P04,Nasi Uduk,33,0
2025-09-02,P05,Mie Ayam Bakso,48,0
2025-09-02,P06,Soto Ayam,30,0
2025-09-02,P07,Ayam Geprek,42,0
2025-09-02,P08,Es Teh Manis,81,0
2025-09-02,P09,Es Jeruk,60,0
2025-09-02,P10,Kopi Hitam,47,0
2025-09-02,P11,Teh Anget,39,0
2025-09-02,P12,Jus Alpukat,18,0
2025-09-02,P13,Es Campur,21,0
2025-09-02,P14,Kerupuk,87,0
2025-09-02,P15,Kue Lumpur,25,0
2025-09-02,P16,Pisang Goreng,34,0
2025-09-02,P17,Lemper,30,0
2025-09-02,P18,Serabi,17,0
2025-09-02,P19,Tahu Isi,32,0
2025-09-02,P20,Tempe Goreng,29,0
2025-09-02,P21,Roti Bakar Coklat,20,0
2025-09-02,P22,Telur Dadar,38,0
2025-09-02,P23,Capcay,31,0
2025-09-02,P24,Nasi Goreng Seafood,21,0
2025-09-02,P25,Bakso Urat,35,0
2025-09-03,P01,Nasi Goreng Spesial,104,0
2025-09-03,P02,Mie Goreng Ayam,85,0
2025-09-03,P03,Nasi Kuning,66,0
2025-09-03,P04,Nasi Uduk,68,0
2025-09-03,P05,Mie Ayam Bakso,78,0
2025-09-03,P06,Soto Ayam,51,0
2025-09-03,P07,Ayam Geprek,69,0
2025-09-03,P08,Es Teh Manis,226,0
2025-09-03,P09,Es Jeruk,154,0
2025-09-03,P10,Kopi Hitam,119,0
2025-09-03,P11,Teh Anget,86,0
2025-09-03,P12,Jus Alpukat,58,0
2025-09-03,P13,Es Campur,52,0
2025-09-03,P14,Kerupuk,135,0
2025-09-03,P15,Kue Lumpur,37,0
2025-09-03,P16,Pisang Goreng,60,0
2025-09-03,P17,Lemper,43,0
2025-09-03,P18,Serabi,31,0
2025-09-03,P19,Tahu Isi,61,0
2025-09-03,P20,Tempe Goreng,54,0
2025-09-03,P21,Roti Bakar Coklat,38,0
2025-09-03,P22,Telur Dadar,69,0
2025-09-03,P23,Capcay,52,0
2025-09-03,P24,Nasi Goreng Seafood,52,0
2025-09-03,P25,Bakso Urat,66,0
2025-09-04,P01,Nasi Goreng Spesial,170,1
2025-09-04,P02,Mie Goreng Ayam,173,0
2025-09-04,P03,Nasi Kuning,116,1
2025-09-04,P04,Nasi Uduk,105,1
2025-09-04,P05,Mie Ayam Bakso,118,1
2025-09-04,P06,Soto Ayam,117,0
2025-09-04,P07,Ayam Geprek,116,1
2025-09-04,P08,Es Teh Manis,354,0
2025-09-04,P09,Es Jeruk,170,1
2025-09-04,P10,Kopi Hitam,142,1
2025-09-04,P11,Teh Anget,164,0
2025-09-04,P12,Jus Alpukat,99,0
2025-09-04,P13,Es Campur,83,0
2025-09-04,P14,Kerupuk,215,1
2025-09-04,P15,Kue Lumpur,76,0
2025-09-04,P16,Pisang Goreng,118,0
2025-09-04,P17,Lemper,81,0
2025-09-04,P18,Serabi,51,1
2025-09-04,P19,Tahu Isi,101,1
2025-09-04,P20,Tempe Goreng,86,1
2025-09-04,P21,Roti Bakar Coklat,76,0
2025-09-04,P22,Telur Dadar,147,1
2025-09-04,P23,Capcay,95,1
2025-09-04,P24,Nasi Goreng Seafood,60,1
2025-09-04,P25,Bakso Urat,94,1
2025-09-05,P01,Nasi Goreng Spesial,144,0
2025-09-05,P02,Mie Goreng Ayam,126,0
2025-09-05,P03,Nasi Kuning,94,0
2025-09-05,P04,Nasi Uduk,80,0
2025-09-05,P05,Mie Ayam Bakso,108,0
2025-09-05,P06,Soto Ayam,81,0
2025-09-05,P07,Ayam Geprek,89,0
2025-09-05,P08,Es Teh Manis,179,0
2025-09-05,P09,Es Jeruk,121,0
2025-09-05,P10,Kopi Hitam,97,0
2025-09-05,P11,Teh Anget,80,0
2025-09-05,P12,Jus Alpukat,49,0
2025-09-05,P13,Es Campur,44,0
2025-09-05,P14,Kerupuk,191,0
2025-09-05,P15,Kue Lumpur,54,0
2025-09-05,P16,Pisang Goreng,82,0
2025-09-05,P17,Lemper,57,0
2025-09-05,P18,Serabi,44,0
2025-09-05,P19,Tahu Isi,76,0
2025-09-05,P20,Tempe Goreng,65,0
2025-09-05,P21,Roti Bakar Coklat,55,0
2025-09-05,P22,Telur Dadar,90,0
2025-09-05,P23,Capcay,70,0
2025-09-05,P24,Nasi Goreng Seafood,57,0
2025-09-05,P25,Bakso Urat,77,0
2025-09-06,P01,Nasi Goreng Spesial,145,0
2025-09-06,P02,Mie Goreng Ayam,120,0
2025-09-06,P03,Nasi Kuning,92,0
2025-09-06,P04,Nasi Uduk,87,0
2025-09-06,P05,Mie Ayam Bakso,102,0
2025-09-06,P06,Soto Ayam,72,0
2025-09-06,P07,Ayam Geprek,107,0
2025-09-06,P08,Es Teh Manis,154,0
2025-09-06,P09,Es Jeruk,115,0
2025-09-06,P10,Kopi Hitam,90,0
2025-09-06,P11,Teh Anget,75,0
2025-09-06,P12,Jus Alpukat,51,0
2025-09-06,P13,Es Campur,40,0
2025-09-06,P14,Kerupuk,190,0
2025-09-06,P15,Kue Lumpur,55,0
2025-09-06,P16,Pisang Goreng,86,0
2025-09-06,P17,Lemper,62,0
2025-09-06,P18,Serabi,47,0
2025-09-06,P19,Tahu Isi,87,0
2025-09-06,P20,Tempe Goreng,75,0
2025-09-06,P21,Roti Bakar Coklat,55,0
2025-09-06,P22,Telur Dadar,97,0
2025-09-06,P23,Capcay,63,0
2025-09-06,P24,Nasi Goreng Seafood,66,0
2025-09-06,P25,Bakso Urat,90,0
2025-09-07,P01,Nasi Goreng Spesial,148,1
2025-09-07,P02,Mie Goreng Ayam,134,0
2025-09-07,P03,Nasi Kuning,108,0
2025-09-07,P04,Nasi Uduk,86,1
2025-09-07,P05,Mie Ayam Bakso,123,0
2025-09-07,P06,Soto Ayam,90,0
2025-09-07,P07,Ayam Geprek,112,0
2025-09-07,P08,Es Teh Manis,217,0
2025-09-07,P09,Es Jeruk,147,0
2025-09-07,P10,Kopi Hitam,120,0
2025-09-07,P11,Teh Anget,98,0
2025-09-07,P12,Jus Alpukat,61,0
2025-09-07,P13,Es Campur,53,0
2025-09-07,P14,Kerupuk,210,1
2025-09-07,P15,Kue Lumpur,68,0
2025-09-07,P16,Pisang Goreng,111,0
2025-09-07,P17,Lemper,65,1
2025-09-07,P18,Serabi,55,1
2025-09-07,P19,Tahu Isi,98,0
2025-09-07,P20,Tempe Goreng,89,0
2025-09-07,P21,Roti Bakar Coklat,69,0
2025-09-07,P22,Telur Dadar,95,1
2025-09-07,P23,Capcay,80,0
2025-09-07,P24,Nasi Goreng Seafood,63,1
2025-09-07,P25,Bakso Urat,102,0
2025-09-08,P01,Nasi Goreng Spesial,141,0
2025-09-08,P02,Mie Goreng Ayam,121,0
2025-09-08,P03,Nasi Kuning,85,0
2025-09-08,P04,Nasi Uduk,72,0
2025-09-08,P05,Mie Ayam Bakso,104,0
2025-09-08,P06,Soto Ayam,72,0
2025-09-08,P07,Ayam Geprek,101,0
2025-09-08,P08,Es Teh Manis,182,0
2025-09-08,P09,Es Jeruk,124,0
2025-09-08,P10,Kopi Hitam,105,0
2025-09-08,P11,Teh Anget,81,0
2025-09-08,P12,Jus Alpukat,48,0
2025-09-08,P13,Es Campur,45,0
2025-09-08,P14,Kerupuk,170,0
2025-09-08,P15,Kue Lumpur,51,0
2025-09-08,P16,Pisang Goreng,90,0
2025-09-08,P17,Lemper,63,0
2025-09-08,P18,Serabi,45,0
2025-09-08,P19,Tahu Isi,81,0
2025-09-08,P20,Tempe Goreng,64,0
2025-09-08,P21,Roti Bakar Coklat,59,0
2025-09-08,P22,Telur Dadar,84,0
2025-09-08,P23,Capcay,72,0
2025-09-08,P24,Nasi Goreng Seafood,64,0
2025-09-08,P25,Bakso Urat,72,0
2025-09-09,P01,Nasi Goreng Spesial,124,0
2025-09-09,P02,Mie Goreng Ayam,101,0
2025-09-09,P03,Nasi Kuning,74,0
2025-09-09,P04,Nasi Uduk,68,0
2025-09-09,P05,Mie Ayam Bakso,83,0
2025-09-09,P06,Soto Ayam,63,0
2025-09-09,P07,Ayam Geprek,82,0
2025-09-09,P08,Es Teh Manis,169,0
2025-09-09,P09,Es Jeruk,102,0
2025-09-09,P10,Kopi Hitam,79,0
2025-09-09,P11,Teh Anget,66,0
2025-09-09,P12,Jus Alpukat,44,0
2025-09-09,P13,Es Campur,30,0
2025-09-09,P14,Kerupuk,148,0
2025-09-09,P15,Kue Lumpur,38,0
2025-09-09,P16,Pisang Goreng,71,0
2025-09-09,P17,Lemper,52,0
2025-09-09,P18,Serabi,35,0
2025-09-09,P19,Tahu Isi,68,0
2025-09-09,P20,Tempe Goreng,53,0
2025-09-09,P21,Roti Bakar Coklat,42,0
2025-09-09,P22,Telur Dadar,74,0
2025-09-09,P23,Capcay,61,0
2025-09-09,P24,Nasi Goreng Seafood,46,0
2025-09-09,P25,Bakso Urat,69,0
2025-09-10,P01,Nasi Goreng Spesial,81,0
2025-09-10,P02,Mie Goreng Ayam,51,0
2025-09-10,P03,Nasi Kuning,58,0
2025-09-10,P04,Nasi Uduk,45,0
2025-09-10,P05,Mie Ayam Bakso,68,0
2025-09-10,P06,Soto Ayam,36,0
2025-09-10,P07,Ayam Geprek,46,0
2025-09-10,P08,Es Teh Manis,105,0
2025-09-10,P09,Es Jeruk,72,0
2025-09-10,P10,Kopi Hitam,59,0
2025-09-10,P11,Teh Anget,48,0
2025-09-10,P12,Jus Alpukat,26,0
2025-09-10,P13,Es Campur,20,0
2025-09-10,P14,Kerupuk,102,0
2025-09-10,P15,Kue Lumpur,25,0
2025-09-10,P16,Pisang Goreng,39,0
2025-09-10,P17,Lemper,32,0
2025-09-10,P18,Serabi,25,0
2025-09-10,P19,Tahu Isi,49,0
2025-09-10,P20,Tempe Goreng,40,0
2025-09-10,P21,Roti Bakar Coklat,33,0
2025-09-10,P22,Telur Dadar,51,0
2025-09-10,P23,Capcay,37,0
2025-09-10,P24,Nasi Goreng Seafood,40,0
2025-09-10,P25,Bakso Urat,38,0
2025-09-11,P01,Nasi Goreng Spesial,135,0
2025-09-11,P02,Mie Goreng Ayam,99,0
2025-09-11,P03,Nasi Kuning,76,0
2025-09-11,P04,Nasi Uduk,61,0
2025-09-11,P05,Mie Ayam Bakso,77,0
2025-09-11,P06,Soto Ayam,63,0
2025-09-11,P07,Ayam Geprek,77,0
2025-09-11,P08,Es Teh Manis,222,0
2025-09-11,P09,Es Jeruk,143,0
2025-09-11,P10,Kopi Hitam,142,0
2025-09-11,P11,Teh Anget,94,0
2025-09-11,P12,Jus Alpukat,59,0
2025-09-11,P13,Es Campur,49,0
2025-09-11,P14,Kerupuk,154,0
2025-09-11,P15,Kue Lumpur,43,0
2025-09-11,P16,Pisang Goreng,61,0
2025-09-11,P17,Lemper,47,0
2025-09-11,P18,Serabi,39,0
2025-09-11,P19,Tahu Isi,65,0
2025-09-11,P20,Tempe Goreng,49,0
2025-09-11,P21,Roti Bakar Coklat,40,0
2025-09-11,P22,Telur Dadar,81,0
2025-09-11,P23,Capcay,54,0
2025-09-11,P24,Nasi Goreng Seafood,49,0
2025-09-11,P25,Bakso Urat,71,0
2025-09-12,P01,Nasi Goreng Spesial,130,0
2025-09-12,P02,Mie Goreng Ayam,91,0
2025-09-12,P03,Nasi Kuning,74,0
2025-09-12,P04,Nasi Uduk,61,0
2025-09-12,P05,Mie Ayam Bakso,81,0
2025-09-12,P06,Soto Ayam,62,0
2025-09-12,P07,Ayam Geprek,77,0
2025-09-12,P08,Es Teh Manis,185,0
2025-09-12,P09,Es Jeruk,127,0
2025-09-12,P10,Kopi Hitam,100,0
2025-09-12,P11,Teh Anget,97,0
2025-09-12,P12,Jus Alpukat,59,0
2025-09-12,P13,Es Campur,52,0
2025-09-12,P14,Kerupuk,135,0
2025-09-12,P15,Kue Lumpur,44,0
2025-09-12,P16,Pisang Goreng,69,0
2025-09-12,P17,Lemper,48,0
2025-09-12,P18,Serabi,35,0
2025-09-12,P19,Tahu Isi,57,0
2025-09-12,P20,Tempe Goreng,54,0
2025-09-12,P21,Roti Bakar Coklat,46,0
2025-09-12,P22,Telur Dadar,78,0
2025-09-12,P23,Capcay,54,0
2025-09-12,P24,Nasi Goreng Seafood,50,0
2025-09-12,P25,Bakso Urat,62,0
2025-09-13,P01,Nasi Goreng Spesial,158,0
2025-09-13,P02,Mie Goreng Ayam,114,0
2025-09-13,P03,Nasi Kuning,85,0
2025-09-13,P04,Nasi Uduk,86,0
2025-09-13,P05,Mie Ayam Bakso,108,0
2025-09-13,P06,Soto Ayam,81,0
2025-09-13,P07,Ayam Geprek,90,0
2025-09-13,P08,Es Teh Manis,255,0
2025-09-13,P09,Es Jeruk,177,0
2025-09-13,P10,Kopi Hitam,145,0
2025-09-13,P11,Teh Anget,112,0
2025-09-13,P12,Jus Alpukat,71,0
2025-09-13,P13,Es Campur,59,0
2025-09-13,P14,Kerupuk,184,0
2025-09-13,P15,Kue Lumpur,51,0
2025-09-13,P16,Pisang Goreng,82,0
2025-09-13,P17,Lemper,61,0
2025-09-13,P18,Serabi,45,0
2025-09-13,P19,Tahu Isi,74,0
2025-09-13,P20,Tempe Goreng,65,0
2025-09-13,P21,Roti Bakar Coklat,60,0
2025-09-13,P22,Telur Dadar,88,0
2025-09-13,P23,Capcay,69,0
2025-09-13,P24,Nasi Goreng Seafood,55,0
2025-09-13,P25,Bakso Urat,89,0
2025-09-14,P01,Nasi Goreng Spesial,86,0
2025-09-14,P02,Mie Goreng Ayam,78,0
2025-09-14,P03,Nasi Kuning,56,0
2025-09-14,P04,Nasi Uduk,59,0
2025-09-14,P05,Mie Ayam Bakso,76,0
2025-09-14,P06,Soto Ayam,52,0
2025-09-14,P07,Ayam Geprek,59,0
2025-09-14,P08,Es Teh Manis,120,0
2025-09-14,P09,Es Jeruk,71,0
2025-09-14,P10,Kopi Hitam,67,0
2025-09-14,P11,Teh Anget,61,0
2025-09-14,P12,Jus Alpukat,37,0
2025-09-14,P13,Es Campur,31,0
2025-09-14,P14,Kerupuk,141,0
2025-09-14,P15,Kue Lumpur,38,0
2025-09-14,P16,Pisang Goreng,58,0
2025-09-14,P17,Lemper,46,0
2025-09-14,P18,Serabi,34,0
2025-09-14,P19,Tahu Isi,51,0
2025-09-14,P20,Tempe Goreng,50,0
2025-09-14,P21,Roti Bakar Coklat,37,0
2025-09-14,P22,Telur Dadar,50,0
2025-09-14,P23,Capcay,47,0
2025-09-14,P24,Nasi Goreng Seafood,36,0
2025-09-14,P25,Bakso Urat,56,0
2025-09-15,P01,Nasi Goreng Spesial,86,0
2025-09-15,P02,Mie Goreng Ayam,75,0
2025-09-15,P03,Nasi Kuning,50,0
2025-09-15,P04,Nasi Uduk,44,0
2025-09-15,P05,Mie Ayam Bakso,53,0
2025-09-15,P06,Soto Ayam,34,0
2025-09-15,P07,Ayam Geprek,50,0
2025-09-15,P08,Es Teh Manis,105,0
2025-09-15,P09,Es Jeruk,70,0
2025-09-15,P10,Kopi Hitam,63,0
2025-09-15,P11,Teh Anget,40,0
2025-09-15,P12,Jus Alpukat,28,0
2025-09-15,P13,Es Campur,32,0
2025-09-15,P14,Kerupuk,109,0
2025-09-15,P15,Kue Lumpur,30,0
2025-09-15,P16,Pisang Goreng,47,0
2025-09-15,P17,Lemper,31,0
2025-09-15,P18,Serabi,20,0
2025-09-15,P19,Tahu Isi,43,0
2025-09-15,P20,Tempe Goreng,28,0
2025-09-15,P21,Roti Bakar Coklat,28,0
2025-09-15,P22,Telur Dadar,47,0
2025-09-15,P23,Capcay,34,0
2025-09-15,P24,Nasi Goreng Seafood,38,0
2025-09-15,P25,Bakso Urat,52,0
2025-09-16,P01,Nasi Goreng Spesial,61,0
2025-09-16,P02,Mie Goreng Ayam,48,0
2025-09-16,P03,Nasi Kuning,31,0
2025-09-16,P04,Nasi Uduk,33,0
2025-09-16,P05,Mie Ayam Bakso,41,0
2025-09-16,P06,Soto Ayam,40,0
2025-09-16,P07,Ayam Geprek,55,0
2025-09-16,P08,Es Teh Manis,82,0
2025-09-16,P09,Es Jeruk,45,0
2025-09-16,P10,Kopi Hitam,52,0
2025-09-16,P11,Teh Anget,33,0
2025-09-16,P12,Jus Alpukat,21,0
2025-09-16,P13,Es Campur,18,0
2025-09-16,P14,Kerupuk,77,0
2025-09-16,P15,Kue Lumpur,23,0
2025-09-16,P16,Pisang Goreng,31,0
2025-09-16,P17,Lemper,25,0
2025-09-16,P18,Serabi,23,0
2025-09-16,P19,Tahu Isi,34,0
2025-09-16,P20,Tempe Goreng,31,0
2025-09-16,P21,Roti Bakar Coklat,17,0
2025-09-16,P22,Telur Dadar,44,0
2025-09-16,P23,Capcay,27,0
2025-09-16,P24,Nasi Goreng Seafood,30,0
2025-09-16,P25,Bakso Urat,37,0
2025-09-17,P01,Nasi Goreng Spesial,95,0
2025-09-17,P02,Mie Goreng Ayam,97,0
2025-09-17,P03,Nasi Kuning,70,0
2025-09-17,P04,Nasi Uduk,69,0
2025-09-17,P05,Mie Ayam Bakso,73,0
2025-09-17,P06,Soto Ayam,61,0
2025-09-17,P07,Ayam Geprek,78,0
2025-09-17,P08,Es Teh Manis,205,0
2025-09-17,P09,Es Jeruk,139,0
2025-09-17,P10,Kopi Hitam,109,0
2025-09-17,P11,Teh Anget,89,0
2025-09-17,P12,Jus Alpukat,55,0
2025-09-17,P13,Es Campur,47,0
2025-09-17,P14,Kerupuk,151,0
2025-09-17,P15,Kue Lumpur,35,0
2025-09-17,P16,Pisang Goreng,62,0
2025-09-17,P17,Lemper,46,0
2025-09-17,P18,Serabi,34,0
2025-09-17,P19,Tahu Isi,58,0
2025-09-17,P20,Tempe Goreng,54,0
2025-09-17,P21,Roti Bakar Coklat,38,0
2025-09-17,P22,Telur Dadar,68,0
2025-09-17,P23,Capcay,49,0
2025-09-17,P24,Nasi Goreng Seafood,49,0
2025-09-17,P25,Bakso Urat,71,0
2025-09-18,P01,Nasi Goreng Spesial,55,0
2025-09-18,P02,Mie Goreng Ayam,53,0
2025-09-18,P03,Nasi Kuning,45,0
2025-09-18,P04,Nasi Uduk,37,0
2025-09-18,P05,Mie Ayam Bakso,47,0
2025-09-18,P06,Soto Ayam,32,0
2025-09-18,P07,Ayam Geprek,39,0
2025-09-18,P08,Es Teh Manis,68,0
2025-09-18,P09,Es Jeruk,40,0
2025-09-18,P10,Kopi Hitam,53,0
2025-09-18,P11,Teh Anget,40,0
2025-09-18,P12,Jus Alpukat,22,0
2025-09-18,P13,Es Campur,20,0
2025-09-18,P14,Kerupuk,86,0
2025-09-18,P15,Kue Lumpur,22,0
2025-09-18,P16,Pisang Goreng,36,0
2025-09-18,P17,Lemper,26,0
2025-09-18,P18,Serabi,26,0
2025-09-18,P19,Tahu Isi,38,0
2025-09-18,P20,Tempe Goreng,31,0
2025-09-18,P21,Roti Bakar Coklat,27,0
2025-09-18,P22,Telur Dadar,46,0
2025-09-18,P23,Capcay,25,0
2025-09-18,P24,Nasi Goreng Seafood,26,0
2025-09-18,P25,Bakso Urat,37,0
2025-09-19,P01,Nasi Goreng Spesial,71,0
2025-09-19,P02,Mie Goreng Ayam,55,0
2025-09-19,P03,Nasi Kuning,43,0
2025-09-19,P04,Nasi Uduk,31,0
2025-09-19,P05,Mie Ayam Bakso,36,0
2025-09-19,P06,Soto Ayam,33,0
2025-09-19,P07,Ayam Geprek,50,0
2025-09-19,P08,Es Teh Manis,89,0
2025-09-19,P09,Es Jeruk,72,0
2025-09-19,P10,Kopi Hitam,56,0
2025-09-19,P11,Teh Anget,39,0
2025-09-19,P12,Jus Alpukat,27,0
2025-09-19,P13,Es Campur,25,0
2025-09-19,P14,Kerupuk,81,0
2025-09-19,P15,Kue Lumpur,23,0
2025-09-19,P16,Pisang Goreng,38,0
2025-09-19,P17,Lemper,19,0
2025-09-19,P18,Serabi,21,0
2025-09-19,P19,Tahu Isi,37,0
2025-09-19,P20,Tempe Goreng,31,0
2025-09-19,P21,Roti Bakar Coklat,24,0
2025-09-19,P22,Telur Dadar,39,0
2025-09-19,P23,Capcay,22,0
2025-09-19,P24,Nasi Goreng Seafood,31,0
2025-09-19,P25,Bakso Urat,34,0
2025-09-20,P01,Nasi Goreng Spesial,84,0
2025-09-20,P02,Mie Goreng Ayam,80,0
2025-09-20,P03,Nasi Kuning,63,0
2025-09-20,P04,Nasi Uduk,51,0
2025-09-20,P05,Mie Ayam Bakso,69,0
2025-09-20,P06,Soto Ayam,52,0
2025-09-20,P07,Ayam Geprek,65,0
2025-09-20,P08,Es Teh Manis,131,0
2025-09-20,P09,Es Jeruk,85,0
2025-09-20,P10,Kopi Hitam,67,0
2025-09-20,P11,Teh Anget,50,0
2025-09-20,P12,Jus Alpukat,35,0
2025-09-20,P13,Es Campur,31,0
2025-09-20,P14,Kerupuk,120,0
2025-09-20,P15,Kue Lumpur,39,0
2025-09-20,P16,Pisang Goreng,65,0
2025-09-20,P17,Lemper,41,0
2025-09-20,P18,Serabi,30,0
2025-09-20,P19,Tahu Isi,51,0
2025-09-20,P20,Tempe Goreng,42,0
2025-09-20,P21,Roti Bakar Coklat,43,0
2025-09-20,P22,Telur Dadar,58,0
2025-09-20,P23,Capcay,42,0
2025-09-20,P24,Nasi Goreng Seafood,36,0
2025-09-20,P25,Bakso Urat,53,0
2025-09-21,P01,Nasi Goreng Spesial,193,0
2025-09-21,P02,Mie Goreng Ayam,162,0
2025-09-21,P03,Nasi Kuning,94,1
2025-09-21,P04,Nasi Uduk,102,0
2025-09-21,P05,Mie Ayam Bakso,137,0
2025-09-21,P06,Soto Ayam,79,1
2025-09-21,P07,Ayam Geprek,109,1
2025-09-21,P08,Es Teh Manis,311,1
2025-09-21,P09,Es Jeruk,181,1
2025-09-21,P10,Kopi Hitam,186,0
2025-09-21,P11,Teh Anget,157,0
2025-09-21,P12,Jus Alpukat,89,0
2025-09-21,P13,Es Campur,79,0
2025-09-21,P14,Kerupuk,225,1
2025-09-21,P15,Kue Lumpur,69,0
2025-09-21,P16,Pisang Goreng,107,0
2025-09-21,P17,Lemper,77,1
2025-09-21,P18,Serabi,58,0
2025-09-21,P19,Tahu Isi,91,1
2025-09-21,P20,Tempe Goreng,84,0
2025-09-21,P21,Roti Bakar Coklat,71,0
2025-09-21,P22,Telur Dadar,113,0
2025-09-21,P23,Capcay,86,0
2025-09-21,P24,Nasi Goreng Seafood,77,0
2025-09-21,P25,Bakso Urat,106,0
2025-09-22,P01,Nasi Goreng Spesial,157,0
2025-09-22,P02,Mie Goreng Ayam,134,0
2025-09-22,P03,Nasi Kuning,105,0
2025-09-22,P04,Nasi Uduk,85,0
2025-09-22,P05,Mie Ayam Bakso,110,0
2025-09-22,P06,Soto Ayam,81,0
2025-09-22,P07,Ayam Geprek,109,1
2025-09-22,P08,Es Teh Manis,269,0
2025-09-22,P09,Es Jeruk,180,1
2025-09-22,P10,Kopi Hitam,143,0
2025-09-22,P11,Teh Anget,126,0
2025-09-22,P12,Jus Alpukat,75,0
2025-09-22,P13,Es Campur,66,0
2025-09-22,P14,Kerupuk,196,0
2025-09-22,P15,Kue Lumpur,56,0
2025-09-22,P16,Pisang Goreng,85,0
2025-09-22,P17,Lemper,61,0
2025-09-22,P18,Serabi,49,0
2025-09-22,P19,Tahu Isi,81,0
2025-09-22,P20,Tempe Goreng,68,1
2025-09-22,P21,Roti Bakar Coklat,59,0
2025-09-22,P22,Telur Dadar,100,0
2025-09-22,P23,Capcay,72,0
2025-09-22,P24,Nasi Goreng Seafood,66,0
2025-09-22,P25,Bakso Urat,96,0
2025-09-23,P01,Nasi Goreng Spesial,101,0
2025-09-23,P02,Mie Goreng Ayam,84,0
2025-09-23,P03,Nasi Kuning,53,0
2025-09-23,P04,Nasi Uduk,49,0
2025-09-23,P05,Mie Ayam Bakso,72,0
2025-09-23,P06,Soto Ayam,53,0
2025-09-23,P07,Ayam Geprek,67,0
2025-09-23,P08,Es Teh Manis,128,0
2025-09-23,P09,Es Jeruk,94,0
2025-09-23,P10,Kopi Hitam,76,0
2025-09-23,P11,Teh Anget,70,0
2025-09-23,P12,Jus Alpukat,41,0
2025-09-23,P13,Es Campur,33,0
2025-09-23,P14,Kerupuk,131,0
2025-09-23,P15,Kue Lumpur,39,0
2025-09-23,P16,Pisang Goreng,62,0
2025-09-23,P17,Lemper,49,0
2025-09-23,P18,Serabi,32,0
2025-09-23,P19,Tahu Isi,59,0
2025-09-23,P20,Tempe Goreng,45,0
2025-09-23,P21,Roti Bakar Coklat,36,0
2025-09-23,P22,Telur Dadar,53,0
2025-09-23,P23,Capcay,48,0
2025-09-23,P24,Nasi Goreng Seafood,44,0
2025-09-23,P25,Bakso Urat,46,0
2025-09-24,P01,Nasi Goreng Spesial,156,0
2025-09-24,P02,Mie Goreng Ayam,121,0
2025-09-24,P03,Nasi Kuning,92,0
2025-09-24,P04,Nasi Uduk,87,0
2025-09-24,P05,Mie Ayam Bakso,107,0
2025-09-24,P06,Soto Ayam,84,0
2025-09-24,P07,Ayam Geprek,101,0
2025-09-24,P08,Es Teh Manis,276,0
2025-09-24,P09,Es Jeruk,184,0
2025-09-24,P10,Kopi Hitam,145,1
2025-09-24,P11,Teh Anget,115,1
2025-09-24,P12,Jus Alpukat,82,0
2025-09-24,P13,Es Campur,67,1
2025-09-24,P14,Kerupuk,185,0
2025-09-24,P15,Kue Lumpur,55,0
2025-09-24,P16,Pisang Goreng,85,0
2025-09-24,P17,Lemper,63,1
2025-09-24,P18,Serabi,47,0
2025-09-24,P19,Tahu Isi,77,0
2025-09-24,P20,Tempe Goreng,71,0
2025-09-24,P21,Roti Bakar Coklat,51,0
2025-09-24,P22,Telur Dadar,95,0
2025-09-24,P23,Capcay,74,0
2025-09-24,P24,Nasi Goreng Seafood,64,0
2025-09-24,P25,Bakso Urat,92,0
2025-09-25,P01,Nasi Goreng Spesial,151,0
2025-09-25,P02,Mie Goreng Ayam,128,0
2025-09-25,P03,Nasi Kuning,98,0
2025-09-25,P04,Nasi Uduk,90,0
2025-09-25,P05,Mie Ayam Bakso,111,0
2025-09-25,P06,Soto Ayam,79,0
2025-09-25,P07,Ayam Geprek,102,0
2025-09-25,P08,Es Teh Manis,275,0
2025-09-25,P09,Es Jeruk,189,0
2025-09-25,P10,Kopi Hitam,136,1
2025-09-25,P11,Teh Anget,129,0
2025-09-25,P12,Jus Alpukat,83,0
2025-09-25,P13,Es Campur,71,0
2025-09-25,P14,Kerupuk,197,0
2025-09-25,P15,Kue Lumpur,57,0
2025-09-25,P16,Pisang Goreng,90,0
2025-09-25,P17,Lemper,61,0
2025-09-25,P18,Serabi,48,0
2025-09-25,P19,Tahu Isi,81,0
2025-09-25,P20,Tempe Goreng,65,0
2025-09-25,P21,Roti Bakar Coklat,60,0
2025-09-25,P22,Telur Dadar,106,0
2025-09-25,P23,Capcay,74,0
2025-09-25,P24,Nasi Goreng Seafood,66,0
2025-09-25,P25,Bakso Urat,89,0
2025-09-26,P01,Nasi Goreng Spesial,80,0
2025-09-26,P02,Mie Goreng Ayam,74,0
2025-09-26,P03,Nasi Kuning,54,0
2025-09-26,P04,Nasi Uduk,50,0
2025-09-26,P05,Mie Ayam Bakso,66,0
2025-09-26,P06,Soto Ayam,46,0
2025-09-26,P07,Ayam Geprek,57,0
2025-09-26,P08,Es Teh Manis,119,0
2025-09-26,P09,Es Jeruk,84,0
2025-09-26,P10,Kopi Hitam,57,0
2025-09-26,P11,Teh Anget,50,0
2025-09-26,P12,Jus Alpukat,24,0
2025-09-26,P13,Es Campur,29,0
2025-09-26,P14,Kerupuk,121,0
2025-09-26,P15,Kue Lumpur,31,0
2025-09-26,P16,Pisang Goreng,50,0
2025-09-26,P17,Lemper,35,0
2025-09-26,P18,Serabi,26,0
2025-09-26,P19,Tahu Isi,46,0
2025-09-26,P20,Tempe Goreng,38,0
2025-09-26,P21,Roti Bakar Coklat,31,0
2025-09-26,P22,Telur Dadar,49,0
2025-09-26,P23,Capcay,42,0
2025-09-26,P24,Nasi Goreng Seafood,36,0
2025-09-26,P25,Bakso Urat,47,0
2025-09-27,P01,Nasi Goreng Spesial,202,0
2025-09-27,P02,Mie Goreng Ayam,139,1
2025-09-27,P03,Nasi Kuning,128,0
2025-09-27,P04,Nasi Uduk,103,1
2025-09-27,P05,Mie Ayam Bakso,150,0
2025-09-27,P06,Soto Ayam,78,1
2025-09-27,P07,Ayam Geprek,151,0
2025-09-27,P08,Es Teh Manis,428,1
2025-09-27,P09,Es Jeruk,174,1
2025-09-27,P10,Kopi Hitam,215,1
2025-09-27,P11,Teh Anget,191,1
2025-09-27,P12,Jus Alpukat,72,1
2025-09-27,P13,Es Campur,71,1
2025-09-27,P14,Kerupuk,235,1
2025-09-27,P15,Kue Lumpur,82,0
2025-09-27,P16,Pisang Goreng,115,1
2025-09-27,P17,Lemper,65,1
2025-09-27,P18,Serabi,53,1
2025-09-27,P19,Tahu Isi,102,1
2025-09-27,P20,Tempe Goreng,68,1
2025-09-27,P21,Roti Bakar Coklat,78,0
2025-09-27,P22,Telur Dadar,90,1
2025-09-27,P23,Capcay,91,0
2025-09-27,P24,Nasi Goreng Seafood,88,0
2025-09-27,P25,Bakso Urat,118,0
2025-09-28,P01,Nasi Goreng Spesial,117,0
2025-09-28,P02,Mie Goreng Ayam,96,0
2025-09-28,P03,Nasi Kuning,92,0
2025-09-28,P04,Nasi Uduk,74,0
2025-09-28,P05,Mie Ayam Bakso,95,0
2025-09-28,P06,Soto Ayam,67,0
2025-09-28,P07,Ayam Geprek,83,0
2025-09-28,P08,Es Teh Manis,258,0
2025-09-28,P09,Es Jeruk,181,0
2025-09-28,P10,Kopi Hitam,146,0
2025-09-28,P11,Teh Anget,118,0
2025-09-28,P12,Jus Alpukat,75,1
2025-09-28,P13,Es Campur,66,0
2025-09-28,P14,Kerupuk,175,0
2025-09-28,P15,Kue Lumpur,52,0
2025-09-28,P16,Pisang Goreng,77,0
2025-09-28,P17,Lemper,56,0
2025-09-28,P18,Serabi,46,0
2025-09-28,P19,Tahu Isi,67,0
2025-09-28,P20,Tempe Goreng,57,0
2025-09-28,P21,Roti Bakar Coklat,51,0
2025-09-28,P22,Telur Dadar,78,0
2025-09-28,P23,Capcay,56,0
2025-09-28,P24,Nasi Goreng Seafood,56,0
2025-09-28,P25,Bakso Urat,73,0
2025-09-29,P01,Nasi Goreng Spesial,128,0
2025-09-29,P02,Mie Goreng Ayam,102,0
2025-09-29,P03,Nasi Kuning,81,0
2025-09-29,P04,Nasi Uduk,63,0
2025-09-29,P05,Mie Ayam Bakso,76,0
2025-09-29,P06,Soto Ayam,60,0
2025-09-29,P07,Ayam Geprek,77,0
2025-09-29,P08,Es Teh Manis,214,0
2025-09-29,P09,Es Jeruk,124,0
2025-09-29,P10,Kopi Hitam,109,0
2025-09-29,P11,Teh Anget,94,0
2025-09-29,P12,Jus Alpukat,55,0
2025-09-29,P13,Es Campur,48,0
2025-09-29,P14,Kerupuk,145,0
2025-09-29,P15,Kue Lumpur,44,0
2025-09-29,P16,Pisang Goreng,71,0
2025-09-29,P17,Lemper,47,0
2025-09-29,P18,Serabi,33,0
2025-09-29,P19,Tahu Isi,65,0
2025-09-29,P20,Tempe Goreng,49,0
2025-09-29,P21,Roti Bakar Coklat,46,0
2025-09-29,P22,Telur Dadar,79,0
2025-09-29,P23,Capcay,60,0
2025-09-29,P24,Nasi Goreng Seafood,50,0
2025-09-29,P25,Bakso Urat,57,0
2025-09-30,P01,Nasi Goreng Spesial,116,0
2025-09-30,P02,Mie Goreng Ayam,94,0
2025-09-30,P03,Nasi Kuning,67,0
2025-09-30,P04,Nasi Uduk,59,0
2025-09-30,P05,Mie Ayam Bakso,87,0
2025-09-30,P06,Soto Ayam,62,0
2025-09-30,P07,Ayam Geprek,81,0
2025-09-30,P08,Es Teh Manis,190,0
2025-09-30,P09,Es Jeruk,139,0
2025-09-30,P10,Kopi Hitam,102,0
2025-09-30,P11,Teh Anget,87,0
2025-09-30,P12,Jus Alpukat,56,0
2025-09-30,P13,Es Campur,50,0
2025-09-30,P14,Kerupuk,126,0
2025-09-30,P15,Kue Lumpur,38,0
2025-09-30,P16,Pisang Goreng,63,0
2025-09-30,P17,Lemper,50,0
2025-09-30,P18,Serabi,33,0
2025-09-30,P19,Tahu Isi,59,0
2025-09-30,P20,Tempe Goreng,54,0
2025-09-30,P21,Roti Bakar Coklat,40,0
2025-09-30,P22,Telur Dadar,73,0
2025-09-30,P23,Capcay,49,0
2025-09-30,P24,Nasi Goreng Seafood,46,0
2025-09-30,P25,Bakso Urat,72,0
2025-10-01,P01,Nasi Goreng Spesial,89,0
2025-10-01,P02,Mie Goreng Ayam,103,0
2025-10-01,P03,Nasi Kuning,71,0
2025-10-01,P04,Nasi Uduk,70,0
2025-10-01,P05,Mie Ayam Bakso,75,0
2025-10-01,P06,Soto Ayam,51,0
2025-10-01,P07,Ayam Geprek,85,0
2025-10-01,P08,Es Teh Manis,171,0
2025-10-01,P09,Es Jeruk,123,0
2025-10-01,P10,Kopi Hitam,106,0
2025-10-01,P11,Teh Anget,90,0
2025-10-01,P12,Jus Alpukat,55,0
2025-10-01,P13,Es Campur,46,0
2025-10-01,P14,Kerupuk,125,0
2025-10-01,P15,Kue Lumpur,41,0
2025-10-01,P16,Pisang Goreng,65,0
2025-10-01,P17,Lemper,39,0
2025-10-01,P18,Serabi,37,0
2025-10-01,P19,Tahu Isi,46,0
2025-10-01,P20,Tempe Goreng,54,0
2025-10-01,P21,Roti Bakar Coklat,37,0
2025-10-01,P22,Telur Dadar,73,0
2025-10-01,P23,Capcay,54,0
2025-10-01,P24,Nasi Goreng Seafood,46,0
2025-10-01,P25,Bakso Urat,66,0
2025-10-02,P01,Nasi Goreng Spesial,61,0
2025-10-02,P02,Mie Goreng Ayam,61,0
2025-10-02,P03,Nasi Kuning,38,0
2025-10-02,P04,Nasi Uduk,32,0
2025-10-02,P05,Mie Ayam Bakso,40,0
2025-10-02,P06,Soto Ayam,28,0
2025-10-02,P07,Ayam Geprek,40,0
2025-10-02,P08,Es Teh Manis,83,0
2025-10-02,P09,Es Jeruk,40,0
2025-10-02,P10,Kopi Hitam,40,0
2025-10-02,P11,Teh Anget,37,0
2025-10-02,P12,Jus Alpukat,24,0
2025-10-02,P13,Es Campur,19,0
2025-10-02,P14,Kerupuk,79,0
2025-10-02,P15,Kue Lumpur,19,0
2025-10-02,P16,Pisang Goreng,31,0
2025-10-02,P17,Lemper,25,0
2025-10-02,P18,Serabi,20,0
2025-10-02,P19,Tahu Isi,33,0
2025-10-02,P20,Tempe Goreng,25,0
2025-10-02,P21,Roti Bakar Coklat,21,0
2025-10-02,P22,Telur Dadar,44,0
2025-10-02,P23,Capcay,30,0
2025-10-02,P24,Nasi Goreng Seafood,24,0
2025-10-02,P25,Bakso Urat,30,0
2025-10-03,P01,Nasi Goreng Spesial,110,0
2025-10-03,P02,Mie Goreng Ayam,94,0
2025-10-03,P03,Nasi Kuning,56,0
2025-10-03,P04,Nasi Uduk,58,0
2025-10-03,P05,Mie Ayam Bakso,80,0
2025-10-03,P06,Soto Ayam,50,0
2025-10-03,P07,Ayam Geprek,76,0
2025-10-03,P08,Es Teh Manis,216,0
2025-10-03,P09,Es Jeruk,137,0
2025-10-03,P10,Kopi Hitam,108,0
2025-10-03,P11,Teh Anget,81,0
2025-10-03,P12,Jus Alpukat,59,0
2025-10-03,P13,Es Campur,57,0
2025-10-03,P14,Kerupuk,151,0
2025-10-03,P15,Kue Lumpur,38,0
2025-10-03,P16,Pisang Goreng,56,0
2025-10-03,P17,Lemper,47,0
2025-10-03,P18,Serabi,33,0
2025-10-03,P19,Tahu Isi,57,0
2025-10-03,P20,Tempe Goreng,51,0
2025-10-03,P21,Roti Bakar Coklat,39,0
2025-10-03,P22,Telur Dadar,72,0
2025-10-03,P23,Capcay,54,0
2025-10-03,P24,Nasi Goreng Seafood,43,0
2025-10-03,P25,Bakso Urat,57,0
2025-10-04,P01,Nasi Goreng Spesial,130,0
2025-10-04,P02,Mie Goreng Ayam,111,0
2025-10-04,P03,Nasi Kuning,87,0
2025-10-04,P04,Nasi Uduk,80,1
2025-10-04,P05,Mie Ayam Bakso,93,0
2025-10-04,P06,Soto Ayam,68,0
2025-10-04,P07,Ayam Geprek,89,0
2025-10-04,P08,Es Teh Manis,228,0
2025-10-04,P09,Es Jeruk,156,0
2025-10-04,P10,Kopi Hitam,134,0
2025-10-04,P11,Teh Anget,89,0
2025-10-04,P12,Jus Alpukat,63,0
2025-10-04,P13,Es Campur,56,0
2025-10-04,P14,Kerupuk,164,0
2025-10-04,P15,Kue Lumpur,42,0
2025-10-04,P16,Pisang Goreng,76,0
2025-10-04,P17,Lemper,53,0
2025-10-04,P18,Serabi,45,0
2025-10-04,P19,Tahu Isi,71,0
2025-10-04,P20,Tempe Goreng,59,0
2025-10-04,P21,Roti Bakar Coklat,42,0
2025-10-04,P22,Telur Dadar,84,0
2025-10-04,P23,Capcay,63,0
2025-10-04,P24,Nasi Goreng Seafood,53,0
2025-10-04,P25,Bakso Urat,77,0
2025-10-05,P01,Nasi Goreng Spesial,77,0
2025-10-05,P02,Mie Goreng Ayam,62,0
2025-10-05,P03,Nasi Kuning,55,0
2025-10-05,P04,Nasi Uduk,44,0
2025-10-05,P05,Mie Ayam Bakso,55,0
2025-10-05,P06,Soto Ayam,36,0
2025-10-05,P07,Ayam Geprek,42,0
2025-10-05,P08,Es Teh Manis,92,0
2025-10-05,P09,Es Jeruk,63,0
2025-10-05,P10,Kopi Hitam,42,0
2025-10-05,P11,Teh Anget,41,0
2025-10-05,P12,Jus Alpukat,24,0
2025-10-05,P13,Es Campur,20,0
2025-10-05,P14,Kerupuk,93,0
2025-10-05,P15,Kue Lumpur,30,0
2025-10-05,P16,Pisang Goreng,45,0
2025-10-05,P17,Lemper,31,0
2025-10-05,P18,Serabi,23,0
2025-10-05,P19,Tahu Isi,41,0
2025-10-05,P20,Tempe Goreng,41,0
2025-10-05,P21,Roti Bakar Coklat,30,0
2025-10-05,P22,Telur Dadar,46,0
2025-10-05,P23,Capcay,37,0
2025-10-05,P24,Nasi Goreng Seafood,36,0
2025-10-05,P25,Bakso Urat,46,0
2025-10-06,P01,Nasi Goreng Spesial,102,0
2025-10-06,P02,Mie Goreng Ayam,89,0
2025-10-06,P03,Nasi Kuning,71,0
2025-10-06,P04,Nasi Uduk,62,0
2025-10-06,P05,Mie Ayam Bakso,75,0
2025-10-06,P06,Soto Ayam,55,0
2025-10-06,P07,Ayam Geprek,72,0
2025-10-06,P08,Es Teh Manis,176,0
2025-10-06,P09,Es Jeruk,124,0
2025-10-06,P10,Kopi Hitam,111,0
2025-10-06,P11,Teh Anget,87,0
2025-10-06,P12,Jus Alpukat,46,0
2025-10-06,P13,Es Campur,50,0
2025-10-06,P14,Kerupuk,139,0
2025-10-06,P15,Kue Lumpur,35,0
2025-10-06,P16,Pisang Goreng,60,0
2025-10-06,P17,Lemper,42,0
2025-10-06,P18,Serabi,35,0
2025-10-06,P19,Tahu Isi,54,0
2025-10-06,P20,Tempe Goreng,50,0
2025-10-06,P21,Roti Bakar Coklat,38,0
2025-10-06,P22,Telur Dadar,62,0
2025-10-06,P23,Capcay,56,0
2025-10-06,P24,Nasi Goreng Seafood,48,0
2025-10-06,P25,Bakso Urat,60,0
2025-10-07,P01,Nasi Goreng Spesial,169,1
2025-10-07,P02,Mie Goreng Ayam,114,1
2025-10-07,P03,Nasi Kuning,100,0
2025-10-07,P04,Nasi Uduk,96,0
2025-10-07,P05,Mie Ayam Bakso,116,0
2025-10-07,P06,Soto Ayam,90,0
2025-10-07,P07,Ayam Geprek,117,0
2025-10-07,P08,Es Teh Manis,279,0
2025-10-07,P09,Es Jeruk,208,0
2025-10-07,P10,Kopi Hitam,169,0
2025-10-07,P11,Teh Anget,132,0
2025-10-07,P12,Jus Alpukat,74,1
2025-10-07,P13,Es Campur,66,1
2025-10-07,P14,Kerupuk,200,0
2025-10-07,P15,Kue Lumpur,51,1
2025-10-07,P16,Pisang Goreng,91,0
2025-10-07,P17,Lemper,67,0
2025-10-07,P18,Serabi,46,0
2025-10-07,P19,Tahu Isi,71,1
2025-10-07,P20,Tempe Goreng,66,1
2025-10-07,P21,Roti Bakar Coklat,59,0
2025-10-07,P22,Telur Dadar,91,0
2025-10-07,P23,Capcay,77,0
2025-10-07,P24,Nasi Goreng Seafood,64,1
2025-10-07,P25,Bakso Urat,92,0
2025-10-08,P01,Nasi Goreng Spesial,98,0
2025-10-08,P02,Mie Goreng Ayam,96,0
2025-10-08,P03,Nasi Kuning,59,0
2025-10-08,P04,Nasi Uduk,57,0
2025-10-08,P05,Mie Ayam Bakso,74,0
2025-10-08,P06,Soto Ayam,57,0
2025-10-08,P07,Ayam Geprek,69,0
2025-10-08,P08,Es Teh Manis,167,0
2025-10-08,P09,Es Jeruk,106,0
2025-10-08,P10,Kopi Hitam,78,0
2025-10-08,P11,Teh Anget,75,0
2025-10-08,P12,Jus Alpukat,40,0
2025-10-08,P13,Es Campur,35,0
2025-10-08,P14,Kerupuk,148,0
2025-10-08,P15,Kue Lumpur,33,0
2025-10-08,P16,Pisang Goreng,67,0
2025-10-08,P17,Lemper,44,0
2025-10-08,P18,Serabi,33,0
2025-10-08,P19,Tahu Isi,66,0
2025-10-08,P20,Tempe Goreng,50,0
2025-10-08,P21,Roti Bakar Coklat,43,0
2025-10-08,P22,Telur Dadar,68,0
2025-10-08,P23,Capcay,52,0
2025-10-08,P24,Nasi Goreng Seafood,44,0
2025-10-08,P25,Bakso Urat,60,0
2025-10-09,P01,Nasi Goreng Spesial,170,0
2025-10-09,P02,Mie Goreng Ayam,130,0
2025-10-09,P03,Nasi Kuning,101,0
2025-10-09,P04,Nasi Uduk,89,0
2025-10-09,P05,Mie Ayam Bakso,119,0
2025-10-09,P06,Soto Ayam,75,1
2025-10-09,P07,Ayam Geprek,114,0
2025-10-09,P08,Es Teh Manis,260,1
2025-10-09,P09,Es Jeruk,164,1
2025-10-09,P10,Kopi Hitam,157,1
2025-10-09,P11,Teh Anget,133,0
2025-10-09,P12,Jus Alpukat,87,0
2025-10-09,P13,Es Campur,80,0
2025-10-09,P14,Kerupuk,200,0
2025-10-09,P15,Kue Lumpur,54,0
2025-10-09,P16,Pisang Goreng,87,1
2025-10-09,P17,Lemper,65,1
2025-10-09,P18,Serabi,45,1
2025-10-09,P19,Tahu Isi,79,0
2025-10-09,P20,Tempe Goreng,69,1
2025-10-09,P21,Roti Bakar Coklat,60,0
2025-10-09,P22,Telur Dadar,103,0
2025-10-09,P23,Capcay,73,0
2025-10-09,P24,Nasi Goreng Seafood,67,0
2025-10-09,P25,Bakso Urat,90,0
2025-10-10,P01,Nasi Goreng Spesial,161,0
2025-10-10,P02,Mie Goreng Ayam,125,1
2025-10-10,P03,Nasi Kuning,96,1
2025-10-10,P04,Nasi Uduk,86,0
2025-10-10,P05,Mie Ayam Bakso,116,0
2025-10-10,P06,Soto Ayam,85,0
2025-10-10,P07,Ayam Geprek,103,0
2025-10-10,P08,Es Teh Manis,260,1
2025-10-10,P09,Es Jeruk,193,0
2025-10-10,P10,Kopi Hitam,132,1
2025-10-10,P11,Teh Anget,120,0
2025-10-10,P12,Jus Alpukat,79,0
2025-10-10,P13,Es Campur,66,1
2025-10-10,P14,Kerupuk,191,0
2025-10-10,P15,Kue Lumpur,57,0
2025-10-10,P16,Pisang Goreng,90,1
2025-10-10,P17,Lemper,56,1
2025-10-10,P18,Serabi,44,1
2025-10-10,P19,Tahu Isi,70,1
2025-10-10,P20,Tempe Goreng,74,0
2025-10-10,P21,Roti Bakar Coklat,56,0
2025-10-10,P22,Telur Dadar,93,1
2025-10-10,P23,Capcay,67,1
2025-10-10,P24,Nasi Goreng Seafood,67,0
2025-10-10,P25,Bakso Urat,89,0
2025-10-11,P01,Nasi Goreng Spesial,90,0
2025-10-11,P02,Mie Goreng Ayam,62,0
2025-10-11,P03,Nasi Kuning,40,0
2025-10-11,P04,Nasi Uduk,42,0
2025-10-11,P05,Mie Ayam Bakso,53,0
2025-10-11,P06,Soto Ayam,37,0
2025-10-11,P07,Ayam Geprek,53,0
2025-10-11,P08,Es Teh Manis,76,0
2025-10-11,P09,Es Jeruk,64,0
2025-10-11,P10,Kopi Hitam,56,0
2025-10-11,P11,Teh Anget,51,0
2025-10-11,P12,Jus Alpukat,26,0
2025-10-11,P13,Es Campur,26,0
2025-10-11,P14,Kerupuk,96,0
2025-10-11,P15,Kue Lumpur,28,0
2025-10-11,P16,Pisang Goreng,52,0
2025-10-11,P17,Lemper,29,0
2025-10-11,P18,Serabi,24,0
2025-10-11,P19,Tahu Isi,46,0
2025-10-11,P20,Tempe Goreng,37,0
2025-10-11,P21,Roti Bakar Coklat,28,0
2025-10-11,P22,Telur Dadar,46,0
2025-10-11,P23,Capcay,36,0
2025-10-11,P24,Nasi Goreng Seafood,35,0
2025-10-11,P25,Bakso Urat,47,0
2025-10-12,P01,Nasi Goreng Spesial,109,0
2025-10-12,P02,Mie Goreng Ayam,99,0
2025-10-12,P03,Nasi Kuning,83,0
2025-10-12,P04,Nasi Uduk,73,0
2025-10-12,P05,Mie Ayam Bakso,91,0
2025-10-12,P06,Soto Ayam,57,0
2025-10-12,P07,Ayam Geprek,87,0
2025-10-12,P08,Es Teh Manis,217,0
2025-10-12,P09,Es Jeruk,152,0
2025-10-12,P10,Kopi Hitam,136,0
2025-10-12,P11,Teh Anget,102,0
2025-10-12,P12,Jus Alpukat,61,0
2025-10-12,P13,Es Campur,58,0
2025-10-12,P14,Kerupuk,174,0
2025-10-12,P15,Kue Lumpur,47,0
2025-10-12,P16,Pisang Goreng,82,0
2025-10-12,P17,Lemper,51,0
2025-10-12,P18,Serabi,38,0
2025-10-12,P19,Tahu Isi,63,0
2025-10-12,P20,Tempe Goreng,56,0
2025-10-12,P21,Roti Bakar Coklat,49,0
2025-10-12,P22,Telur Dadar,75,0
2025-10-12,P23,Capcay,55,0
2025-10-12,P24,Nasi Goreng Seafood,54,0
2025-10-12,P25,Bakso Urat,77,0
2025-10-13,P01,Nasi Goreng Spesial,61,0
2025-10-13,P02,Mie Goreng Ayam,49,0
2025-10-13,P03,Nasi Kuning,41,0
2025-10-13,P04,Nasi Uduk,28,0
2025-10-13,P05,Mie Ayam Bakso,35,0
2025-10-13,P06,Soto Ayam,34,0
2025-10-13,P07,Ayam Geprek,38,0
2025-10-13,P08,Es Teh Manis,77,0
2025-10-13,P09,Es Jeruk,48,0
2025-10-13,P10,Kopi Hitam,50,0
2025-10-13,P11,Teh Anget,38,0
2025-10-13,P12,Jus Alpukat,23,0
2025-10-13,P13,Es Campur,15,0
2025-10-13,P14,Kerupuk,82,0
2025-10-13,P15,Kue Lumpur,19,0
2025-10-13,P16,Pisang Goreng,32,0
2025-10-13,P17,Lemper,21,0
2025-10-13,P18,Serabi,18,0
2025-10-13,P19,Tahu Isi,36,0
2025-10-13,P20,Tempe Goreng,29,0
2025-10-13,P21,Roti Bakar Coklat,21,0
2025-10-13,P22,Telur Dadar,38,0
2025-10-13,P23,Capcay,28,0
2025-10-13,P24,Nasi Goreng Seafood,25,0
2025-10-13,P25,Bakso Urat,35,0
2025-10-14,P01,Nasi Goreng Spesial,56,0
2025-10-14,P02,Mie Goreng Ayam,50,0
2025-10-14,P03,Nasi Kuning,40,0
2025-10-14,P04,Nasi Uduk,31,0
2025-10-14,P05,Mie Ayam Bakso,42,0
2025-10-14,P06,Soto Ayam,34,0
2025-10-14,P07,Ayam Geprek,38,0
2025-10-14,P08,Es Teh Manis,85,0
2025-10-14,P09,Es Jeruk,41,0
2025-10-14,P10,Kopi Hitam,34,0
2025-10-14,P11,Teh Anget,45,0
2025-10-14,P12,Jus Alpukat,15,0
2025-10-14,P13,Es Campur,18,0
2025-10-14,P14,Kerupuk,95,0
2025-10-14,P15,Kue Lumpur,22,0
2025-10-14,P16,Pisang Goreng,41,0
2025-10-14,P17,Lemper,28,0
2025-10-14,P18,Serabi,19,0
2025-10-14,P19,Tahu Isi,31,0
2025-10-14,P20,Tempe Goreng,21,0
2025-10-14,P21,Roti Bakar Coklat,21,0
2025-10-14,P22,Telur Dadar,39,0
2025-10-14,P23,Capcay,29,0
2025-10-14,P24,Nasi Goreng Seafood,33,0
2025-10-14,P25,Bakso Urat,36,0
2025-10-15,P01,Nasi Goreng Spesial,89,0
2025-10-15,P02,Mie Goreng Ayam,76,0
2025-10-15,P03,Nasi Kuning,67,0
2025-10-15,P04,Nasi Uduk,55,0
2025-10-15,P05,Mie Ayam Bakso,80,0
2025-10-15,P06,Soto Ayam,47,0
2025-10-15,P07,Ayam Geprek,69,0
2025-10-15,P08,Es Teh Manis,193,0
2025-10-15,P09,Es Jeruk,137,0
2025-10-15,P10,Kopi Hitam,101,0
2025-10-15,P11,Teh Anget,78,0
2025-10-15,P12,Jus Alpukat,55,0
2025-10-15,P13,Es Campur,50,0
2025-10-15,P14,Kerupuk,137,0
2025-10-15,P15,Kue Lumpur,36,0
2025-10-15,P16,Pisang Goreng,61,0
2025-10-15,P17,Lemper,44,0
2025-10-15,P18,Serabi,35,0
2025-10-15,P19,Tahu Isi,52,0
2025-10-15,P20,Tempe Goreng,41,0
2025-10-15,P21,Roti Bakar Coklat,37,0
2025-10-15,P22,Telur Dadar,64,0
2025-10-15,P23,Capcay,50,0
2025-10-15,P24,Nasi Goreng Seafood,37,0
2025-10-15,P25,Bakso Urat,57,0
2025-10-16,P01,Nasi Goreng Spesial,99,0
2025-10-16,P02,Mie Goreng Ayam,72,0
2025-10-16,P03,Nasi Kuning,61,0
2025-10-16,P04,Nasi Uduk,52,0
2025-10-16,P05,Mie Ayam Bakso,74,0
2025-10-16,P06,Soto Ayam,48,0
2025-10-16,P07,Ayam Geprek,70,0
2025-10-16,P08,Es Teh Manis,204,0
2025-10-16,P09,Es Jeruk,129,0
2025-10-16,P10,Kopi Hitam,111,0
2025-10-16,P11,Teh Anget,99,0
2025-10-16,P12,Jus Alpukat,61,0
2025-10-16,P13,Es Campur,48,0
2025-10-16,P14,Kerupuk,116,0
2025-10-16,P15,Kue Lumpur,42,0
2025-10-16,P16,Pisang Goreng,58,0
2025-10-16,P17,Lemper,42,0
2025-10-16,P18,Serabi,29,0
2025-10-16,P19,Tahu Isi,53,0
2025-10-16,P20,Tempe Goreng,53,0
2025-10-16,P21,Roti Bakar Coklat,37,0
2025-10-16,P22,Telur Dadar,68,0
2025-10-16,P23,Capcay,47,0
2025-10-16,P24,Nasi Goreng Seafood,38,0
2025-10-16,P25,Bakso Urat,54,0
2025-10-17,P01,Nasi Goreng Spesial,112,0
2025-10-17,P02,Mie Goreng Ayam,100,0
2025-10-17,P03,Nasi Kuning,73,0
2025-10-17,P04,Nasi Uduk,68,0
2025-10-17,P05,Mie Ayam Bakso,80,0
2025-10-17,P06,Soto Ayam,64,0
2025-10-17,P07,Ayam Geprek,79,0
2025-10-17,P08,Es Teh Manis,189,0
2025-10-17,P09,Es Jeruk,132,0
2025-10-17,P10,Kopi Hitam,105,0
2025-10-17,P11,Teh Anget,88,0
2025-10-17,P12,Jus Alpukat,53,0
2025-10-17,P13,Es Campur,48,0
2025-10-17,P14,Kerupuk,152,0
2025-10-17,P15,Kue Lumpur,36,0
2025-10-17,P16,Pisang Goreng,67,0
2025-10-17,P17,Lemper,44,0
2025-10-17,P18,Serabi,36,0
2025-10-17,P19,Tahu Isi,55,0
2025-10-17,P20,Tempe Goreng,52,0
2025-10-17,P21,Roti Bakar Coklat,39,0
2025-10-17,P22,Telur Dadar,61,0
2025-10-17,P23,Capcay,58,0
2025-10-17,P24,Nasi Goreng Seafood,43,0
2025-10-17,P25,Bakso Urat,64,0
2025-10-18,P01,Nasi Goreng Spesial,144,0
2025-10-18,P02,Mie Goreng Ayam,126,0
2025-10-18,P03,Nasi Kuning,94,0
2025-10-18,P04,Nasi Uduk,82,0
2025-10-18,P05,Mie Ayam Bakso,113,0
2025-10-18,P06,Soto Ayam,74,0
2025-10-18,P07,Ayam Geprek,106,0
2025-10-18,P08,Es Teh Manis,382,1
2025-10-18,P09,Es Jeruk,253,1
2025-10-18,P10,Kopi Hitam,132,1
2025-10-18,P11,Teh Anget,135,1
2025-10-18,P12,Jus Alpukat,91,1
2025-10-18,P13,Es Campur,94,1
2025-10-18,P14,Kerupuk,188,0
2025-10-18,P15,Kue Lumpur,51,0
2025-10-18,P16,Pisang Goreng,92,0
2025-10-18,P17,Lemper,60,0
2025-10-18,P18,Serabi,44,1
2025-10-18,P19,Tahu Isi,83,0
2025-10-18,P20,Tempe Goreng,72,0
2025-10-18,P21,Roti Bakar Coklat,53,0
2025-10-18,P22,Telur Dadar,90,0
2025-10-18,P23,Capcay,59,0
2025-10-18,P24,Nasi Goreng Seafood,61,0
2025-10-18,P25,Bakso Urat,88,0
2025-10-19,P01,Nasi Goreng Spesial,81,0
2025-10-19,P02,Mie Goreng Ayam,64,0
2025-10-19,P03,Nasi Kuning,54,0
2025-10-19,P04,Nasi Uduk,38,0
2025-10-19,P05,Mie Ayam Bakso,56,0
2025-10-19,P06,Soto Ayam,39,0
2025-10-19,P07,Ayam Geprek,50,0
2025-10-19,P08,Es Teh Manis,86,0
2025-10-19,P09,Es Jeruk,59,0
2025-10-19,P10,Kopi Hitam,52,0
2025-10-19,P11,Teh Anget,44,0
2025-10-19,P12,Jus Alpukat,26,0
2025-10-19,P13,Es Campur,26,0
2025-10-19,P14,Kerupuk,89,0
2025-10-19,P15,Kue Lumpur,24,0
2025-10-19,P16,Pisang Goreng,50,0
2025-10-19,P17,Lemper,30,0
2025-10-19,P18,Serabi,24,0
2025-10-19,P19,Tahu Isi,39,0
2025-10-19,P20,Tempe Goreng,35,0
2025-10-19,P21,Roti Bakar Coklat,25,0
2025-10-19,P22,Telur Dadar,44,0
2025-10-19,P23,Capcay,38,0
2025-10-19,P24,Nasi Goreng Seafood,31,0
2025-10-19,P25,Bakso Urat,45,0
2025-10-20,P01,Nasi Goreng Spesial,83,0
2025-10-20,P02,Mie Goreng Ayam,66,0
2025-10-20,P03,Nasi Kuning,49,0
2025-10-20,P04,Nasi Uduk,40,0
2025-10-20,P05,Mie Ayam Bakso,58,0
2025-10-20,P06,Soto Ayam,34,0
2025-10-20,P07,Ayam Geprek,53,0
2025-10-20,P08,Es Teh Manis,95,0
2025-10-20,P09,Es Jeruk,55,0
2025-10-20,P10,Kopi Hitam,60,0
2025-10-20,P11,Teh Anget,54,0
2025-10-20,P12,Jus Alpukat,26,0
2025-10-20,P13,Es Campur,29,0
2025-10-20,P14,Kerupuk,77,0
2025-10-20,P15,Kue Lumpur,23,0
2025-10-20,P16,Pisang Goreng,42,0
2025-10-20,P17,Lemper,29,0
2025-10-20,P18,Serabi,21,0
2025-10-20,P19,Tahu Isi,39,0
2025-10-20,P20,Tempe Goreng,33,0
2025-10-20,P21,Roti Bakar Coklat,26,0
2025-10-20,P22,Telur Dadar,46,0
2025-10-20,P23,Capcay,31,0
2025-10-20,P24,Nasi Goreng Seafood,29,0
2025-10-20,P25,Bakso Urat,38,0
2025-10-21,P01,Nasi Goreng Spesial,107,0
2025-10-21,P02,Mie Goreng Ayam,90,0
2025-10-21,P03,Nasi Kuning,78,0
2025-10-21,P04,Nasi Uduk,62,0
2025-10-21,P05,Mie Ayam Bakso,81,0
2025-10-21,P06,Soto Ayam,62,0
2025-10-21,P07,Ayam Geprek,79,0
2025-10-21,P08,Es Teh Manis,233,1
2025-10-21,P09,Es Jeruk,219,1
2025-10-21,P10,Kopi Hitam,175,0
2025-10-21,P11,Teh Anget,130,1
2025-10-21,P12,Jus Alpukat,93,0
2025-10-21,P13,Es Campur,63,1
2025-10-21,P14,Kerupuk,148,0
2025-10-21,P15,Kue Lumpur,40,0
2025-10-21,P16,Pisang Goreng,63,0
2025-10-21,P17,Lemper,54,0
2025-10-21,P18,Serabi,36,0
2025-10-21,P19,Tahu Isi,59,0
2025-10-21,P20,Tempe Goreng,55,0
2025-10-21,P21,Roti Bakar Coklat,45,0
2025-10-21,P22,Telur Dadar,72,0
2025-10-21,P23,Capcay,54,0
2025-10-21,P24,Nasi Goreng Seafood,52,0
2025-10-21,P25,Bakso Urat,62,0
2025-10-22,P01,Nasi Goreng Spesial,126,0
2025-10-22,P02,Mie Goreng Ayam,100,0
2025-10-22,P03,Nasi Kuning,74,0
2025-10-22,P04,Nasi Uduk,72,0
2025-10-22,P05,Mie Ayam Bakso,89,0
2025-10-22,P06,Soto Ayam,62,0
2025-10-22,P07,Ayam Geprek,74,0
2025-10-22,P08,Es Teh Manis,334,0
2025-10-22,P09,Es Jeruk,167,1
2025-10-22,P10,Kopi Hitam,177,0
2025-10-22,P11,Teh Anget,158,0
2025-10-22,P12,Jus Alpukat,87,1
2025-10-22,P13,Es Campur,72,1
2025-10-22,P14,Kerupuk,154,0
2025-10-22,P15,Kue Lumpur,44,0
2025-10-22,P16,Pisang Goreng,68,0
2025-10-22,P17,Lemper,48,0
2025-10-22,P18,Serabi,41,0
2025-10-22,P19,Tahu Isi,57,0
2025-10-22,P20,Tempe Goreng,57,0
2025-10-22,P21,Roti Bakar Coklat,42,0
2025-10-22,P22,Telur Dadar,77,0
2025-10-22,P23,Capcay,60,0
2025-10-22,P24,Nasi Goreng Seafood,49,0
2025-10-22,P25,Bakso Urat,71,0
2025-10-23,P01,Nasi Goreng Spesial,104,0
2025-10-23,P02,Mie Goreng Ayam,83,0
2025-10-23,P03,Nasi Kuning,66,0
2025-10-23,P04,Nasi Uduk,57,0
2025-10-23,P05,Mie Ayam Bakso,74,0
2025-10-23,P06,Soto Ayam,53,0
2025-10-23,P07,Ayam Geprek,72,0
2025-10-23,P08,Es Teh Manis,183,0
2025-10-23,P09,Es Jeruk,130,0
2025-10-23,P10,Kopi Hitam,102,0
2025-10-23,P11,Teh Anget,82,0
2025-10-23,P12,Jus Alpukat,52,0
2025-10-23,P13,Es Campur,42,0
2025-10-23,P14,Kerupuk,134,0
2025-10-23,P15,Kue Lumpur,36,0
2025-10-23,P16,Pisang Goreng,60,0
2025-10-23,P17,Lemper,43,0
2025-10-23,P18,Serabi,36,0
2025-10-23,P19,Tahu Isi,55,0
2025-10-23,P20,Tempe Goreng,48,0
2025-10-23,P21,Roti Bakar Coklat,35,0
2025-10-23,P22,Telur Dadar,69,0
2025-10-23,P23,Capcay,48,0
2025-10-23,P24,Nasi Goreng Seafood,39,0
2025-10-23,P25,Bakso Urat,59,0
2025-10-24,P01,Nasi Goreng Spesial,185,0
2025-10-24,P02,Mie Goreng Ayam,115,1
2025-10-24,P03,Nasi Kuning,102,1
2025-10-24,P04,Nasi Uduk,84,1
2025-10-24,P05,Mie Ayam Bakso,106,1
2025-10-24,P06,Soto Ayam,93,0
2025-10-24,P07,Ayam Geprek,134,0
2025-10-24,P08,Es Teh Manis,294,1
2025-10-24,P09,Es Jeruk,242,0
2025-10-24,P10,Kopi Hitam,200,0
2025-10-24,P11,Teh Anget,124,1
2025-10-24,P12,Jus Alpukat,63,1
2025-10-24,P13,Es Campur,86,0
2025-10-24,P14,Kerupuk,251,0
2025-10-24,P15,Kue Lumpur,55,1
2025-10-24,P16,Pisang Goreng,109,1
2025-10-24,P17,Lemper,63,1
2025-10-24,P18,Serabi,63,1
2025-10-24,P19,Tahu Isi,94,0
2025-10-24,P20,Tempe Goreng,77,1
2025-10-24,P21,Roti Bakar Coklat,68,0
2025-10-24,P22,Telur Dadar,118,1
2025-10-24,P23,Capcay,90,0
2025-10-24,P24,Nasi Goreng Seafood,76,0
2025-10-24,P25,Bakso Urat,97,0
2025-10-25,P01,Nasi Goreng Spesial,229,1
2025-10-25,P02,Mie Goreng Ayam,149,1
2025-10-25,P03,Nasi Kuning,125,1
2025-10-25,P04,Nasi Uduk,133,1
2025-10-25,P05,Mie Ayam Bakso,162,1
2025-10-25,P06,Soto Ayam,81,1
2025-10-25,P07,Ayam Geprek,139,1
2025-10-25,P08,Es Teh Manis,319,1
2025-10-25,P09,Es Jeruk,188,1
2025-10-25,P10,Kopi Hitam,130,1
2025-10-25,P11,Teh Anget,161,1
2025-10-25,P12,Jus Alpukat,105,1
2025-10-25,P13,Es Campur,100,0
2025-10-25,P14,Kerupuk,219,1
2025-10-25,P15,Kue Lumpur,65,1
2025-10-25,P16,Pisang Goreng,87,1
2025-10-25,P17,Lemper,103,1
2025-10-25,P18,Serabi,72,1
2025-10-25,P19,Tahu Isi,127,1
2025-10-25,P20,Tempe Goreng,89,1
2025-10-25,P21,Roti Bakar Coklat,57,1
2025-10-25,P22,Telur Dadar,125,1
2025-10-25,P23,Capcay,83,1
2025-10-25,P24,Nasi Goreng Seafood,72,1
2025-10-25,P25,Bakso Urat,82,1
2025-10-26,P01,Nasi Goreng Spesial,106,0
2025-10-26,P02,Mie Goreng Ayam,83,0
2025-10-26,P03,Nasi Kuning,67,0
2025-10-26,P04,Nasi Uduk,45,0
2025-10-26,P05,Mie Ayam Bakso,73,0
2025-10-26,P06,Soto Ayam,52,0
2025-10-26,P07,Ayam Geprek,68,0
2025-10-26,P08,Es Teh Manis,116,0
2025-10-26,P09,Es Jeruk,96,0
2025-10-26,P10,Kopi Hitam,68,0
2025-10-26,P11,Teh Anget,61,0
2025-10-26,P12,Jus Alpukat,35,0
2025-10-26,P13,Es Campur,33,0
2025-10-26,P14,Kerupuk,149,0
2025-10-26,P15,Kue Lumpur,40,0
2025-10-26,P16,Pisang Goreng,65,0
2025-10-26,P17,Lemper,45,0
2025-10-26,P18,Serabi,32,0
2025-10-26,P19,Tahu Isi,56,0
2025-10-26,P20,Tempe Goreng,49,0
2025-10-26,P21,Roti Bakar Coklat,41,0
2025-10-26,P22,Telur Dadar,64,0
2025-10-26,P23,Capcay,44,0
2025-10-26,P24,Nasi Goreng Seafood,41,0
2025-10-26,P25,Bakso Urat,51,0
2025-10-27,P01,Nasi Goreng Spesial,237,1
2025-10-27,P02,Mie Goreng Ayam,114,1
2025-10-27,P03,Nasi Kuning,109,1
2025-10-27,P04,Nasi Uduk,138,1
2025-10-27,P05,Mie Ayam Bakso,168,1
2025-10-27,P06,Soto Ayam,107,1
2025-10-27,P07,Ayam Geprek,108,1
2025-10-27,P08,Es Teh Manis,287,1
2025-10-27,P09,Es Jeruk,267,1
2025-10-27,P10,Kopi Hitam,201,1
2025-10-27,P11,Teh Anget,130,1
2025-10-27,P12,Jus Alpukat,70,1
2025-10-27,P13,Es Campur,93,1
2025-10-27,P14,Kerupuk,250,1
2025-10-27,P15,Kue Lumpur,89,1
2025-10-27,P16,Pisang Goreng,103,1
2025-10-27,P17,Lemper,72,1
2025-10-27,P18,Serabi,52,1
2025-10-27,P19,Tahu Isi,98,1
2025-10-27,P20,Tempe Goreng,80,1
2025-10-27,P21,Roti Bakar Coklat,52,1
2025-10-27,P22,Telur Dadar,106,1
2025-10-27,P23,Capcay,74,1
2025-10-27,P24,Nasi Goreng Seafood,95,1
2025-10-27,P25,Bakso Urat,92,1
2025-10-28,P01,Nasi Goreng Spesial,177,1
2025-10-28,P02,Mie Goreng Ayam,159,0
2025-10-28,P03,Nasi Kuning,86,1
2025-10-28,P04,Nasi Uduk,98,0
2025-10-28,P05,Mie Ayam Bakso,129,0
2025-10-28,P06,Soto Ayam,94,0
2025-10-28,P07,Ayam Geprek,115,0
2025-10-28,P08,Es Teh Manis,231,0
2025-10-28,P09,Es Jeruk,166,0
2025-10-28,P10,Kopi Hitam,132,0
2025-10-28,P11,Teh Anget,122,0
2025-10-28,P12,Jus Alpukat,66,0
2025-10-28,P13,Es Campur,61,0
2025-10-28,P14,Kerupuk,236,0
2025-10-28,P15,Kue Lumpur,69,0
2025-10-28,P16,Pisang Goreng,100,1
2025-10-28,P17,Lemper,76,0
2025-10-28,P18,Serabi,53,1
2025-10-28,P19,Tahu Isi,98,0
2025-10-28,P20,Tempe Goreng,64,1
2025-10-28,P21,Roti Bakar Coklat,60,0
2025-10-28,P22,Telur Dadar,92,1
2025-10-28,P23,Capcay,79,0
2025-10-28,P24,Nasi Goreng Seafood,73,1
2025-10-28,P25,Bakso Urat,100,0
2025-10-29,P01,Nasi Goreng Spesial,209,1
2025-10-29,P02,Mie Goreng Ayam,188,1
2025-10-29,P03,Nasi Kuning,108,1
2025-10-29,P04,Nasi Uduk,82,1
2025-10-29,P05,Mie Ayam Bakso,161,1
2025-10-29,P06,Soto Ayam,93,1
2025-10-29,P07,Ayam Geprek,110,1
2025-10-29,P08,Es Teh Manis,314,1
2025-10-29,P09,Es Jeruk,282,1
2025-10-29,P10,Kopi Hitam,166,1
2025-10-29,P11,Teh Anget,191,1
2025-10-29,P12,Jus Alpukat,76,1
2025-10-29,P13,Es Campur,61,1
2025-10-29,P14,Kerupuk,190,1
2025-10-29,P15,Kue Lumpur,81,1
2025-10-29,P16,Pisang Goreng,112,1
2025-10-29,P17,Lemper,83,1
2025-10-29,P18,Serabi,76,1
2025-10-29,P19,Tahu Isi,100,1
2025-10-29,P20,Tempe Goreng,69,1
2025-10-29,P21,Roti Bakar Coklat,79,1
2025-10-29,P22,Telur Dadar,98,1
2025-10-29,P23,Capcay,94,1
2025-10-29,P24,Nasi Goreng Seafood,97,1
2025-10-29,P25,Bakso Urat,108,1
2025-10-30,P01,Nasi Goreng Spesial,160,1
2025-10-30,P02,Mie Goreng Ayam,178,1
2025-10-30,P03,Nasi Kuning,93,1
2025-10-30,P04,Nasi Uduk,89,1
2025-10-30,P05,Mie Ayam Bakso,98,1
2025-10-30,P06,Soto Ayam,119,1
2025-10-30,P07,Ayam Geprek,93,1
2025-10-30,P08,Es Teh Manis,345,1
2025-10-30,P09,Es Jeruk,230,1
2025-10-30,P10,Kopi Hitam,181,1
2025-10-30,P11,Teh Anget,138,1
2025-10-30,P12,Jus Alpukat,79,1
2025-10-30,P13,Es Campur,101,1
2025-10-30,P14,Kerupuk,281,1
2025-10-30,P15,Kue Lumpur,87,1
2025-10-30,P16,Pisang Goreng,125,1
2025-10-30,P17,Lemper,95,1
2025-10-30,P18,Serabi,76,1
2025-10-30,P19,Tahu Isi,97,1
2025-10-30,P20,Tempe Goreng,111,1
2025-10-30,P21,Roti Bakar Coklat,50,1
2025-10-30,P22,Telur Dadar,91,1
2025-10-30,P23,Capcay,89,1
2025-10-30,P24,Nasi Goreng Seafood,77,1
2025-10-30,P25,Bakso Urat,105,1
2025-10-31,P01,Nasi Goreng Spesial,177,1
2025-10-31,P02,Mie Goreng Ayam,171,1
2025-10-31,P03,Nasi Kuning,149,1
2025-10-31,P04,Nasi Uduk,132,1
2025-10-31,P05,Mie Ayam Bakso,141,1
2025-10-31,P06,Soto Ayam,112,1
2025-10-31,P07,Ayam Geprek,121,1
2025-10-31,P08,Es Teh Manis,373,1
2025-10-31,P09,Es Jeruk,176,1
2025-10-31,P10,Kopi Hitam,130,1
2025-10-31,P11,Teh Anget,153,1
2025-10-31,P12,Jus Alpukat,74,1
2025-10-31,P13,Es Campur,90,1
2025-10-31,P14,Kerupuk,182,1
2025-10-31,P15,Kue Lumpur,49,1
2025-10-31,P16,Pisang Goreng,121,1
2025-10-31,P17,Lemper,80,1
2025-10-31,P18,Serabi,76,1
2025-10-31,P19,Tahu Isi,84,1
2025-10-31,P20,Tempe Goreng,69,1
2025-10-31,P21,Roti Bakar Coklat,49,1
2025-10-31,P22,Telur Dadar,115,1
2025-10-31,P23,Capcay,68,1
2025-10-31,P24,Nasi Goreng Seafood,93,1
2025-10-31,P25,Bakso Urat,81,1
2025-11-01,P01,Nasi Goreng Spesial,227,0
2025-11-01,P02,Mie Goreng Ayam,161,1
2025-11-01,P03,Nasi Kuning,145,0
2025-11-01,P04,Nasi Uduk,126,0
2025-11-01,P05,Mie Ayam Bakso,151,1
2025-11-01,P06,Soto Ayam,87,1
2025-11-01,P07,Ayam Geprek,114,1
2025-11-01,P08,Es Teh Manis,271,0
2025-11-01,P09,Es Jeruk,200,0
2025-11-01,P10,Kopi Hitam,145,1
2025-11-01,P11,Teh Anget,127,1
2025-11-01,P12,Jus Alpukat,70,1
2025-11-01,P13,Es Campur,67,1
2025-11-01,P14,Kerupuk,216,1
2025-11-01,P15,Kue Lumpur,86,1
2025-11-01,P16,Pisang Goreng,85,1
2025-11-01,P17,Lemper,100,0
2025-11-01,P18,Serabi,77,0
2025-11-01,P19,Tahu Isi,89,1
2025-11-01,P20,Tempe Goreng,90,1
2025-11-01,P21,Roti Bakar Coklat,73,1
2025-11-01,P22,Telur Dadar,101,1
2025-11-01,P23,Capcay,105,1
2025-11-01,P24,Nasi Goreng Seafood,86,1
2025-11-01,P25,Bakso Urat,86,1
2025-11-02,P01,Nasi Goreng Spesial,252,1
2025-11-02,P02,Mie Goreng Ayam,159,1
2025-11-02,P03,Nasi Kuning,151,1
2025-11-02,P04,Nasi Uduk,105,1
2025-11-02,P05,Mie Ayam Bakso,154,1
2025-11-02,P06,Soto Ayam,101,1
2025-11-02,P07,Ayam Geprek,149,1
2025-11-02,P08,Es Teh Manis,408,1
2025-11-02,P09,Es Jeruk,218,1
2025-11-02,P10,Kopi Hitam,214,1
2025-11-02,P11,Teh Anget,189,1
2025-11-02,P12,Jus Alpukat,108,1
2025-11-02,P13,Es Campur,58,1
2025-11-02,P14,Kerupuk,173,1
2025-11-02,P15,Kue Lumpur,88,1
2025-11-02,P16,Pisang Goreng,128,1
2025-11-02,P17,Lemper,105,1
2025-11-02,P18,Serabi,54,1
2025-11-02,P19,Tahu Isi,120,1
2025-11-02,P20,Tempe Goreng,109,1
2025-11-02,P21,Roti Bakar Coklat,87,1
2025-11-02,P22,Telur Dadar,137,1
2025-11-02,P23,Capcay,72,1
2025-11-02,P24,Nasi Goreng Seafood,91,1
2025-11-02,P25,Bakso Urat,120,1
2025-11-03,P01,Nasi Goreng Spesial,176,1
2025-11-03,P02,Mie Goreng Ayam,161,1
2025-11-03,P03,Nasi Kuning,86,1
2025-11-03,P04,Nasi Uduk,117,1
2025-11-03,P05,Mie Ayam Bakso,118,1
2025-11-03,P06,Soto Ayam,109,1
2025-11-03,P07,Ayam Geprek,112,1
2025-11-03,P08,Es Teh Manis,310,1
2025-11-03,P09,Es Jeruk,243,1
2025-11-03,P10,Kopi Hitam,202,1
2025-11-03,P11,Teh Anget,110,1
2025-11-03,P12,Jus Alpukat,94,1
2025-11-03,P13,Es Campur,98,1
2025-11-03,P14,Kerupuk,203,1
2025-11-03,P15,Kue Lumpur,73,1
2025-11-03,P16,Pisang Goreng,109,1
2025-11-03,P17,Lemper,88,0
2025-11-03,P18,Serabi,59,1
2025-11-03,P19,Tahu Isi,110,0
2025-11-03,P20,Tempe Goreng,101,1
2025-11-03,P21,Roti Bakar Coklat,74,1
2025-11-03,P22,Telur Dadar,108,1
2025-11-03,P23,Capcay,98,1
2025-11-03,P24,Nasi Goreng Seafood,64,1
2025-11-03,P25,Bakso Urat,107,1
2025-11-04,P01,Nasi Goreng Spesial,140,1
2025-11-04,P02,Mie Goreng Ayam,129,0
2025-11-04,P03,Nasi Kuning,91,0
2025-11-04,P04,Nasi Uduk,80,1
2025-11-04,P05,Mie Ayam Bakso,108,0
2025-11-04,P06,Soto Ayam,83,0
2025-11-04,P07,Ayam Geprek,95,0
2025-11-04,P08,Es Teh Manis,194,0
2025-11-04,P09,Es Jeruk,149,0
2025-11-04,P10,Kopi Hitam,114,0
2025-11-04,P11,Teh Anget,101,0
2025-11-04,P12,Jus Alpukat,62,0
2025-11-04,P13,Es Campur,53,0
2025-11-04,P14,Kerupuk,189,0
2025-11-04,P15,Kue Lumpur,60,0
2025-11-04,P16,Pisang Goreng,83,1
2025-11-04,P17,Lemper,65,0
2025-11-04,P18,Serabi,48,0
2025-11-04,P19,Tahu Isi,82,0
2025-11-04,P20,Tempe Goreng,72,0
2025-11-04,P21,Roti Bakar Coklat,52,0
2025-11-04,P22,Telur Dadar,98,0
2025-11-04,P23,Capcay,73,0
2025-11-04,P24,Nasi Goreng Seafood,55,0
2025-11-04,P25,Bakso Urat,81,1
2025-11-05,P01,Nasi Goreng Spesial,154,0
2025-11-05,P02,Mie Goreng Ayam,129,0
2025-11-05,P03,Nasi Kuning,105,1
2025-11-05,P04,Nasi Uduk,85,0
2025-11-05,P05,Mie Ayam Bakso,110,0
2025-11-05,P06,Soto Ayam,76,0
2025-11-05,P07,Ayam Geprek,97,0
2025-11-05,P08,Es Teh Manis,199,0
2025-11-05,P09,Es Jeruk,146,0
2025-11-05,P10,Kopi Hitam,120,0
2025-11-05,P11,Teh Anget,97,0
2025-11-05,P12,Jus Alpukat,56,0
2025-11-05,P13,Es Campur,49,0
2025-11-05,P14,Kerupuk,187,0
2025-11-05,P15,Kue Lumpur,55,0
2025-11-05,P16,Pisang Goreng,84,0
2025-11-05,P17,Lemper,61,1
2025-11-05,P18,Serabi,49,1
2025-11-05,P19,Tahu Isi,73,0
2025-11-05,P20,Tempe Goreng,74,0
2025-11-05,P21,Roti Bakar Coklat,57,0
2025-11-05,P22,Telur Dadar,96,0
2025-11-05,P23,Capcay,69,0
2025-11-05,P24,Nasi Goreng Seafood,66,0
2025-11-05,P25,Bakso Urat,89,0
2025-11-06,P01,Nasi Goreng Spesial,91,0
2025-11-06,P02,Mie Goreng Ayam,79,0
2025-11-06,P03,Nasi Kuning,56,0
2025-11-06,P04,Nasi Uduk,45,0
2025-11-06,P05,Mie Ayam Bakso,60,0
2025-11-06,P06,Soto Ayam,52,0
2025-11-06,P07,Ayam Geprek,59,0
2025-11-06,P08,Es Teh Manis,108,0
2025-11-06,P09,Es Jeruk,65,0
2025-11-06,P10,Kopi Hitam,59,0
2025-11-06,P11,Teh Anget,54,0
2025-11-06,P12,Jus Alpukat,30,0
2025-11-06,P13,Es Campur,25,0
2025-11-06,P14,Kerupuk,105,0
2025-11-06,P15,Kue Lumpur,34,0
2025-11-06,P16,Pisang Goreng,52,0
2025-11-06,P17,Lemper,37,0
2025-11-06,P18,Serabi,28,0
2025-11-06,P19,Tahu Isi,40,0
2025-11-06,P20,Tempe Goreng,41,0
2025-11-06,P21,Roti Bakar Coklat,34,0
2025-11-06,P22,Telur Dadar,52,0
2025-11-06,P23,Capcay,43,0
2025-11-06,P24,Nasi Goreng Seafood,37,0
2025-11-06,P25,Bakso Urat,52,0
2025-11-07,P01,Nasi Goreng Spesial,140,1
2025-11-07,P02,Mie Goreng Ayam,169,0
2025-11-07,P03,Nasi Kuning,105,1
2025-11-07,P04,Nasi Uduk,116,1
2025-11-07,P05,Mie Ayam Bakso,156,0
2025-11-07,P06,Soto Ayam,108,1
2025-11-07,P07,Ayam Geprek,130,1
2025-11-07,P08,Es Teh Manis,297,1
2025-11-07,P09,Es Jeruk,164,1
2025-11-07,P10,Kopi Hitam,205,0
2025-11-07,P11,Teh Anget,158,0
2025-11-07,P12,Jus Alpukat,100,1
2025-11-07,P13,Es Campur,79,1
2025-11-07,P14,Kerupuk,228,1
2025-11-07,P15,Kue Lumpur,52,1
2025-11-07,P16,Pisang Goreng,90,1
2025-11-07,P17,Lemper,78,1
2025-11-07,P18,Serabi,52,1
2025-11-07,P19,Tahu Isi,74,1
2025-11-07,P20,Tempe Goreng,95,1
2025-11-07,P21,Roti Bakar Coklat,70,1
2025-11-07,P22,Telur Dadar,117,1
2025-11-07,P23,Capcay,97,0
2025-11-07,P24,Nasi Goreng Seafood,87,1
2025-11-07,P25,Bakso Urat,79,1
2025-11-08,P01,Nasi Goreng Spesial,187,1
2025-11-08,P02,Mie Goreng Ayam,201,1
2025-11-08,P03,Nasi Kuning,148,1
2025-11-08,P04,Nasi Uduk,134,1
2025-11-08,P05,Mie Ayam Bakso,154,1
2025-11-08,P06,Soto Ayam,133,1
2025-11-08,P07,Ayam Geprek,122,1
2025-11-08,P08,Es Teh Manis,253,1
2025-11-08,P09,Es Jeruk,176,1
2025-11-08,P10,Kopi Hitam,178,1
2025-11-08,P11,Teh Anget,182,1
2025-11-08,P12,Jus Alpukat,90,1
2025-11-08,P13,Es Campur,87,1
2025-11-08,P14,Kerupuk,226,1
2025-11-08,P15,Kue Lumpur,81,1
2025-11-08,P16,Pisang Goreng,89,1
2025-11-08,P17,Lemper,83,1
2025-11-08,P18,Serabi,50,1
2025-11-08,P19,Tahu Isi,101,1
2025-11-08,P20,Tempe Goreng,88,1
2025-11-08,P21,Roti Bakar Coklat,76,1
2025-11-08,P22,Telur Dadar,124,1
2025-11-08,P23,Capcay,119,1
2025-11-08,P24,Nasi Goreng Seafood,102,1
2025-11-08,P25,Bakso Urat,99,1
2025-11-09,P01,Nasi Goreng Spesial,98,0
2025-11-09,P02,Mie Goreng Ayam,82,0
2025-11-09,P03,Nasi Kuning,65,0
2025-11-09,P04,Nasi Uduk,66,0
2025-11-09,P05,Mie Ayam Bakso,67,0
2025-11-09,P06,Soto Ayam,54,0
2025-11-09,P07,Ayam Geprek,79,0
2025-11-09,P08,Es Teh Manis,111,0
2025-11-09,P09,Es Jeruk,98,0
2025-11-09,P10,Kopi Hitam,63,0
2025-11-09,P11,Teh Anget,54,0
2025-11-09,P12,Jus Alpukat,35,0
2025-11-09,P13,Es Campur,37,0
2025-11-09,P14,Kerupuk,134,0
2025-11-09,P15,Kue Lumpur,36,0
2025-11-09,P16,Pisang Goreng,58,0
2025-11-09,P17,Lemper,49,0
2025-11-09,P18,Serabi,32,0
2025-11-09,P19,Tahu Isi,63,0
2025-11-09,P20,Tempe Goreng,53,0
2025-11-09,P21,Roti Bakar Coklat,41,0
2025-11-09,P22,Telur Dadar,68,0
2025-11-09,P23,Capcay,47,0
2025-11-09,P24,Nasi Goreng Seafood,44,0
2025-11-09,P25,Bakso Urat,55,0
2025-11-10,P01,Nasi Goreng Spesial,109,0
2025-11-10,P02,Mie Goreng Ayam,80,0
2025-11-10,P03,Nasi Kuning,72,0
2025-11-10,P04,Nasi Uduk,58,0
2025-11-10,P05,Mie Ayam Bakso,73,0
2025-11-10,P06,Soto Ayam,49,0
2025-11-10,P07,Ayam Geprek,78,0
2025-11-10,P08,Es Teh Manis,136,0
2025-11-10,P09,Es Jeruk,83,0
2025-11-10,P10,Kopi Hitam,95,0
2025-11-10,P11,Teh Anget,67,0
2025-11-10,P12,Jus Alpukat,41,0
2025-11-10,P13,Es Campur,40,0
2025-11-10,P14,Kerupuk,136,0
2025-11-10,P15,Kue Lumpur,40,0
2025-11-10,P16,Pisang Goreng,60,0
2025-11-10,P17,Lemper,45,0
2025-11-10,P18,Serabi,32,0
2025-11-10,P19,Tahu Isi,54,0
2025-11-10,P20,Tempe Goreng,49,0
2025-11-10,P21,Roti Bakar Coklat,36,0
2025-11-10,P22,Telur Dadar,65,0
2025-11-10,P23,Capcay,49,0
2025-11-10,P24,Nasi Goreng Seafood,44,0
2025-11-10,P25,Bakso Urat,60,0
2025-11-11,P01,Nasi Goreng Spesial,168,0
2025-11-11,P02,Mie Goreng Ayam,137,0
2025-11-11,P03,Nasi Kuning,105,1
2025-11-11,P04,Nasi Uduk,93,0
2025-11-11,P05,Mie Ayam Bakso,117,0
2025-11-11,P06,Soto Ayam,79,1
2025-11-11,P07,Ayam Geprek,116,0
2025-11-11,P08,Es Teh Manis,278,1
2025-11-11,P09,Es Jeruk,168,1
2025-11-11,P10,Kopi Hitam,132,1
2025-11-11,P11,Teh Anget,151,1
2025-11-11,P12,Jus Alpukat,115,1
2025-11-11,P13,Es Campur,58,1
2025-11-11,P14,Kerupuk,196,0
2025-11-11,P15,Kue Lumpur,60,0
2025-11-11,P16,Pisang Goreng,89,0
2025-11-11,P17,Lemper,67,0
2025-11-11,P18,Serabi,50,0
2025-11-11,P19,Tahu Isi,85,0
2025-11-11,P20,Tempe Goreng,76,1
2025-11-11,P21,Roti Bakar Coklat,50,1
2025-11-11,P22,Telur Dadar,109,0
2025-11-11,P23,Capcay,77,0
2025-11-11,P24,Nasi Goreng Seafood,71,0
2025-11-11,P25,Bakso Urat,93,1
2025-11-12,P01,Nasi Goreng Spesial,99,0
2025-11-12,P02,Mie Goreng Ayam,85,0
2025-11-12,P03,Nasi Kuning,60,0
2025-11-12,P04,Nasi Uduk,52,0
2025-11-12,P05,Mie Ayam Bakso,76,0
2025-11-12,P06,Soto Ayam,51,0
2025-11-12,P07,Ayam Geprek,66,0
2025-11-12,P08,Es Teh Manis,134,0
2025-11-12,P09,Es Jeruk,93,0
2025-11-12,P10,Kopi Hitam,76,0
2025-11-12,P11,Teh Anget,73,0
2025-11-12,P12,Jus Alpukat,40,0
2025-11-12,P13,Es Campur,40,0
2025-11-12,P14,Kerupuk,126,0
2025-11-12,P15,Kue Lumpur,40,0
2025-11-12,P16,Pisang Goreng,58,0
2025-11-12,P17,Lemper,41,0
2025-11-12,P18,Serabi,37,0
2025-11-12,P19,Tahu Isi,51,0
2025-11-12,P20,Tempe Goreng,41,0
2025-11-12,P21,Roti Bakar Coklat,36,0
2025-11-12,P22,Telur Dadar,54,0
2025-11-12,P23,Capcay,44,0
2025-11-12,P24,Nasi Goreng Seafood,39,0
2025-11-12,P25,Bakso Urat,58,0
2025-11-13,P01,Nasi Goreng Spesial,144,0
2025-11-13,P02,Mie Goreng Ayam,118,0
2025-11-13,P03,Nasi Kuning,96,0
2025-11-13,P04,Nasi Uduk,78,0
2025-11-13,P05,Mie Ayam Bakso,104,0
2025-11-13,P06,Soto Ayam,76,0
2025-11-13,P07,Ayam Geprek,99,0
2025-11-13,P08,Es Teh Manis,271,0
2025-11-13,P09,Es Jeruk,163,0
2025-11-13,P10,Kopi Hitam,141,1
2025-11-13,P11,Teh Anget,125,0
2025-11-13,P12,Jus Alpukat,73,1
2025-11-13,P13,Es Campur,66,1
2025-11-13,P14,Kerupuk,181,0
2025-11-13,P15,Kue Lumpur,53,0
2025-11-13,P16,Pisang Goreng,87,0
2025-11-13,P17,Lemper,63,0
2025-11-13,P18,Serabi,45,0
2025-11-13,P19,Tahu Isi,83,0
2025-11-13,P20,Tempe Goreng,64,0
2025-11-13,P21,Roti Bakar Coklat,48,0
2025-11-13,P22,Telur Dadar,90,0
2025-11-13,P23,Capcay,66,0
2025-11-13,P24,Nasi Goreng Seafood,52,0
2025-11-13,P25,Bakso Urat,80,0
2025-11-14,P01,Nasi Goreng Spesial,144,0
2025-11-14,P02,Mie Goreng Ayam,116,0
2025-11-14,P03,Nasi Kuning,92,0
2025-11-14,P04,Nasi Uduk,77,0
2025-11-14,P05,Mie Ayam Bakso,95,0
2025-11-14,P06,Soto Ayam,73,0
2025-11-14,P07,Ayam Geprek,95,1
2025-11-14,P08,Es Teh Manis,167,0
2025-11-14,P09,Es Jeruk,103,0
2025-11-14,P10,Kopi Hitam,86,0
2025-11-14,P11,Teh Anget,84,0
2025-11-14,P12,Jus Alpukat,55,0
2025-11-14,P13,Es Campur,40,0
2025-11-14,P14,Kerupuk,170,0
2025-11-14,P15,Kue Lumpur,49,0
2025-11-14,P16,Pisang Goreng,87,0
2025-11-14,P17,Lemper,64,0
2025-11-14,P18,Serabi,44,0
2025-11-14,P19,Tahu Isi,75,0
2025-11-14,P20,Tempe Goreng,67,0
2025-11-14,P21,Roti Bakar Coklat,46,0
2025-11-14,P22,Telur Dadar,87,0
2025-11-14,P23,Capcay,59,0
2025-11-14,P24,Nasi Goreng Seafood,55,0
2025-11-14,P25,Bakso Urat,82,0
2025-11-15,P01,Nasi Goreng Spesial,229,1
2025-11-15,P02,Mie Goreng Ayam,133,1
2025-11-15,P03,Nasi Kuning,101,1
2025-11-15,P04,Nasi Uduk,107,1
2025-11-15,P05,Mie Ayam Bakso,128,1
2025-11-15,P06,Soto Ayam,112,1
2025-11-15,P07,Ayam Geprek,165,1
2025-11-15,P08,Es Teh Manis,258,1
2025-11-15,P09,Es Jeruk,232,1
2025-11-15,P10,Kopi Hitam,139,1
2025-11-15,P11,Teh Anget,128,1
2025-11-15,P12,Jus Alpukat,82,1
2025-11-15,P13,Es Campur,86,1
2025-11-15,P14,Kerupuk,255,1
2025-11-15,P15,Kue Lumpur,78,1
2025-11-15,P16,Pisang Goreng,134,1
2025-11-15,P17,Lemper,66,1
2025-11-15,P18,Serabi,70,1
2025-11-15,P19,Tahu Isi,113,1
2025-11-15,P20,Tempe Goreng,69,1
2025-11-15,P21,Roti Bakar Coklat,65,1
2025-11-15,P22,Telur Dadar,88,1
2025-11-15,P23,Capcay,69,1
2025-11-15,P24,Nasi Goreng Seafood,71,1
2025-11-15,P25,Bakso Urat,95,1
2025-11-16,P01,Nasi Goreng Spesial,142,1
2025-11-16,P02,Mie Goreng Ayam,206,1
2025-11-16,P03,Nasi Kuning,158,1
2025-11-16,P04,Nasi Uduk,89,1
2025-11-16,P05,Mie Ayam Bakso,138,1
2025-11-16,P06,Soto Ayam,110,1
2025-11-16,P07,Ayam Geprek,165,1
2025-11-16,P08,Es Teh Manis,262,1
2025-11-16,P09,Es Jeruk,204,1
2025-11-16,P10,Kopi Hitam,218,1
2025-11-16,P11,Teh Anget,146,1
2025-11-16,P12,Jus Alpukat,98,1
2025-11-16,P13,Es Campur,85,1
2025-11-16,P14,Kerupuk,317,1
2025-11-16,P15,Kue Lumpur,56,1
2025-11-16,P16,Pisang Goreng,143,1
2025-11-16,P17,Lemper,85,1
2025-11-16,P18,Serabi,76,1
2025-11-16,P19,Tahu Isi,79,1
2025-11-16,P20,Tempe Goreng,100,1
2025-11-16,P21,Roti Bakar Coklat,86,1
2025-11-16,P22,Telur Dadar,144,1
2025-11-16,P23,Capcay,65,1
2025-11-16,P24,Nasi Goreng Seafood,80,1
2025-11-16,P25,Bakso Urat,87,1
2025-11-17,P01,Nasi Goreng Spesial,215,0
2025-11-17,P02,Mie Goreng Ayam,117,1
2025-11-17,P03,Nasi Kuning,96,1
2025-11-17,P04,Nasi Uduk,123,0
2025-11-17,P05,Mie Ayam Bakso,129,1
2025-11-17,P06,Soto Ayam,76,1
2025-11-17,P07,Ayam Geprek,117,1
2025-11-17,P08,Es Teh Manis,248,1
2025-11-17,P09,Es Jeruk,203,0
2025-11-17,P10,Kopi Hitam,176,0
2025-11-17,P11,Teh Anget,141,0
2025-11-17,P12,Jus Alpukat,80,0
2025-11-17,P13,Es Campur,71,0
2025-11-17,P14,Kerupuk,266,1
2025-11-17,P15,Kue Lumpur,80,0
2025-11-17,P16,Pisang Goreng,114,1
2025-11-17,P17,Lemper,98,0
2025-11-17,P18,Serabi,54,1
2025-11-17,P19,Tahu Isi,109,1
2025-11-17,P20,Tempe Goreng,102,0
2025-11-17,P21,Roti Bakar Coklat,87,0
2025-11-17,P22,Telur Dadar,132,0
2025-11-17,P23,Capcay,86,1
2025-11-17,P24,Nasi Goreng Seafood,92,1
2025-11-17,P25,Bakso Urat,99,1
2025-11-18,P01,Nasi Goreng Spesial,176,0
2025-11-18,P02,Mie Goreng Ayam,149,0
2025-11-18,P03,Nasi Kuning,122,0
2025-11-18,P04,Nasi Uduk,82,1
2025-11-18,P05,Mie Ayam Bakso,130,0
2025-11-18,P06,Soto Ayam,74,1
2025-11-18,P07,Ayam Geprek,101,1
2025-11-18,P08,Es Teh Manis,224,0
2025-11-18,P09,Es Jeruk,151,0
2025-11-18,P10,Kopi Hitam,119,0
2025-11-18,P11,Teh Anget,110,0
2025-11-18,P12,Jus Alpukat,68,0
2025-11-18,P13,Es Campur,63,0
2025-11-18,P14,Kerupuk,216,0
2025-11-18,P15,Kue Lumpur,64,0
2025-11-18,P16,Pisang Goreng,106,0
2025-11-18,P17,Lemper,87,0
2025-11-18,P18,Serabi,60,0
2025-11-18,P19,Tahu Isi,99,0
2025-11-18,P20,Tempe Goreng,83,0
2025-11-18,P21,Roti Bakar Coklat,62,0
2025-11-18,P22,Telur Dadar,109,1
2025-11-18,P23,Capcay,86,0
2025-11-18,P24,Nasi Goreng Seafood,75,1
2025-11-18,P25,Bakso Urat,97,1
2025-11-19,P01,Nasi Goreng Spesial,125,0
2025-11-19,P02,Mie Goreng Ayam,122,0
2025-11-19,P03,Nasi Kuning,78,0
2025-11-19,P04,Nasi Uduk,84,0
2025-11-19,P05,Mie Ayam Bakso,103,0
2025-11-19,P06,Soto Ayam,71,0
2025-11-19,P07,Ayam Geprek,95,0
2025-11-19,P08,Es Teh Manis,170,0
2025-11-19,P09,Es Jeruk,111,0
2025-11-19,P10,Kopi Hitam,95,0
2025-11-19,P11,Teh Anget,82,0
2025-11-19,P12,Jus Alpukat,43,0
2025-11-19,P13,Es Campur,42,0
2025-11-19,P14,Kerupuk,149,0
2025-11-19,P15,Kue Lumpur,45,0
2025-11-19,P16,Pisang Goreng,82,0
2025-11-19,P17,Lemper,56,0
2025-11-19,P18,Serabi,41,0
2025-11-19,P19,Tahu Isi,72,0
2025-11-19,P20,Tempe Goreng,63,0
2025-11-19,P21,Roti Bakar Coklat,48,0
2025-11-19,P22,Telur Dadar,78,0
2025-11-19,P23,Capcay,57,0
2025-11-19,P24,Nasi Goreng Seafood,59,0
2025-11-19,P25,Bakso Urat,77,0
2025-11-20,P01,Nasi Goreng Spesial,147,1
2025-11-20,P02,Mie Goreng Ayam,152,1
2025-11-20,P03,Nasi Kuning,109,1
2025-11-20,P04,Nasi Uduk,99,1
2025-11-20,P05,Mie Ayam Bakso,169,1
2025-11-20,P06,Soto Ayam,112,1
2025-11-20,P07,Ayam Geprek,104,1
2025-11-20,P08,Es Teh Manis,370,1
2025-11-20,P09,Es Jeruk,256,1
2025-11-20,P10,Kopi Hitam,186,1
2025-11-20,P11,Teh Anget,200,1
2025-11-20,P12,Jus Alpukat,80,1
2025-11-20,P13,Es Campur,60,1
2025-11-20,P14,Kerupuk,177,1
2025-11-20,P15,Kue Lumpur,64,1
2025-11-20,P16,Pisang Goreng,113,1
2025-11-20,P17,Lemper,61,1
2025-11-20,P18,Serabi,64,1
2025-11-20,P19,Tahu Isi,127,1
2025-11-20,P20,Tempe Goreng,109,1
2025-11-20,P21,Roti Bakar Coklat,79,1
2025-11-20,P22,Telur Dadar,135,1
2025-11-20,P23,Capcay,105,1
2025-11-20,P24,Nasi Goreng Seafood,82,1
2025-11-20,P25,Bakso Urat,106,1
2025-11-21,P01,Nasi Goreng Spesial,187,0
2025-11-21,P02,Mie Goreng Ayam,154,1
2025-11-21,P03,Nasi Kuning,92,1
2025-11-21,P04,Nasi Uduk,103,0
2025-11-21,P05,Mie Ayam Bakso,139,1
2025-11-21,P06,Soto Ayam,94,0
2025-11-21,P07,Ayam Geprek,117,0
2025-11-21,P08,Es Teh Manis,241,0
2025-11-21,P09,Es Jeruk,153,0
2025-11-21,P10,Kopi Hitam,137,0
2025-11-21,P11,Teh Anget,108,0
2025-11-21,P12,Jus Alpukat,63,0
2025-11-21,P13,Es Campur,62,0
2025-11-21,P14,Kerupuk,201,1
2025-11-21,P15,Kue Lumpur,72,0
2025-11-21,P16,Pisang Goreng,104,0
2025-11-21,P17,Lemper,78,0
2025-11-21,P18,Serabi,59,0
2025-11-21,P19,Tahu Isi,96,0
2025-11-21,P20,Tempe Goreng,70,1
2025-11-21,P21,Roti Bakar Coklat,67,0
2025-11-21,P22,Telur Dadar,110,0
2025-11-21,P23,Capcay,93,0
2025-11-21,P24,Nasi Goreng Seafood,75,0
2025-11-21,P25,Bakso Urat,111,0
2025-11-22,P01,Nasi Goreng Spesial,164,1
2025-11-22,P02,Mie Goreng Ayam,124,1
2025-11-22,P03,Nasi Kuning,91,1
2025-11-22,P04,Nasi Uduk,123,1
2025-11-22,P05,Mie Ayam Bakso,113,1
2025-11-22,P06,Soto Ayam,133,1
2025-11-22,P07,Ayam Geprek,170,1
2025-11-22,P08,Es Teh Manis,236,1
2025-11-22,P09,Es Jeruk,248,0
2025-11-22,P10,Kopi Hitam,158,1
2025-11-22,P11,Teh Anget,139,1
2025-11-22,P12,Jus Alpukat,78,1
2025-11-22,P13,Es Campur,87,0
2025-11-22,P14,Kerupuk,305,1
2025-11-22,P15,Kue Lumpur,52,1
2025-11-22,P16,Pisang Goreng,97,1
2025-11-22,P17,Lemper,79,1
2025-11-22,P18,Serabi,62,1
2025-11-22,P19,Tahu Isi,77,1
2025-11-22,P20,Tempe Goreng,111,1
2025-11-22,P21,Roti Bakar Coklat,90,1
2025-11-22,P22,Telur Dadar,116,1
2025-11-22,P23,Capcay,112,1
2025-11-22,P24,Nasi Goreng Seafood,91,1
2025-11-22,P25,Bakso Urat,119,1
2025-11-23,P01,Nasi Goreng Spesial,141,1
2025-11-23,P02,Mie Goreng Ayam,140,1
2025-11-23,P03,Nasi Kuning,92,1
2025-11-23,P04,Nasi Uduk,129,1
2025-11-23,P05,Mie Ayam Bakso,162,1
2025-11-23,P06,Soto Ayam,77,1
2025-11-23,P07,Ayam Geprek,102,1
2025-11-23,P08,Es Teh Manis,337,0
2025-11-23,P09,Es Jeruk,185,1
2025-11-23,P10,Kopi Hitam,163,1
2025-11-23,P11,Teh Anget,148,0
2025-11-23,P12,Jus Alpukat,68,1
2025-11-23,P13,Es Campur,91,0
2025-11-23,P14,Kerupuk,176,1
2025-11-23,P15,Kue Lumpur,87,1
2025-11-23,P16,Pisang Goreng,103,1
2025-11-23,P17,Lemper,65,1
2025-11-23,P18,Serabi,57,1
2025-11-23,P19,Tahu Isi,132,1
2025-11-23,P20,Tempe Goreng,94,1
2025-11-23,P21,Roti Bakar Coklat,53,1
2025-11-23,P22,Telur Dadar,156,1
2025-11-23,P23,Capcay,72,1
2025-11-23,P24,Nasi Goreng Seafood,60,1
2025-11-23,P25,Bakso Urat,82,1
2025-11-24,P01,Nasi Goreng Spesial,161,1
2025-11-24,P02,Mie Goreng Ayam,140,1
2025-11-24,P03,Nasi Kuning,95,1
2025-11-24,P04,Nasi Uduk,140,1
2025-11-24,P05,Mie Ayam Bakso,120,1
2025-11-24,P06,Soto Ayam,130,1
2025-11-24,P07,Ayam Geprek,114,1
2025-11-24,P08,Es Teh Manis,296,0
2025-11-24,P09,Es Jeruk,160,1
2025-11-24,P10,Kopi Hitam,174,0
2025-11-24,P11,Teh Anget,142,1
2025-11-24,P12,Jus Alpukat,83,1
2025-11-24,P13,Es Campur,78,0
2025-11-24,P14,Kerupuk,279,1
2025-11-24,P15,Kue Lumpur,61,1
2025-11-24,P16,Pisang Goreng,130,1
2025-11-24,P17,Lemper,64,1
2025-11-24,P18,Serabi,77,1
2025-11-24,P19,Tahu Isi,98,1
2025-11-24,P20,Tempe Goreng,75,1
2025-11-24,P21,Roti Bakar Coklat,62,1
2025-11-24,P22,Telur Dadar,98,1
2025-11-24,P23,Capcay,115,0
2025-11-24,P24,Nasi Goreng Seafood,72,1
2025-11-24,P25,Bakso Urat,89,1
2025-11-25,P01,Nasi Goreng Spesial,214,1
2025-11-25,P02,Mie Goreng Ayam,147,1
2025-11-25,P03,Nasi Kuning,98,1
2025-11-25,P04,Nasi Uduk,95,1
2025-11-25,P05,Mie Ayam Bakso,124,1
2025-11-25,P06,Soto Ayam,86,1
2025-11-25,P07,Ayam Geprek,148,1
2025-11-25,P08,Es Teh Manis,376,1
2025-11-25,P09,Es Jeruk,220,1
2025-11-25,P10,Kopi Hitam,208,0
2025-11-25,P11,Teh Anget,183,0
2025-11-25,P12,Jus Alpukat,69,1
2025-11-25,P13,Es Campur,80,1
2025-11-25,P14,Kerupuk,307,1
2025-11-25,P15,Kue Lumpur,59,1
2025-11-25,P16,Pisang Goreng,105,1
2025-11-25,P17,Lemper,104,1
2025-11-25,P18,Serabi,72,1
2025-11-25,P19,Tahu Isi,123,1
2025-11-25,P20,Tempe Goreng,113,1
2025-11-25,P21,Roti Bakar Coklat,57,1
2025-11-25,P22,Telur Dadar,138,1
2025-11-25,P23,Capcay,109,1
2025-11-25,P24,Nasi Goreng Seafood,68,1
2025-11-25,P25,Bakso Urat,82,1
2025-11-26,P01,Nasi Goreng Spesial,238,1
2025-11-26,P02,Mie Goreng Ayam,190,1
2025-11-26,P03,Nasi Kuning,87,1
2025-11-26,P04,Nasi Uduk,118,1
2025-11-26,P05,Mie Ayam Bakso,101,1
2025-11-26,P06,Soto Ayam,78,1
2025-11-26,P07,Ayam Geprek,173,1
2025-11-26,P08,Es Teh Manis,321,1
2025-11-26,P09,Es Jeruk,162,1
2025-11-26,P10,Kopi Hitam,224,1
2025-11-26,P11,Teh Anget,193,1
2025-11-26,P12,Jus Alpukat,95,1
2025-11-26,P13,Es Campur,92,1
2025-11-26,P14,Kerupuk,288,1
2025-11-26,P15,Kue Lumpur,82,1
2025-11-26,P16,Pisang Goreng,112,1
2025-11-26,P17,Lemper,98,1
2025-11-26,P18,Serabi,62,1
2025-11-26,P19,Tahu Isi,88,1
2025-11-26,P20,Tempe Goreng,65,1
2025-11-26,P21,Roti Bakar Coklat,65,1
2025-11-26,P22,Telur Dadar,92,1
2025-11-26,P23,Capcay,68,1
2025-11-26,P24,Nasi Goreng Seafood,80,1
2025-11-26,P25,Bakso Urat,143,1
2025-11-27,P01,Nasi Goreng Spesial,210,1
2025-11-27,P02,Mie Goreng Ayam,165,1
2025-11-27,P03,Nasi Kuning,160,1
2025-11-27,P04,Nasi Uduk,113,1
2025-11-27,P05,Mie Ayam Bakso,156,1
2025-11-27,P06,Soto Ayam,121,1
2025-11-27,P07,Ayam Geprek,104,1
2025-11-27,P08,Es Teh Manis,239,1
2025-11-27,P09,Es Jeruk,290,1
2025-11-27,P10,Kopi Hitam,211,1
2025-11-27,P11,Teh Anget,144,1
2025-11-27,P12,Jus Alpukat,65,1
2025-11-27,P13,Es Campur,65,1
2025-11-27,P14,Kerupuk,174,1
2025-11-27,P15,Kue Lumpur,67,1
2025-11-27,P16,Pisang Goreng,117,1
2025-11-27,P17,Lemper,65,1
2025-11-27,P18,Serabi,66,1
2025-11-27,P19,Tahu Isi,131,1
2025-11-27,P20,Tempe Goreng,119,1
2025-11-27,P21,Roti Bakar Coklat,86,1
2025-11-27,P22,Telur Dadar,119,1
2025-11-27,P23,Capcay,95,1
2025-11-27,P24,Nasi Goreng Seafood,82,1
2025-11-27,P25,Bakso Urat,89,1
2025-11-28,P01,Nasi Goreng Spesial,152,1
2025-11-28,P02,Mie Goreng Ayam,142,1
2025-11-28,P03,Nasi Kuning,134,1
2025-11-28,P04,Nasi Uduk,103,1
2025-11-28,P05,Mie Ayam Bakso,111,1
2025-11-28,P06,Soto Ayam,132,1
2025-11-28,P07,Ayam Geprek,102,1
2025-11-28,P08,Es Teh Manis,300,1
2025-11-28,P09,Es Jeruk,277,1
2025-11-28,P10,Kopi Hitam,202,1
2025-11-28,P11,Teh Anget,137,1
2025-11-28,P12,Jus Alpukat,118,1
2025-11-28,P13,Es Campur,82,1
2025-11-28,P14,Kerupuk,174,1
2025-11-28,P15,Kue Lumpur,50,1
2025-11-28,P16,Pisang Goreng,143,1
2025-11-28,P17,Lemper,71,1
2025-11-28,P18,Serabi,73,1
2025-11-28,P19,Tahu Isi,74,1
2025-11-28,P20,Tempe Goreng,73,1
2025-11-28,P21,Roti Bakar Coklat,87,1
2025-11-28,P22,Telur Dadar,160,1
2025-11-28,P23,Capcay,67,1
2025-11-28,P24,Nasi Goreng Seafood,65,1
2025-11-28,P25,Bakso Urat,128,1
2025-11-29,P01,Nasi Goreng Spesial,173,1
2025-11-29,P02,Mie Goreng Ayam,197,1
2025-11-29,P03,Nasi Kuning,124,1
2025-11-29,P04,Nasi Uduk,113,1
2025-11-29,P05,Mie Ayam Bakso,110,1
2025-11-29,P06,Soto Ayam,85,1
2025-11-29,P07,Ayam Geprek,122,1
2025-11-29,P08,Es Teh Manis,368,1
2025-11-29,P09,Es Jeruk,273,1
2025-11-29,P10,Kopi Hitam,240,1
2025-11-29,P11,Teh Anget,147,1
2025-11-29,P12,Jus Alpukat,90,1
2025-11-29,P13,Es Campur,95,1
2025-11-29,P14,Kerupuk,220,1
2025-11-29,P15,Kue Lumpur,73,1
2025-11-29,P16,Pisang Goreng,125,1
2025-11-29,P17,Lemper,69,1
2025-11-29,P18,Serabi,53,1
2025-11-29,P19,Tahu Isi,94,1
2025-11-29,P20,Tempe Goreng,97,1
2025-11-29,P21,Roti Bakar Coklat,62,1
2025-11-29,P22,Telur Dadar,101,1
2025-11-29,P23,Capcay,73,1
2025-11-29,P24,Nasi Goreng Seafood,97,1
2025-11-29,P25,Bakso Urat,139,1
2025-11-30,P01,Nasi Goreng Spesial,232,1
2025-11-30,P02,Mie Goreng Ayam,204,1
2025-11-30,P03,Nasi Kuning,143,1
2025-11-30,P04,Nasi Uduk,138,1
2025-11-30,P05,Mie Ayam Bakso,108,1
2025-11-30,P06,Soto Ayam,127,1
2025-11-30,P07,Ayam Geprek,131,1
2025-11-30,P08,Es Teh Manis,382,1
2025-11-30,P09,Es Jeruk,242,1
2025-11-30,P10,Kopi Hitam,168,1
2025-11-30,P11,Teh Anget,132,1
2025-11-30,P12,Jus Alpukat,71,1
2025-11-30,P13,Es Campur,78,1
2025-11-30,P14,Kerupuk,246,1
2025-11-30,P15,Kue Lumpur,92,1
2025-11-30,P16,Pisang Goreng,81,1
2025-11-30,P17,Lemper,86,1
2025-11-30,P18,Serabi,62,1
2025-11-30,P19,Tahu Isi,73,1
2025-11-30,P20,Tempe Goreng,83,1
2025-11-30,P21,Roti Bakar Coklat,68,1
2025-11-30,P22,Telur Dadar,123,1
2025-11-30,P23,Capcay,77,1
2025-11-30,P24,Nasi Goreng Seafood,59,1
2025-11-30,P25,Bakso Urat,99,1
2025-12-01,P01,Nasi Goreng Spesial,169,1
2025-12-01,P02,Mie Goreng Ayam,182,1
2025-12-01,P03,Nasi Kuning,129,1
2025-12-01,P04,Nasi Uduk,108,1
2025-12-01,P05,Mie Ayam Bakso,130,1
2025-12-01,P06,Soto Ayam,136,1
2025-12-01,P07,Ayam Geprek,187,1
2025-12-01,P08,Es Teh Manis,327,1
2025-12-01,P09,Es Jeruk,275,1
2025-12-01,P10,Kopi Hitam,245,1
2025-12-01,P11,Teh Anget,120,1
2025-12-01,P12,Jus Alpukat,125,1
2025-12-01,P13,Es Campur,89,1
2025-12-01,P14,Kerupuk,277,1
2025-12-01,P15,Kue Lumpur,80,1
2025-12-01,P16,Pisang Goreng,104,1
2025-12-01,P17,Lemper,104,1
2025-12-01,P18,Serabi,76,1
2025-12-01,P19,Tahu Isi,84,1
2025-12-01,P20,Tempe Goreng,104,1
2025-12-01,P21,Roti Bakar Coklat,99,1
2025-12-01,P22,Telur Dadar,164,1
2025-12-01,P23,Capcay,108,1
2025-12-01,P24,Nasi Goreng Seafood,73,1
2025-12-01,P25,Bakso Urat,111,1
2025-12-02,P01,Nasi Goreng Spesial,259,1
2025-12-02,P02,Mie Goreng Ayam,224,1
2025-12-02,P03,Nasi Kuning,154,1
2025-12-02,P04,Nasi Uduk,125,1
2025-12-02,P05,Mie Ayam Bakso,195,0
2025-12-02,P06,Soto Ayam,92,1
2025-12-02,P07,Ayam Geprek,108,1
2025-12-02,P08,Es Teh Manis,343,1
2025-12-02,P09,Es Jeruk,249,0
2025-12-02,P10,Kopi Hitam,210,0
2025-12-02,P11,Teh Anget,183,0
2025-12-02,P12,Jus Alpukat,72,1
2025-12-02,P13,Es Campur,94,0
2025-12-02,P14,Kerupuk,284,1
2025-12-02,P15,Kue Lumpur,99,1
2025-12-02,P16,Pisang Goreng,111,1
2025-12-02,P17,Lemper,95,1
2025-12-02,P18,Serabi,77,1
2025-12-02,P19,Tahu Isi,113,1
2025-12-02,P20,Tempe Goreng,79,1
2025-12-02,P21,Roti Bakar Coklat,57,1
2025-12-02,P22,Telur Dadar,103,1
2025-12-02,P23,Capcay,100,1
2025-12-02,P24,Nasi Goreng Seafood,97,1
2025-12-02,P25,Bakso Urat,128,1
2025-12-03,P01,Nasi Goreng Spesial,247,1
2025-12-03,P02,Mie Goreng Ayam,134,1
2025-12-03,P03,Nasi Kuning,167,1
2025-12-03,P04,Nasi Uduk,153,1
2025-12-03,P05,Mie Ayam Bakso,142,1
2025-12-03,P06,Soto Ayam,131,1
2025-12-03,P07,Ayam Geprek,121,1
2025-12-03,P08,Es Teh Manis,257,1
2025-12-03,P09,Es Jeruk,203,1
2025-12-03,P10,Kopi Hitam,199,1
2025-12-03,P11,Teh Anget,123,1
2025-12-03,P12,Jus Alpukat,80,1
2025-12-03,P13,Es Campur,113,1
2025-12-03,P14,Kerupuk,267,1
2025-12-03,P15,Kue Lumpur,93,1
2025-12-03,P16,Pisang Goreng,101,1
2025-12-03,P17,Lemper,67,1
2025-12-03,P18,Serabi,78,1
2025-12-03,P19,Tahu Isi,101,1
2025-12-03,P20,Tempe Goreng,98,1
2025-12-03,P21,Roti Bakar Coklat,101,1
2025-12-03,P22,Telur Dadar,119,1
2025-12-03,P23,Capcay,99,1
2025-12-03,P24,Nasi Goreng Seafood,96,1
2025-12-03,P25,Bakso Urat,92,1
2025-12-04,P01,Nasi Goreng Spesial,210,1
2025-12-04,P02,Mie Goreng Ayam,172,1
2025-12-04,P03,Nasi Kuning,137,1
2025-12-04,P04,Nasi Uduk,115,1
2025-12-04,P05,Mie Ayam Bakso,168,1
2025-12-04,P06,Soto Ayam,104,1
2025-12-04,P07,Ayam Geprek,150,1
2025-12-04,P08,Es Teh Manis,335,1
2025-12-04,P09,Es Jeruk,241,0
2025-12-04,P10,Kopi Hitam,186,1
2025-12-04,P11,Teh Anget,169,0
2025-12-04,P12,Jus Alpukat,101,0
2025-12-04,P13,Es Campur,83,1
2025-12-04,P14,Kerupuk,318,1
2025-12-04,P15,Kue Lumpur,98,1
2025-12-04,P16,Pisang Goreng,142,1
2025-12-04,P17,Lemper,113,1
2025-12-04,P18,Serabi,64,1
2025-12-04,P19,Tahu Isi,139,1
2025-12-04,P20,Tempe Goreng,123,1
2025-12-04,P21,Roti Bakar Coklat,90,1
2025-12-04,P22,Telur Dadar,161,1
2025-12-04,P23,Capcay,114,1
2025-12-04,P24,Nasi Goreng Seafood,90,1
2025-12-04,P25,Bakso Urat,127,1
2025-12-05,P01,Nasi Goreng Spesial,154,1
2025-12-05,P02,Mie Goreng Ayam,174,1
2025-12-05,P03,Nasi Kuning,111,1
2025-12-05,P04,Nasi Uduk,86,1
2025-12-05,P05,Mie Ayam Bakso,173,1
2025-12-05,P06,Soto Ayam,133,1
2025-12-05,P07,Ayam Geprek,114,1
2025-12-05,P08,Es Teh Manis,372,1
2025-12-05,P09,Es Jeruk,317,1
2025-12-05,P10,Kopi Hitam,173,1
2025-12-05,P11,Teh Anget,191,1
2025-12-05,P12,Jus Alpukat,80,1
2025-12-05,P13,Es Campur,112,1
2025-12-05,P14,Kerupuk,188,1
2025-12-05,P15,Kue Lumpur,68,1
2025-12-05,P16,Pisang Goreng,158,1
2025-12-05,P17,Lemper,98,1
2025-12-05,P18,Serabi,55,1
2025-12-05,P19,Tahu Isi,131,1
2025-12-05,P20,Tempe Goreng,124,1
2025-12-05,P21,Roti Bakar Coklat,77,1
2025-12-05,P22,Telur Dadar,106,1
2025-12-05,P23,Capcay,86,1
2025-12-05,P24,Nasi Goreng Seafood,113,1
2025-12-05,P25,Bakso Urat,98,1
2025-12-06,P01,Nasi Goreng Spesial,200,1
2025-12-06,P02,Mie Goreng Ayam,174,0
2025-12-06,P03,Nasi Kuning,131,1
2025-12-06,P04,Nasi Uduk,122,0
2025-12-06,P05,Mie Ayam Bakso,141,1
2025-12-06,P06,Soto Ayam,91,1
2025-12-06,P07,Ayam Geprek,129,1
2025-12-06,P08,Es Teh Manis,270,0
2025-12-06,P09,Es Jeruk,182,0
2025-12-06,P10,Kopi Hitam,155,0
2025-12-06,P11,Teh Anget,114,0
2025-12-06,P12,Jus Alpukat,72,0
2025-12-06,P13,Es Campur,64,0
2025-12-06,P14,Kerupuk,273,1
2025-12-06,P15,Kue Lumpur,81,1
2025-12-06,P16,Pisang Goreng,89,1
2025-12-06,P17,Lemper,67,1
2025-12-06,P18,Serabi,73,0
2025-12-06,P19,Tahu Isi,117,1
2025-12-06,P20,Tempe Goreng,83,1
2025-12-06,P21,Roti Bakar Coklat,64,1
2025-12-06,P22,Telur Dadar,113,1
2025-12-06,P23,Capcay,74,1
2025-12-06,P24,Nasi Goreng Seafood,65,1
2025-12-06,P25,Bakso Urat,122,0
2025-12-07,P01,Nasi Goreng Spesial,187,1
2025-12-07,P02,Mie Goreng Ayam,153,1
2025-12-07,P03,Nasi Kuning,113,1
2025-12-07,P04,Nasi Uduk,144,1
2025-12-07,P05,Mie Ayam Bakso,133,1
2025-12-07,P06,Soto Ayam,88,1
2025-12-07,P07,Ayam Geprek,176,1
2025-12-07,P08,Es Teh Manis,333,1
2025-12-07,P09,Es Jeruk,199,1
2025-12-07,P10,Kopi Hitam,231,1
2025-12-07,P11,Teh Anget,183,1
2025-12-07,P12,Jus Alpukat,127,1
2025-12-07,P13,Es Campur,109,1
2025-12-07,P14,Kerupuk,300,1
2025-12-07,P15,Kue Lumpur,62,1
2025-12-07,P16,Pisang Goreng,121,1
2025-12-07,P17,Lemper,69,1
2025-12-07,P18,Serabi,69,1
2025-12-07,P19,Tahu Isi,140,1
2025-12-07,P20,Tempe Goreng,70,1
2025-12-07,P21,Roti Bakar Coklat,96,1
2025-12-07,P22,Telur Dadar,137,1
2025-12-07,P23,Capcay,79,1
2025-12-07,P24,Nasi Goreng Seafood,108,1
2025-12-07,P25,Bakso Urat,125,1
2025-12-08,P01,Nasi Goreng Spesial,202,1
2025-12-08,P02,Mie Goreng Ayam,211,1
2025-12-08,P03,Nasi Kuning,96,1
2025-12-08,P04,Nasi Uduk,132,1
2025-12-08,P05,Mie Ayam Bakso,124,1
2025-12-08,P06,Soto Ayam,136,1
2025-12-08,P07,Ayam Geprek,136,1
2025-12-08,P08,Es Teh Manis,331,0
2025-12-08,P09,Es Jeruk,228,0
2025-12-08,P10,Kopi Hitam,189,0
2025-12-08,P11,Teh Anget,158,0
2025-12-08,P12,Jus Alpukat,91,0
2025-12-08,P13,Es Campur,64,1
2025-12-08,P14,Kerupuk,274,1
2025-12-08,P15,Kue Lumpur,79,1
2025-12-08,P16,Pisang Goreng,131,1
2025-12-08,P17,Lemper,69,1
2025-12-08,P18,Serabi,68,1
2025-12-08,P19,Tahu Isi,108,1
2025-12-08,P20,Tempe Goreng,106,1
2025-12-08,P21,Roti Bakar Coklat,85,1
2025-12-08,P22,Telur Dadar,123,1
2025-12-08,P23,Capcay,101,1
2025-12-08,P24,Nasi Goreng Seafood,83,1
2025-12-08,P25,Bakso Urat,142,1
2025-12-09,P01,Nasi Goreng Spesial,149,0
2025-12-09,P02,Mie Goreng Ayam,128,0
2025-12-09,P03,Nasi Kuning,82,0
2025-12-09,P04,Nasi Uduk,81,0
2025-12-09,P05,Mie Ayam Bakso,99,0
2025-12-09,P06,Soto Ayam,76,0
2025-12-09,P07,Ayam Geprek,92,0
2025-12-09,P08,Es Teh Manis,174,0
2025-12-09,P09,Es Jeruk,141,0
2025-12-09,P10,Kopi Hitam,106,0
2025-12-09,P11,Teh Anget,89,0
2025-12-09,P12,Jus Alpukat,55,0
2025-12-09,P13,Es Campur,50,0
2025-12-09,P14,Kerupuk,182,0
2025-12-09,P15,Kue Lumpur,53,0
2025-12-09,P16,Pisang Goreng,83,0
2025-12-09,P17,Lemper,65,0
2025-12-09,P18,Serabi,46,0
2025-12-09,P19,Tahu Isi,76,0
2025-12-09,P20,Tempe Goreng,71,0
2025-12-09,P21,Roti Bakar Coklat,59,0
2025-12-09,P22,Telur Dadar,91,0
2025-12-09,P23,Capcay,67,0
2025-12-09,P24,Nasi Goreng Seafood,64,1
2025-12-09,P25,Bakso Urat,89,0
2025-12-10,P01,Nasi Goreng Spesial,201,0
2025-12-10,P02,Mie Goreng Ayam,155,1
2025-12-10,P03,Nasi Kuning,129,0
2025-12-10,P04,Nasi Uduk,120,0
2025-12-10,P05,Mie Ayam Bakso,168,0
2025-12-10,P06,Soto Ayam,91,1
2025-12-10,P07,Ayam Geprek,142,0
2025-12-10,P08,Es Teh Manis,261,1
2025-12-10,P09,Es Jeruk,207,1
2025-12-10,P10,Kopi Hitam,215,1
2025-12-10,P11,Teh Anget,160,1
2025-12-10,P12,Jus Alpukat,111,0
2025-12-10,P13,Es Campur,95,0
2025-12-10,P14,Kerupuk,197,1
2025-12-10,P15,Kue Lumpur,78,0
2025-12-10,P16,Pisang Goreng,89,1
2025-12-10,P17,Lemper,88,0
2025-12-10,P18,Serabi,67,0
2025-12-10,P19,Tahu Isi,81,1
2025-12-10,P20,Tempe Goreng,94,1
2025-12-10,P21,Roti Bakar Coklat,67,1
2025-12-10,P22,Telur Dadar,138,0
2025-12-10,P23,Capcay,84,1
2025-12-10,P24,Nasi Goreng Seafood,83,0
2025-12-10,P25,Bakso Urat,109,1
2025-12-11,P01,Nasi Goreng Spesial,235,0
2025-12-11,P02,Mie Goreng Ayam,202,0
2025-12-11,P03,Nasi Kuning,137,1
2025-12-11,P04,Nasi Uduk,105,1
2025-12-11,P05,Mie Ayam Bakso,187,0
2025-12-11,P06,Soto Ayam,112,1
2025-12-11,P07,Ayam Geprek,151,1
2025-12-11,P08,Es Teh Manis,367,1
2025-12-11,P09,Es Jeruk,173,1
2025-12-11,P10,Kopi Hitam,146,1
2025-12-11,P11,Teh Anget,179,1
2025-12-11,P12,Jus Alpukat,118,1
2025-12-11,P13,Es Campur,87,1
2025-12-11,P14,Kerupuk,218,1
2025-12-11,P15,Kue Lumpur,74,1
2025-12-11,P16,Pisang Goreng,140,0
2025-12-11,P17,Lemper,68,1
2025-12-11,P18,Serabi,69,1
2025-12-11,P19,Tahu Isi,125,1
2025-12-11,P20,Tempe Goreng,95,1
2025-12-11,P21,Roti Bakar Coklat,83,1
2025-12-11,P22,Telur Dadar,161,0
2025-12-11,P23,Capcay,83,1
2025-12-11,P24,Nasi Goreng Seafood,69,1
2025-12-11,P25,Bakso Urat,90,1
2025-12-12,P01,Nasi Goreng Spesial,166,1
2025-12-12,P02,Mie Goreng Ayam,165,0
2025-12-12,P03,Nasi Kuning,132,0
2025-12-12,P04,Nasi Uduk,115,0
2025-12-12,P05,Mie Ayam Bakso,144,1
2025-12-12,P06,Soto Ayam,107,0
2025-12-12,P07,Ayam Geprek,136,0
2025-12-12,P08,Es Teh Manis,406,0
2025-12-12,P09,Es Jeruk,233,1
2025-12-12,P10,Kopi Hitam,213,1
2025-12-12,P11,Teh Anget,202,0
2025-12-12,P12,Jus Alpukat,78,1
2025-12-12,P13,Es Campur,76,1
2025-12-12,P14,Kerupuk,248,0
2025-12-12,P15,Kue Lumpur,74,1
2025-12-12,P16,Pisang Goreng,106,1
2025-12-12,P17,Lemper,82,0
2025-12-12,P18,Serabi,51,1
2025-12-12,P19,Tahu Isi,105,0
2025-12-12,P20,Tempe Goreng,92,0
2025-12-12,P21,Roti Bakar Coklat,77,0
2025-12-12,P22,Telur Dadar,129,1
2025-12-12,P23,Capcay,73,1
2025-12-12,P24,Nasi Goreng Seafood,86,0
2025-12-12,P25,Bakso Urat,118,0
2025-12-13,P01,Nasi Goreng Spesial,206,0
2025-12-13,P02,Mie Goreng Ayam,150,1
2025-12-13,P03,Nasi Kuning,120,0
2025-12-13,P04,Nasi Uduk,113,0
2025-12-13,P05,Mie Ayam Bakso,137,0
2025-12-13,P06,Soto Ayam,101,0
2025-12-13,P07,Ayam Geprek,136,0
2025-12-13,P08,Es Teh Manis,244,0
2025-12-13,P09,Es Jeruk,160,0
2025-12-13,P10,Kopi Hitam,133,0
2025-12-13,P11,Teh Anget,114,0
2025-12-13,P12,Jus Alpukat,68,0
2025-12-13,P13,Es Campur,60,0
2025-12-13,P14,Kerupuk,208,1
2025-12-13,P15,Kue Lumpur,71,0
2025-12-13,P16,Pisang Goreng,112,0
2025-12-13,P17,Lemper,85,0
2025-12-13,P18,Serabi,58,1
2025-12-13,P19,Tahu Isi,105,1
2025-12-13,P20,Tempe Goreng,92,0
2025-12-13,P21,Roti Bakar Coklat,73,0
2025-12-13,P22,Telur Dadar,113,0
2025-12-13,P23,Capcay,84,0
2025-12-13,P24,Nasi Goreng Seafood,79,0
2025-12-13,P25,Bakso Urat,108,1
2025-12-14,P01,Nasi Goreng Spesial,179,0
2025-12-14,P02,Mie Goreng Ayam,156,0
2025-12-14,P03,Nasi Kuning,122,0
2025-12-14,P04,Nasi Uduk,112,0
2025-12-14,P05,Mie Ayam Bakso,146,0
2025-12-14,P06,Soto Ayam,105,0
2025-12-14,P07,Ayam Geprek,124,0
2025-12-14,P08,Es Teh Manis,370,1
2025-12-14,P09,Es Jeruk,203,1
2025-12-14,P10,Kopi Hitam,209,0
2025-12-14,P11,Teh Anget,168,1
2025-12-14,P12,Jus Alpukat,96,0
2025-12-14,P13,Es Campur,83,1
2025-12-14,P14,Kerupuk,242,1
2025-12-14,P15,Kue Lumpur,72,0
2025-12-14,P16,Pisang Goreng,125,0
2025-12-14,P17,Lemper,80,0
2025-12-14,P18,Serabi,66,0
2025-12-14,P19,Tahu Isi,102,0
2025-12-14,P20,Tempe Goreng,71,1
2025-12-14,P21,Roti Bakar Coklat,72,0
2025-12-14,P22,Telur Dadar,99,1
2025-12-14,P23,Capcay,93,0
2025-12-14,P24,Nasi Goreng Seafood,73,1
2025-12-14,P25,Bakso Urat,104,1
2025-12-15,P01,Nasi Goreng Spesial,95,0
2025-12-15,P02,Mie Goreng Ayam,84,0
2025-12-15,P03,Nasi Kuning,63,0
2025-12-15,P04,Nasi Uduk,65,0
2025-12-15,P05,Mie Ayam Bakso,86,0
2025-12-15,P06,Soto Ayam,64,0
2025-12-15,P07,Ayam Geprek,67,0
2025-12-15,P08,Es Teh Manis,158,0
2025-12-15,P09,Es Jeruk,98,0
2025-12-15,P10,Kopi Hitam,105,0
2025-12-15,P11,Teh Anget,78,0
2025-12-15,P12,Jus Alpukat,48,0
2025-12-15,P13,Es Campur,40,0
2025-12-15,P14,Kerupuk,146,0
2025-12-15,P15,Kue Lumpur,40,0
2025-12-15,P16,Pisang Goreng,62,0
2025-12-15,P17,Lemper,45,0
2025-12-15,P18,Serabi,37,0
2025-12-15,P19,Tahu Isi,65,0
2025-12-15,P20,Tempe Goreng,52,0
2025-12-15,P21,Roti Bakar Coklat,39,0
2025-12-15,P22,Telur Dadar,62,0
2025-12-15,P23,Capcay,53,0
2025-12-15,P24,Nasi Goreng Seafood,50,0
2025-12-15,P25,Bakso Urat,69,0
2025-12-16,P01,Nasi Goreng Spesial,155,0
2025-12-16,P02,Mie Goreng Ayam,122,0
2025-12-16,P03,Nasi Kuning,105,0
2025-12-16,P04,Nasi Uduk,88,0
2025-12-16,P05,Mie Ayam Bakso,105,0
2025-12-16,P06,Soto Ayam,75,0
2025-12-16,P07,Ayam Geprek,107,0
2025-12-16,P08,Es Teh Manis,266,1
2025-12-16,P09,Es Jeruk,173,1
2025-12-16,P10,Kopi Hitam,183,0
2025-12-16,P11,Teh Anget,147,1
2025-12-16,P12,Jus Alpukat,90,0
2025-12-16,P13,Es Campur,75,1
2025-12-16,P14,Kerupuk,202,0
2025-12-16,P15,Kue Lumpur,58,0
2025-12-16,P16,Pisang Goreng,91,0
2025-12-16,P17,Lemper,61,0
2025-12-16,P18,Serabi,45,0
2025-12-16,P19,Tahu Isi,80,0
2025-12-16,P20,Tempe Goreng,75,0
2025-12-16,P21,Roti Bakar Coklat,59,0
2025-12-16,P22,Telur Dadar,99,0
2025-12-16,P23,Capcay,70,0
2025-12-16,P24,Nasi Goreng Seafood,61,0
2025-12-16,P25,Bakso Urat,88,0
2025-12-17,P01,Nasi Goreng Spesial,121,0
2025-12-17,P02,Mie Goreng Ayam,82,0
2025-12-17,P03,Nasi Kuning,69,0
2025-12-17,P04,Nasi Uduk,71,0
2025-12-17,P05,Mie Ayam Bakso,73,0
2025-12-17,P06,Soto Ayam,56,0
2025-12-17,P07,Ayam Geprek,72,0
2025-12-17,P08,Es Teh Manis,170,0
2025-12-17,P09,Es Jeruk,118,0
2025-12-17,P10,Kopi Hitam,89,0
2025-12-17,P11,Teh Anget,73,0
2025-12-17,P12,Jus Alpukat,37,0
2025-12-17,P13,Es Campur,43,0
2025-12-17,P14,Kerupuk,138,0
2025-12-17,P15,Kue Lumpur,41,0
2025-12-17,P16,Pisang Goreng,69,0
2025-12-17,P17,Lemper,48,0
2025-12-17,P18,Serabi,38,0
2025-12-17,P19,Tahu Isi,61,0
2025-12-17,P20,Tempe Goreng,54,0
2025-12-17,P21,Roti Bakar Coklat,42,0
2025-12-17,P22,Telur Dadar,63,0
2025-12-17,P23,Capcay,51,0
2025-12-17,P24,Nasi Goreng Seafood,49,0
2025-12-17,P25,Bakso Urat,59,0
2025-12-18,P01,Nasi Goreng Spesial,177,0
2025-12-18,P02,Mie Goreng Ayam,139,0
2025-12-18,P03,Nasi Kuning,102,0
2025-12-18,P04,Nasi Uduk,95,1
2025-12-18,P05,Mie Ayam Bakso,120,0
2025-12-18,P06,Soto Ayam,85,0
2025-12-18,P07,Ayam Geprek,108,0
2025-12-18,P08,Es Teh Manis,293,0
2025-12-18,P09,Es Jeruk,202,0
2025-12-18,P10,Kopi Hitam,175,0
2025-12-18,P11,Teh Anget,136,0
2025-12-18,P12,Jus Alpukat,78,0
2025-12-18,P13,Es Campur,76,0
2025-12-18,P14,Kerupuk,200,1
2025-12-18,P15,Kue Lumpur,60,0
2025-12-18,P16,Pisang Goreng,100,1
2025-12-18,P17,Lemper,69,0
2025-12-18,P18,Serabi,53,1
2025-12-18,P19,Tahu Isi,85,0
2025-12-18,P20,Tempe Goreng,81,0
2025-12-18,P21,Roti Bakar Coklat,57,1
2025-12-18,P22,Telur Dadar,106,0
2025-12-18,P23,Capcay,75,0
2025-12-18,P24,Nasi Goreng Seafood,64,1
2025-12-18,P25,Bakso Urat,95,0
2025-12-19,P01,Nasi Goreng Spesial,166,0
2025-12-19,P02,Mie Goreng Ayam,138,0
2025-12-19,P03,Nasi Kuning,104,0
2025-12-19,P04,Nasi Uduk,97,1
2025-12-19,P05,Mie Ayam Bakso,126,0
2025-12-19,P06,Soto Ayam,90,0
2025-12-19,P07,Ayam Geprek,113,0
2025-12-19,P08,Es Teh Manis,345,0
2025-12-19,P09,Es Jeruk,214,0
2025-12-19,P10,Kopi Hitam,166,0
2025-12-19,P11,Teh Anget,146,0
2025-12-19,P12,Jus Alpukat,89,0
2025-12-19,P13,Es Campur,83,0
2025-12-19,P14,Kerupuk,200,0
2025-12-19,P15,Kue Lumpur,61,0
2025-12-19,P16,Pisang Goreng,87,0
2025-12-19,P17,Lemper,71,0
2025-12-19,P18,Serabi,51,0
2025-12-19,P19,Tahu Isi,84,1
2025-12-19,P20,Tempe Goreng,79,1
2025-12-19,P21,Roti Bakar Coklat,62,0
2025-12-19,P22,Telur Dadar,98,0
2025-12-19,P23,Capcay,77,0
2025-12-19,P24,Nasi Goreng Seafood,73,1
2025-12-19,P25,Bakso Urat,103,0
2025-12-20,P01,Nasi Goreng Spesial,211,0
2025-12-20,P02,Mie Goreng Ayam,173,1
2025-12-20,P03,Nasi Kuning,101,1
2025-12-20,P04,Nasi Uduk,121,1
2025-12-20,P05,Mie Ayam Bakso,150,0
2025-12-20,P06,Soto Ayam,106,0
2025-12-20,P07,Ayam Geprek,139,0
2025-12-20,P08,Es Teh Manis,341,0
2025-12-20,P09,Es Jeruk,239,0
2025-12-20,P10,Kopi Hitam,200,0
2025-12-20,P11,Teh Anget,166,0
2025-12-20,P12,Jus Alpukat,92,1
2025-12-20,P13,Es Campur,82,0
2025-12-20,P14,Kerupuk,263,0
2025-12-20,P15,Kue Lumpur,80,1
2025-12-20,P16,Pisang Goreng,124,1
2025-12-20,P17,Lemper,87,0
2025-12-20,P18,Serabi,70,0
2025-12-20,P19,Tahu Isi,99,1
2025-12-20,P20,Tempe Goreng,103,0
2025-12-20,P21,Roti Bakar Coklat,78,0
2025-12-20,P22,Telur Dadar,134,0
2025-12-20,P23,Capcay,97,1
2025-12-20,P24,Nasi Goreng Seafood,72,1
2025-12-20,P25,Bakso Urat,101,1
2025-12-21,P01,Nasi Goreng Spesial,204,1
2025-12-21,P02,Mie Goreng Ayam,183,0
2025-12-21,P03,Nasi Kuning,145,0
2025-12-21,P04,Nasi Uduk,126,0
2025-12-21,P05,Mie Ayam Bakso,168,0
2025-12-21,P06,Soto Ayam,117,0
2025-12-21,P07,Ayam Geprek,152,1
2025-12-21,P08,Es Teh Manis,361,0
2025-12-21,P09,Es Jeruk,244,0
2025-12-21,P10,Kopi Hitam,206,0
2025-12-21,P11,Teh Anget,168,0
2025-12-21,P12,Jus Alpukat,95,0
2025-12-21,P13,Es Campur,89,0
2025-12-21,P14,Kerupuk,291,1
2025-12-21,P15,Kue Lumpur,77,0
2025-12-21,P16,Pisang Goreng,131,0
2025-12-21,P17,Lemper,93,0
2025-12-21,P18,Serabi,67,1
2025-12-21,P19,Tahu Isi,113,0
2025-12-21,P20,Tempe Goreng,106,0
2025-12-21,P21,Roti Bakar Coklat,84,0
2025-12-21,P22,Telur Dadar,137,1
2025-12-21,P23,Capcay,103,0
2025-12-21,P24,Nasi Goreng Seafood,94,0
2025-12-21,P25,Bakso Urat,127,1
2025-12-22,P01,Nasi Goreng Spesial,118,0
2025-12-22,P02,Mie Goreng Ayam,84,0
2025-12-22,P03,Nasi Kuning,63,0
2025-12-22,P04,Nasi Uduk,57,0
2025-12-22,P05,Mie Ayam Bakso,75,0
2025-12-22,P06,Soto Ayam,45,0
2025-12-22,P07,Ayam Geprek,76,0
2025-12-22,P08,Es Teh Manis,129,0
2025-12-22,P09,Es Jeruk,74,0
2025-12-22,P10,Kopi Hitam,66,0
2025-12-22,P11,Teh Anget,51,0
2025-12-22,P12,Jus Alpukat,33,0
2025-12-22,P13,Es Campur,29,0
2025-12-22,P14,Kerupuk,127,0
2025-12-22,P15,Kue Lumpur,33,0
2025-12-22,P16,Pisang Goreng,55,0
2025-12-22,P17,Lemper,45,0
2025-12-22,P18,Serabi,30,0
2025-12-22,P19,Tahu Isi,41,0
2025-12-22,P20,Tempe Goreng,46,0
2025-12-22,P21,Roti Bakar Coklat,43,0
2025-12-22,P22,Telur Dadar,66,0
2025-12-22,P23,Capcay,45,0
2025-12-22,P24,Nasi Goreng Seafood,41,0
2025-12-22,P25,Bakso Urat,60,0
2025-12-23,P01,Nasi Goreng Spesial,185,0
2025-12-23,P02,Mie Goreng Ayam,160,0
2025-12-23,P03,Nasi Kuning,113,0
2025-12-23,P04,Nasi Uduk,111,0
2025-12-23,P05,Mie Ayam Bakso,118,1
2025-12-23,P06,Soto Ayam,101,0
2025-12-23,P07,Ayam Geprek,132,0
2025-12-23,P08,Es Teh Manis,419,1
2025-12-23,P09,Es Jeruk,243,1
2025-12-23,P10,Kopi Hitam,226,1
2025-12-23,P11,Teh Anget,209,1
2025-12-23,P12,Jus Alpukat,122,1
2025-12-23,P13,Es Campur,93,1
2025-12-23,P14,Kerupuk,227,0
2025-12-23,P15,Kue Lumpur,64,0
2025-12-23,P16,Pisang Goreng,111,0
2025-12-23,P17,Lemper,75,1
2025-12-23,P18,Serabi,63,0
2025-12-23,P19,Tahu Isi,96,1
2025-12-23,P20,Tempe Goreng,88,0
2025-12-23,P21,Roti Bakar Coklat,68,0
2025-12-23,P22,Telur Dadar,121,0
2025-12-23,P23,Capcay,93,0
2025-12-23,P24,Nasi Goreng Seafood,83,0
2025-12-23,P25,Bakso Urat,101,0
2025-12-24,P01,Nasi Goreng Spesial,191,0
2025-12-24,P02,Mie Goreng Ayam,146,0
2025-12-24,P03,Nasi Kuning,113,0
2025-12-24,P04,Nasi Uduk,106,0
2025-12-24,P05,Mie Ayam Bakso,134,0
2025-12-24,P06,Soto Ayam,92,0
2025-12-24,P07,Ayam Geprek,121,0
2025-12-24,P08,Es Teh Manis,312,0
2025-12-24,P09,Es Jeruk,214,0
2025-12-24,P10,Kopi Hitam,159,1
2025-12-24,P11,Teh Anget,146,0
2025-12-24,P12,Jus Alpukat,86,0
2025-12-24,P13,Es Campur,74,0
2025-12-24,P14,Kerupuk,225,0
2025-12-24,P15,Kue Lumpur,64,0
2025-12-24,P16,Pisang Goreng,93,1
2025-12-24,P17,Lemper,73,0
2025-12-24,P18,Serabi,53,0
2025-12-24,P19,Tahu Isi,88,0
2025-12-24,P20,Tempe Goreng,81,0
2025-12-24,P21,Roti Bakar Coklat,64,0
2025-12-24,P22,Telur Dadar,110,0
2025-12-24,P23,Capcay,78,0
2025-12-24,P24,Nasi Goreng Seafood,72,0
2025-12-24,P25,Bakso Urat,102,0
2025-12-25,P01,Nasi Goreng Spesial,181,0
2025-12-25,P02,Mie Goreng Ayam,167,0
2025-12-25,P03,Nasi Kuning,108,0
2025-12-25,P04,Nasi Uduk,113,0
2025-12-25,P05,Mie Ayam Bakso,135,0
2025-12-25,P06,Soto Ayam,98,0
2025-12-25,P07,Ayam Geprek,126,0
2025-12-25,P08,Es Teh Manis,315,1
2025-12-25,P09,Es Jeruk,200,1
2025-12-25,P10,Kopi Hitam,170,1
2025-12-25,P11,Teh Anget,150,1
2025-12-25,P12,Jus Alpukat,79,1
2025-12-25,P13,Es Campur,92,0
2025-12-25,P14,Kerupuk,228,1
2025-12-25,P15,Kue Lumpur,68,1
2025-12-25,P16,Pisang Goreng,119,0
2025-12-25,P17,Lemper,79,0
2025-12-25,P18,Serabi,58,1
2025-12-25,P19,Tahu Isi,103,1
2025-12-25,P20,Tempe Goreng,91,0
2025-12-25,P21,Roti Bakar Coklat,72,0
2025-12-25,P22,Telur Dadar,119,0
2025-12-25,P23,Capcay,84,0
2025-12-25,P24,Nasi Goreng Seafood,76,0
2025-12-25,P25,Bakso Urat,103,0
2025-12-26,P01,Nasi Goreng Spesial,105,0
2025-12-26,P02,Mie Goreng Ayam,93,0
2025-12-26,P03,Nasi Kuning,74,0
2025-12-26,P04,Nasi Uduk,72,0
2025-12-26,P05,Mie Ayam Bakso,89,0
2025-12-26,P06,Soto Ayam,67,0
2025-12-26,P07,Ayam Geprek,80,0
2025-12-26,P08,Es Teh Manis,158,0
2025-12-26,P09,Es Jeruk,118,0
2025-12-26,P10,Kopi Hitam,81,0
2025-12-26,P11,Teh Anget,65,0
2025-12-26,P12,Jus Alpukat,48,0
2025-12-26,P13,Es Campur,41,0
2025-12-26,P14,Kerupuk,159,0
2025-12-26,P15,Kue Lumpur,41,0
2025-12-26,P16,Pisang Goreng,74,0
2025-12-26,P17,Lemper,52,0
2025-12-26,P18,Serabi,37,0
2025-12-26,P19,Tahu Isi,63,0
2025-12-26,P20,Tempe Goreng,57,0
2025-12-26,P21,Roti Bakar Coklat,41,0
2025-12-26,P22,Telur Dadar,71,0
2025-12-26,P23,Capcay,56,0
2025-12-26,P24,Nasi Goreng Seafood,47,0
2025-12-26,P25,Bakso Urat,60,0
2025-12-27,P01,Nasi Goreng Spesial,145,0
2025-12-27,P02,Mie Goreng Ayam,113,0
2025-12-27,P03,Nasi Kuning,94,0
2025-12-27,P04,Nasi Uduk,86,0
2025-12-27,P05,Mie Ayam Bakso,109,0
2025-12-27,P06,Soto Ayam,65,0
2025-12-27,P07,Ayam Geprek,104,0
2025-12-27,P08,Es Teh Manis,171,0
2025-12-27,P09,Es Jeruk,132,0
2025-12-27,P10,Kopi Hitam,115,0
2025-12-27,P11,Teh Anget,84,0
2025-12-27,P12,Jus Alpukat,53,0
2025-12-27,P13,Es Campur,46,0
2025-12-27,P14,Kerupuk,201,0
2025-12-27,P15,Kue Lumpur,57,0
2025-12-27,P16,Pisang Goreng,87,0
2025-12-27,P17,Lemper,62,0
2025-12-27,P18,Serabi,53,0
2025-12-27,P19,Tahu Isi,83,0
2025-12-27,P20,Tempe Goreng,76,0
2025-12-27,P21,Roti Bakar Coklat,58,0
2025-12-27,P22,Telur Dadar,97,0
2025-12-27,P23,Capcay,66,0
2025-12-27,P24,Nasi Goreng Seafood,62,0
2025-12-27,P25,Bakso Urat,87,0
2025-12-28,P01,Nasi Goreng Spesial,166,0
2025-12-28,P02,Mie Goreng Ayam,154,0
2025-12-28,P03,Nasi Kuning,98,0
2025-12-28,P04,Nasi Uduk,108,0
2025-12-28,P05,Mie Ayam Bakso,113,0
2025-12-28,P06,Soto Ayam,87,0
2025-12-28,P07,Ayam Geprek,105,0
2025-12-28,P08,Es Teh Manis,287,0
2025-12-28,P09,Es Jeruk,203,0
2025-12-28,P10,Kopi Hitam,159,0
2025-12-28,P11,Teh Anget,138,0
2025-12-28,P12,Jus Alpukat,74,1
2025-12-28,P13,Es Campur,64,0
2025-12-28,P14,Kerupuk,215,0
2025-12-28,P15,Kue Lumpur,58,1
2025-12-28,P16,Pisang Goreng,93,0
2025-12-28,P17,Lemper,68,0
2025-12-28,P18,Serabi,53,0
2025-12-28,P19,Tahu Isi,83,0
2025-12-28,P20,Tempe Goreng,79,0
2025-12-28,P21,Roti Bakar Coklat,64,0
2025-12-28,P22,Telur Dadar,99,1
2025-12-28,P23,Capcay,75,1
2025-12-28,P24,Nasi Goreng Seafood,69,0
2025-12-28,P25,Bakso Urat,95,0
2025-12-29,P01,Nasi Goreng Spesial,144,0
2025-12-29,P02,Mie Goreng Ayam,120,0
2025-12-29,P03,Nasi Kuning,90,0
2025-12-29,P04,Nasi Uduk,87,0
2025-12-29,P05,Mie Ayam Bakso,100,0
2025-12-29,P06,Soto Ayam,74,0
2025-12-29,P07,Ayam Geprek,91,0
2025-12-29,P08,Es Teh Manis,312,1
2025-12-29,P09,Es Jeruk,217,1
2025-12-29,P10,Kopi Hitam,226,0
2025-12-29,P11,Teh Anget,182,0
2025-12-29,P12,Jus Alpukat,107,0
2025-12-29,P13,Es Campur,96,0
2025-12-29,P14,Kerupuk,190,0
2025-12-29,P15,Kue Lumpur,46,0
2025-12-29,P16,Pisang Goreng,76,0
2025-12-29,P17,Lemper,58,0
2025-12-29,P18,Serabi,41,0
2025-12-29,P19,Tahu Isi,74,0
2025-12-29,P20,Tempe Goreng,65,0
2025-12-29,P21,Roti Bakar Coklat,51,0
2025-12-29,P22,Telur Dadar,90,0
2025-12-29,P23,Capcay,67,0
2025-12-29,P24,Nasi Goreng Seafood,56,0
2025-12-29,P25,Bakso Urat,83,0
2025-12-30,P01,Nasi Goreng Spesial,125,0
2025-12-30,P02,Mie Goreng Ayam,106,0
2025-12-30,P03,Nasi Kuning,71,0
2025-12-30,P04,Nasi Uduk,73,0
2025-12-30,P05,Mie Ayam Bakso,89,0
2025-12-30,P06,Soto Ayam,55,0
2025-12-30,P07,Ayam Geprek,84,0
2025-12-30,P08,Es Teh Manis,242,0
2025-12-30,P09,Es Jeruk,158,0
2025-12-30,P10,Kopi Hitam,144,0
2025-12-30,P11,Teh Anget,117,0
2025-12-30,P12,Jus Alpukat,75,0
2025-12-30,P13,Es Campur,63,0
2025-12-30,P14,Kerupuk,158,0
2025-12-30,P15,Kue Lumpur,45,0
2025-12-30,P16,Pisang Goreng,73,0
2025-12-30,P17,Lemper,47,0
2025-12-30,P18,Serabi,38,0
2025-12-30,P19,Tahu Isi,62,0
2025-12-30,P20,Tempe Goreng,58,0
2025-12-30,P21,Roti Bakar Coklat,44,0
2025-12-30,P22,Telur Dadar,71,0
2025-12-30,P23,Capcay,54,0
2025-12-30,P24,Nasi Goreng Seafood,55,0
2025-12-30,P25,Bakso Urat,61,0
2025-12-31,P01,Nasi Goreng Spesial,129,0
2025-12-31,P02,Mie Goreng Ayam,124,0
2025-12-31,P03,Nasi Kuning,79,0
2025-12-31,P04,Nasi Uduk,78,0
2025-12-31,P05,Mie Ayam Bakso,94,0
2025-12-31,P06,Soto Ayam,60,0
2025-12-31,P07,Ayam Geprek,93,0
2025-12-31,P08,Es Teh Manis,223,0
2025-12-31,P09,Es Jeruk,161,0
2025-12-31,P10,Kopi Hitam,136,0
2025-12-31,P11,Teh Anget,109,0
2025-12-31,P12,Jus Alpukat,65,0
2025-12-31,P13,Es Campur,54,0
2025-12-31,P14,Kerupuk,168,0
2025-12-31,P15,Kue Lumpur,46,0
2025-12-31,P16,Pisang Goreng,65,0
2025-12-31,P17,Lemper,56,0
2025-12-31,P18,Serabi,43,0
2025-12-31,P19,Tahu Isi,73,0
2025-12-31,P20,Tempe Goreng,68,0
2025-12-31,P21,Roti Bakar Coklat,49,0
2025-12-31,P22,Telur Dadar,85,0
2025-12-31,P23,Capcay,66,0
2025-12-31,P24,Nasi Goreng Seafood,52,0
2025-12-31,P25,Bakso Urat,69,0
2026-01-01,P01,Nasi Goreng Spesial,63,0
2026-01-01,P02,Mie Goreng Ayam,63,0
2026-01-01,P03,Nasi Kuning,41,0
2026-01-01,P04,Nasi Uduk,43,0
2026-01-01,P05,Mie Ayam Bakso,60,0
2026-01-01,P06,Soto Ayam,30,0
2026-01-01,P07,Ayam Geprek,45,0
2026-01-01,P08,Es Teh Manis,86,0
2026-01-01,P09,Es Jeruk,56,0
2026-01-01,P10,Kopi Hitam,45,0
2026-01-01,P11,Teh Anget,38,0
2026-01-01,P12,Jus Alpukat,25,0
2026-01-01,P13,Es Campur,22,0
2026-01-01,P14,Kerupuk,102,0
2026-01-01,P15,Kue Lumpur,27,0
2026-01-01,P16,Pisang Goreng,47,0
2026-01-01,P17,Lemper,29,0
2026-01-01,P18,Serabi,20,0
2026-01-01,P19,Tahu Isi,37,0
2026-01-01,P20,Tempe Goreng,36,0
2026-01-01,P21,Roti Bakar Coklat,29,0
2026-01-01,P22,Telur Dadar,51,0
2026-01-01,P23,Capcay,34,0
2026-01-01,P24,Nasi Goreng Seafood,31,0
2026-01-01,P25,Bakso Urat,46,0
2026-01-02,P01,Nasi Goreng Spesial,113,0
2026-01-02,P02,Mie Goreng Ayam,88,0
2026-01-02,P03,Nasi Kuning,71,0
2026-01-02,P04,Nasi Uduk,62,0
2026-01-02,P05,Mie Ayam Bakso,87,0
2026-01-02,P06,Soto Ayam,64,0
2026-01-02,P07,Ayam Geprek,83,0
2026-01-02,P08,Es Teh Manis,187,0
2026-01-02,P09,Es Jeruk,138,0
2026-01-02,P10,Kopi Hitam,98,0
2026-01-02,P11,Teh Anget,98,0
2026-01-02,P12,Jus Alpukat,48,0
2026-01-02,P13,Es Campur,40,0
2026-01-02,P14,Kerupuk,151,0
2026-01-02,P15,Kue Lumpur,38,0
2026-01-02,P16,Pisang Goreng,63,0
2026-01-02,P17,Lemper,42,0
2026-01-02,P18,Serabi,40,0
2026-01-02,P19,Tahu Isi,64,0
2026-01-02,P20,Tempe Goreng,57,0
2026-01-02,P21,Roti Bakar Coklat,40,0
2026-01-02,P22,Telur Dadar,76,0
2026-01-02,P23,Capcay,53,0
2026-01-02,P24,Nasi Goreng Seafood,51,0
2026-01-02,P25,Bakso Urat,64,0
2026-01-03,P01,Nasi Goreng Spesial,126,0
2026-01-03,P02,Mie Goreng Ayam,96,0
2026-01-03,P03,Nasi Kuning,86,0
2026-01-03,P04,Nasi Uduk,67,0
2026-01-03,P05,Mie Ayam Bakso,93,0
2026-01-03,P06,Soto Ayam,69,0
2026-01-03,P07,Ayam Geprek,87,0
2026-01-03,P08,Es Teh Manis,284,0
2026-01-03,P09,Es Jeruk,179,0
2026-01-03,P10,Kopi Hitam,140,0
2026-01-03,P11,Teh Anget,121,0
2026-01-03,P12,Jus Alpukat,71,0
2026-01-03,P13,Es Campur,63,0
2026-01-03,P14,Kerupuk,169,0
2026-01-03,P15,Kue Lumpur,47,0
2026-01-03,P16,Pisang Goreng,77,0
2026-01-03,P17,Lemper,53,0
2026-01-03,P18,Serabi,37,0
2026-01-03,P19,Tahu Isi,74,0
2026-01-03,P20,Tempe Goreng,60,0
2026-01-03,P21,Roti Bakar Coklat,49,0
2026-01-03,P22,Telur Dadar,76,0
2026-01-03,P23,Capcay,57,0
2026-01-03,P24,Nasi Goreng Seafood,50,0
2026-01-03,P25,Bakso Urat,77,0
2026-01-04,P01,Nasi Goreng Spesial,124,0
2026-01-04,P02,Mie Goreng Ayam,115,0
2026-01-04,P03,Nasi Kuning,76,0
2026-01-04,P04,Nasi Uduk,72,0
2026-01-04,P05,Mie Ayam Bakso,92,0
2026-01-04,P06,Soto Ayam,73,0
2026-01-04,P07,Ayam Geprek,88,0
2026-01-04,P08,Es Teh Manis,224,0
2026-01-04,P09,Es Jeruk,178,0
2026-01-04,P10,Kopi Hitam,152,0
2026-01-04,P11,Teh Anget,114,0
2026-01-04,P12,Jus Alpukat,66,0
2026-01-04,P13,Es Campur,64,0
2026-01-04,P14,Kerupuk,186,0
2026-01-04,P15,Kue Lumpur,51,0
2026-01-04,P16,Pisang Goreng,69,0
2026-01-04,P17,Lemper,58,0
2026-01-04,P18,Serabi,42,0
2026-01-04,P19,Tahu Isi,65,0
2026-01-04,P20,Tempe Goreng,63,1
2026-01-04,P21,Roti Bakar Coklat,50,0
2026-01-04,P22,Telur Dadar,87,0
2026-01-04,P23,Capcay,56,0
2026-01-04,P24,Nasi Goreng Seafood,55,0
2026-01-04,P25,Bakso Urat,70,0
2026-01-05,P01,Nasi Goreng Spesial,70,0
2026-01-05,P02,Mie Goreng Ayam,61,0
2026-01-05,P03,Nasi Kuning,46,0
2026-01-05,P04,Nasi Uduk,37,0
2026-01-05,P05,Mie Ayam Bakso,57,0
2026-01-05,P06,Soto Ayam,37,0
2026-01-05,P07,Ayam Geprek,52,0
2026-01-05,P08,Es Teh Manis,103,0
2026-01-05,P09,Es Jeruk,76,0
2026-01-05,P10,Kopi Hitam,55,0
2026-01-05,P11,Teh Anget,43,0
2026-01-05,P12,Jus Alpukat,30,0
2026-01-05,P13,Es Campur,24,0
2026-01-05,P14,Kerupuk,108,0
2026-01-05,P15,Kue Lumpur,27,0
2026-01-05,P16,Pisang Goreng,37,0
2026-01-05,P17,Lemper,29,0
2026-01-05,P18,Serabi,21,0
2026-01-05,P19,Tahu Isi,43,0
2026-01-05,P20,Tempe Goreng,38,0
2026-01-05,P21,Roti Bakar Coklat,27,0
2026-01-05,P22,Telur Dadar,47,0
2026-01-05,P23,Capcay,33,0
2026-01-05,P24,Nasi Goreng Seafood,33,0
2026-01-05,P25,Bakso Urat,44,0
2026-01-06,P01,Nasi Goreng Spesial,111,0
2026-01-06,P02,Mie Goreng Ayam,100,0
2026-01-06,P03,Nasi Kuning,76,0
2026-01-06,P04,Nasi Uduk,65,0
2026-01-06,P05,Mie Ayam Bakso,76,0
2026-01-06,P06,Soto Ayam,54,0
2026-01-06,P07,Ayam Geprek,71,0
2026-01-06,P08,Es Teh Manis,232,0
2026-01-06,P09,Es Jeruk,139,0
2026-01-06,P10,Kopi Hitam,119,0
2026-01-06,P11,Teh Anget,91,0
2026-01-06,P12,Jus Alpukat,54,0
2026-01-06,P13,Es Campur,52,0
2026-01-06,P14,Kerupuk,132,0
2026-01-06,P15,Kue Lumpur,38,0
2026-01-06,P16,Pisang Goreng,55,0
2026-01-06,P17,Lemper,45,0
2026-01-06,P18,Serabi,37,0
2026-01-06,P19,Tahu Isi,53,0
2026-01-06,P20,Tempe Goreng,54,0
2026-01-06,P21,Roti Bakar Coklat,29,0
2026-01-06,P22,Telur Dadar,65,0
2026-01-06,P23,Capcay,45,0
2026-01-06,P24,Nasi Goreng Seafood,50,0
2026-01-06,P25,Bakso Urat,67,0
2026-01-07,P01,Nasi Goreng Spesial,111,0
2026-01-07,P02,Mie Goreng Ayam,96,0
2026-01-07,P03,Nasi Kuning,58,0
2026-01-07,P04,Nasi Uduk,62,0
2026-01-07,P05,Mie Ayam Bakso,61,0
2026-01-07,P06,Soto Ayam,57,0
2026-01-07,P07,Ayam Geprek,65,0
2026-01-07,P08,Es Teh Manis,208,0
2026-01-07,P09,Es Jeruk,144,0
2026-01-07,P10,Kopi Hitam,121,0
2026-01-07,P11,Teh Anget,99,0
2026-01-07,P12,Jus Alpukat,56,0
2026-01-07,P13,Es Campur,49,0
2026-01-07,P14,Kerupuk,128,0
2026-01-07,P15,Kue Lumpur,34,0
2026-01-07,P16,Pisang Goreng,58,0
2026-01-07,P17,Lemper,42,0
2026-01-07,P18,Serabi,30,0
2026-01-07,P19,Tahu Isi,46,0
2026-01-07,P20,Tempe Goreng,43,0
2026-01-07,P21,Roti Bakar Coklat,28,0
2026-01-07,P22,Telur Dadar,63,0
2026-01-07,P23,Capcay,50,0
2026-01-07,P24,Nasi Goreng Seafood,35,0
2026-01-07,P25,Bakso Urat,61,0
2026-01-08,P01,Nasi Goreng Spesial,126,0
2026-01-08,P02,Mie Goreng Ayam,92,0
2026-01-08,P03,Nasi Kuning,58,0
2026-01-08,P04,Nasi Uduk,68,0
2026-01-08,P05,Mie Ayam Bakso,81,0
2026-01-08,P06,Soto Ayam,54,0
2026-01-08,P07,Ayam Geprek,80,0
2026-01-08,P08,Es Teh Manis,171,0
2026-01-08,P09,Es Jeruk,133,0
2026-01-08,P10,Kopi Hitam,112,0
2026-01-08,P11,Teh Anget,100,0
2026-01-08,P12,Jus Alpukat,65,0
2026-01-08,P13,Es Campur,50,0
2026-01-08,P14,Kerupuk,140,0
2026-01-08,P15,Kue Lumpur,47,0
2026-01-08,P16,Pisang Goreng,62,0
2026-01-08,P17,Lemper,47,0
2026-01-08,P18,Serabi,31,0
2026-01-08,P19,Tahu Isi,64,0
2026-01-08,P20,Tempe Goreng,48,0
2026-01-08,P21,Roti Bakar Coklat,40,0
2026-01-08,P22,Telur Dadar,70,0
2026-01-08,P23,Capcay,52,0
2026-01-08,P24,Nasi Goreng Seafood,45,0
2026-01-08,P25,Bakso Urat,65,0
2026-01-09,P01,Nasi Goreng Spesial,99,0
2026-01-09,P02,Mie Goreng Ayam,93,0
2026-01-09,P03,Nasi Kuning,66,0
2026-01-09,P04,Nasi Uduk,65,0
2026-01-09,P05,Mie Ayam Bakso,78,0
2026-01-09,P06,Soto Ayam,50,0
2026-01-09,P07,Ayam Geprek,88,0
2026-01-09,P08,Es Teh Manis,193,0
2026-01-09,P09,Es Jeruk,148,0
2026-01-09,P10,Kopi Hitam,106,0
2026-01-09,P11,Teh Anget,102,0
2026-01-09,P12,Jus Alpukat,51,0
2026-01-09,P13,Es Campur,49,0
2026-01-09,P14,Kerupuk,126,0
2026-01-09,P15,Kue Lumpur,47,0
2026-01-09,P16,Pisang Goreng,61,0
2026-01-09,P17,Lemper,48,0
2026-01-09,P18,Serabi,35,0
2026-01-09,P19,Tahu Isi,57,0
2026-01-09,P20,Tempe Goreng,53,0
2026-01-09,P21,Roti Bakar Coklat,43,0
2026-01-09,P22,Telur Dadar,73,0
2026-01-09,P23,Capcay,53,0
2026-01-09,P24,Nasi Goreng Seafood,48,0
2026-01-09,P25,Bakso Urat,73,0
2026-01-10,P01,Nasi Goreng Spesial,123,0
2026-01-10,P02,Mie Goreng Ayam,96,0
2026-01-10,P03,Nasi Kuning,75,0
2026-01-10,P04,Nasi Uduk,81,0
2026-01-10,P05,Mie Ayam Bakso,106,0
2026-01-10,P06,Soto Ayam,71,0
2026-01-10,P07,Ayam Geprek,89,0
2026-01-10,P08,Es Teh Manis,219,0
2026-01-10,P09,Es Jeruk,161,0
2026-01-10,P10,Kopi Hitam,137,0
2026-01-10,P11,Teh Anget,116,0
2026-01-10,P12,Jus Alpukat,69,0
2026-01-10,P13,Es Campur,63,0
2026-01-10,P14,Kerupuk,187,0
2026-01-10,P15,Kue Lumpur,48,0
2026-01-10,P16,Pisang Goreng,77,1
2026-01-10,P17,Lemper,49,0
2026-01-10,P18,Serabi,40,0
2026-01-10,P19,Tahu Isi,71,0
2026-01-10,P20,Tempe Goreng,65,0
2026-01-10,P21,Roti Bakar Coklat,48,0
2026-01-10,P22,Telur Dadar,80,0
2026-01-10,P23,Capcay,69,0
2026-01-10,P24,Nasi Goreng Seafood,53,0
2026-01-10,P25,Bakso Urat,71,0
2026-01-11,P01,Nasi Goreng Spesial,129,0
2026-01-11,P02,Mie Goreng Ayam,117,0
2026-01-11,P03,Nasi Kuning,72,0
2026-01-11,P04,Nasi Uduk,76,0
2026-01-11,P05,Mie Ayam Bakso,102,0
2026-01-11,P06,Soto Ayam,58,0
2026-01-11,P07,Ayam Geprek,94,0
2026-01-11,P08,Es Teh Manis,233,1
2026-01-11,P09,Es Jeruk,149,0
2026-01-11,P10,Kopi Hitam,120,0
2026-01-11,P11,Teh Anget,101,0
2026-01-11,P12,Jus Alpukat,54,0
2026-01-11,P13,Es Campur,55,0
2026-01-11,P14,Kerupuk,171,0
2026-01-11,P15,Kue Lumpur,46,0
2026-01-11,P16,Pisang Goreng,82,0
2026-01-11,P17,Lemper,56,0
2026-01-11,P18,Serabi,43,0
2026-01-11,P19,Tahu Isi,69,0
2026-01-11,P20,Tempe Goreng,66,0
2026-01-11,P21,Roti Bakar Coklat,53,0
2026-01-11,P22,Telur Dadar,81,0
2026-01-11,P23,Capcay,65,0
2026-01-11,P24,Nasi Goreng Seafood,58,0
2026-01-11,P25,Bakso Urat,78,0
2026-01-12,P01,Nasi Goreng Spesial,81,0
2026-01-12,P02,Mie Goreng Ayam,51,0
2026-01-12,P03,Nasi Kuning,41,0
2026-01-12,P04,Nasi Uduk,43,0
2026-01-12,P05,Mie Ayam Bakso,54,0
2026-01-12,P06,Soto Ayam,32,0
2026-01-12,P07,Ayam Geprek,55,0
2026-01-12,P08,Es Teh Manis,123,0
2026-01-12,P09,Es Jeruk,75,0
2026-01-12,P10,Kopi Hitam,47,0
2026-01-12,P11,Teh Anget,49,0
2026-01-12,P12,Jus Alpukat,30,0
2026-01-12,P13,Es Campur,25,0
2026-01-12,P14,Kerupuk,107,0
2026-01-12,P15,Kue Lumpur,27,0
2026-01-12,P16,Pisang Goreng,52,0
2026-01-12,P17,Lemper,33,0
2026-01-12,P18,Serabi,24,0
2026-01-12,P19,Tahu Isi,43,0
2026-01-12,P20,Tempe Goreng,40,0
2026-01-12,P21,Roti Bakar Coklat,30,0
2026-01-12,P22,Telur Dadar,45,0
2026-01-12,P23,Capcay,32,0
2026-01-12,P24,Nasi Goreng Seafood,26,0
2026-01-12,P25,Bakso Urat,31,0
2026-01-13,P01,Nasi Goreng Spesial,65,0
2026-01-13,P02,Mie Goreng Ayam,48,0
2026-01-13,P03,Nasi Kuning,40,0
2026-01-13,P04,Nasi Uduk,29,0
2026-01-13,P05,Mie Ayam Bakso,47,0
2026-01-13,P06,Soto Ayam,38,0
2026-01-13,P07,Ayam Geprek,35,0
2026-01-13,P08,Es Teh Manis,61,0
2026-01-13,P09,Es Jeruk,64,0
2026-01-13,P10,Kopi Hitam,34,0
2026-01-13,P11,Teh Anget,41,0
2026-01-13,P12,Jus Alpukat,22,0
2026-01-13,P13,Es Campur,18,0
2026-01-13,P14,Kerupuk,92,0
2026-01-13,P15,Kue Lumpur,25,0
2026-01-13,P16,Pisang Goreng,37,0
2026-01-13,P17,Lemper,19,0
2026-01-13,P18,Serabi,21,0
2026-01-13,P19,Tahu Isi,28,0
2026-01-13,P20,Tempe Goreng,28,0
2026-01-13,P21,Roti Bakar Coklat,23,0
2026-01-13,P22,Telur Dadar,48,0
2026-01-13,P23,Capcay,28,0
2026-01-13,P24,Nasi Goreng Seafood,21,0
2026-01-13,P25,Bakso Urat,42,0
2026-01-14,P01,Nasi Goreng Spesial,105,0
2026-01-14,P02,Mie Goreng Ayam,83,0
2026-01-14,P03,Nasi Kuning,64,0
2026-01-14,P04,Nasi Uduk,62,0
2026-01-14,P05,Mie Ayam Bakso,63,0
2026-01-14,P06,Soto Ayam,58,0
2026-01-14,P07,Ayam Geprek,67,0
2026-01-14,P08,Es Teh Manis,206,0
2026-01-14,P09,Es Jeruk,141,0
2026-01-14,P10,Kopi Hitam,116,0
2026-01-14,P11,Teh Anget,89,0
2026-01-14,P12,Jus Alpukat,58,0
2026-01-14,P13,Es Campur,53,0
2026-01-14,P14,Kerupuk,109,0
2026-01-14,P15,Kue Lumpur,33,0
2026-01-14,P16,Pisang Goreng,63,0
2026-01-14,P17,Lemper,45,0
2026-01-14,P18,Serabi,32,0
2026-01-14,P19,Tahu Isi,50,0
2026-01-14,P20,Tempe Goreng,50,0
2026-01-14,P21,Roti Bakar Coklat,34,0
2026-01-14,P22,Telur Dadar,64,0
2026-01-14,P23,Capcay,43,0
2026-01-14,P24,Nasi Goreng Seafood,42,0
2026-01-14,P25,Bakso Urat,54,0
2026-01-15,P01,Nasi Goreng Spesial,73,0
2026-01-15,P02,Mie Goreng Ayam,67,0
2026-01-15,P03,Nasi Kuning,45,0
2026-01-15,P04,Nasi Uduk,45,0
2026-01-15,P05,Mie Ayam Bakso,62,0
2026-01-15,P06,Soto Ayam,36,0
2026-01-15,P07,Ayam Geprek,58,0
2026-01-15,P08,Es Teh Manis,119,0
2026-01-15,P09,Es Jeruk,72,0
2026-01-15,P10,Kopi Hitam,54,0
2026-01-15,P11,Teh Anget,49,0
2026-01-15,P12,Jus Alpukat,27,0
2026-01-15,P13,Es Campur,23,0
2026-01-15,P14,Kerupuk,99,0
2026-01-15,P15,Kue Lumpur,24,0
2026-01-15,P16,Pisang Goreng,41,0
2026-01-15,P17,Lemper,30,0
2026-01-15,P18,Serabi,20,0
2026-01-15,P19,Tahu Isi,42,0
2026-01-15,P20,Tempe Goreng,34,0
2026-01-15,P21,Roti Bakar Coklat,31,0
2026-01-15,P22,Telur Dadar,44,0
2026-01-15,P23,Capcay,33,0
2026-01-15,P24,Nasi Goreng Seafood,27,0
2026-01-15,P25,Bakso Urat,42,0
2026-01-16,P01,Nasi Goreng Spesial,81,0
2026-01-16,P02,Mie Goreng Ayam,62,0
2026-01-16,P03,Nasi Kuning,57,0
2026-01-16,P04,Nasi Uduk,55,0
2026-01-16,P05,Mie Ayam Bakso,52,0
2026-01-16,P06,Soto Ayam,38,0
2026-01-16,P07,Ayam Geprek,54,0
2026-01-16,P08,Es Teh Manis,83,0
2026-01-16,P09,Es Jeruk,73,0
2026-01-16,P10,Kopi Hitam,54,0
2026-01-16,P11,Teh Anget,47,0
2026-01-16,P12,Jus Alpukat,24,0
2026-01-16,P13,Es Campur,21,0
2026-01-16,P14,Kerupuk,76,0
2026-01-16,P15,Kue Lumpur,32,0
2026-01-16,P16,Pisang Goreng,47,0
2026-01-16,P17,Lemper,34,0
2026-01-16,P18,Serabi,24,0
2026-01-16,P19,Tahu Isi,30,0
2026-01-16,P20,Tempe Goreng,33,0
2026-01-16,P21,Roti Bakar Coklat,27,0
2026-01-16,P22,Telur Dadar,42,0
2026-01-16,P23,Capcay,29,0
2026-01-16,P24,Nasi Goreng Seafood,28,0
2026-01-16,P25,Bakso Urat,43,0
2026-01-17,P01,Nasi Goreng Spesial,129,0
2026-01-17,P02,Mie Goreng Ayam,102,0
2026-01-17,P03,Nasi Kuning,74,0
2026-01-17,P04,Nasi Uduk,75,0
2026-01-17,P05,Mie Ayam Bakso,101,0
2026-01-17,P06,Soto Ayam,67,0
2026-01-17,P07,Ayam Geprek,97,0
2026-01-17,P08,Es Teh Manis,231,0
2026-01-17,P09,Es Jeruk,159,0
2026-01-17,P10,Kopi Hitam,129,0
2026-01-17,P11,Teh Anget,115,0
2026-01-17,P12,Jus Alpukat,62,0
2026-01-17,P13,Es Campur,58,0
2026-01-17,P14,Kerupuk,163,0
2026-01-17,P15,Kue Lumpur,47,0
2026-01-17,P16,Pisang Goreng,77,1
2026-01-17,P17,Lemper,56,0
2026-01-17,P18,Serabi,44,0
2026-01-17,P19,Tahu Isi,70,0
2026-01-17,P20,Tempe Goreng,65,0
2026-01-17,P21,Roti Bakar Coklat,49,0
2026-01-17,P22,Telur Dadar,89,0
2026-01-17,P23,Capcay,61,0
2026-01-17,P24,Nasi Goreng Seafood,54,0
2026-01-17,P25,Bakso Urat,79,0
2026-01-18,P01,Nasi Goreng Spesial,75,0
2026-01-18,P02,Mie Goreng Ayam,68,0
2026-01-18,P03,Nasi Kuning,48,0
2026-01-18,P04,Nasi Uduk,46,0
2026-01-18,P05,Mie Ayam Bakso,53,0
2026-01-18,P06,Soto Ayam,42,0
2026-01-18,P07,Ayam Geprek,52,0
2026-01-18,P08,Es Teh Manis,85,0
2026-01-18,P09,Es Jeruk,66,0
2026-01-18,P10,Kopi Hitam,50,0
2026-01-18,P11,Teh Anget,48,0
2026-01-18,P12,Jus Alpukat,29,0
2026-01-18,P13,Es Campur,25,0
2026-01-18,P14,Kerupuk,86,0
2026-01-18,P15,Kue Lumpur,27,0
2026-01-18,P16,Pisang Goreng,44,0
2026-01-18,P17,Lemper,31,0
2026-01-18,P18,Serabi,24,0
2026-01-18,P19,Tahu Isi,46,0
2026-01-18,P20,Tempe Goreng,40,0
2026-01-18,P21,Roti Bakar Coklat,28,0
2026-01-18,P22,Telur Dadar,51,0
2026-01-18,P23,Capcay,37,0
2026-01-18,P24,Nasi Goreng Seafood,32,0
2026-01-18,P25,Bakso Urat,49,0
2026-01-19,P01,Nasi Goreng Spesial,108,0
2026-01-19,P02,Mie Goreng Ayam,85,0
2026-01-19,P03,Nasi Kuning,68,0
2026-01-19,P04,Nasi Uduk,64,0
2026-01-19,P05,Mie Ayam Bakso,75,0
2026-01-19,P06,Soto Ayam,58,0
2026-01-19,P07,Ayam Geprek,64,0
2026-01-19,P08,Es Teh Manis,212,0
2026-01-19,P09,Es Jeruk,149,0
2026-01-19,P10,Kopi Hitam,121,0
2026-01-19,P11,Teh Anget,88,0
2026-01-19,P12,Jus Alpukat,56,0
2026-01-19,P13,Es Campur,52,0
2026-01-19,P14,Kerupuk,133,0
2026-01-19,P15,Kue Lumpur,38,0
2026-01-19,P16,Pisang Goreng,65,0
2026-01-19,P17,Lemper,38,0
2026-01-19,P18,Serabi,31,0
2026-01-19,P19,Tahu Isi,47,0
2026-01-19,P20,Tempe Goreng,50,0
2026-01-19,P21,Roti Bakar Coklat,39,0
2026-01-19,P22,Telur Dadar,81,0
2026-01-19,P23,Capcay,52,0
2026-01-19,P24,Nasi Goreng Seafood,44,0
2026-01-19,P25,Bakso Urat,61,0
2026-01-20,P01,Nasi Goreng Spesial,102,0
2026-01-20,P02,Mie Goreng Ayam,94,0
2026-01-20,P03,Nasi Kuning,68,0
2026-01-20,P04,Nasi Uduk,67,0
2026-01-20,P05,Mie Ayam Bakso,78,0
2026-01-20,P06,Soto Ayam,68,0
2026-01-20,P07,Ayam Geprek,70,0
2026-01-20,P08,Es Teh Manis,233,0
2026-01-20,P09,Es Jeruk,158,0
2026-01-20,P10,Kopi Hitam,125,0
2026-01-20,P11,Teh Anget,103,0
2026-01-20,P12,Jus Alpukat,68,0
2026-01-20,P13,Es Campur,62,0
2026-01-20,P14,Kerupuk,140,0
2026-01-20,P15,Kue Lumpur,42,0
2026-01-20,P16,Pisang Goreng,63,0
2026-01-20,P17,Lemper,43,0
2026-01-20,P18,Serabi,36,0
2026-01-20,P19,Tahu Isi,60,0
2026-01-20,P20,Tempe Goreng,47,0
2026-01-20,P21,Roti Bakar Coklat,42,0
2026-01-20,P22,Telur Dadar,74,0
2026-01-20,P23,Capcay,52,0
2026-01-20,P24,Nasi Goreng Seafood,46,0
2026-01-20,P25,Bakso Urat,68,0
2026-01-21,P01,Nasi Goreng Spesial,76,0
2026-01-21,P02,Mie Goreng Ayam,63,0
2026-01-21,P03,Nasi Kuning,43,0
2026-01-21,P04,Nasi Uduk,44,0
2026-01-21,P05,Mie Ayam Bakso,60,0
2026-01-21,P06,Soto Ayam,37,0
2026-01-21,P07,Ayam Geprek,35,0
2026-01-21,P08,Es Teh Manis,110,0
2026-01-21,P09,Es Jeruk,68,0
2026-01-21,P10,Kopi Hitam,54,0
2026-01-21,P11,Teh Anget,45,0
2026-01-21,P12,Jus Alpukat,31,0
2026-01-21,P13,Es Campur,25,0
2026-01-21,P14,Kerupuk,108,0
2026-01-21,P15,Kue Lumpur,31,0
2026-01-21,P16,Pisang Goreng,44,0
2026-01-21,P17,Lemper,31,0
2026-01-21,P18,Serabi,25,0
2026-01-21,P19,Tahu Isi,40,0
2026-01-21,P20,Tempe Goreng,30,0
2026-01-21,P21,Roti Bakar Coklat,34,0
2026-01-21,P22,Telur Dadar,52,0
2026-01-21,P23,Capcay,34,0
2026-01-21,P24,Nasi Goreng Seafood,26,0
2026-01-21,P25,Bakso Urat,43,0
2026-01-22,P01,Nasi Goreng Spesial,115,0
2026-01-22,P02,Mie Goreng Ayam,86,0
2026-01-22,P03,Nasi Kuning,64,0
2026-01-22,P04,Nasi Uduk,69,0
2026-01-22,P05,Mie Ayam Bakso,86,0
2026-01-22,P06,Soto Ayam,56,0
2026-01-22,P07,Ayam Geprek,59,0
2026-01-22,P08,Es Teh Manis,213,0
2026-01-22,P09,Es Jeruk,148,0
2026-01-22,P10,Kopi Hitam,120,0
2026-01-22,P11,Teh Anget,99,0
2026-01-22,P12,Jus Alpukat,57,0
2026-01-22,P13,Es Campur,50,0
2026-01-22,P14,Kerupuk,125,0
2026-01-22,P15,Kue Lumpur,37,0
2026-01-22,P16,Pisang Goreng,63,0
2026-01-22,P17,Lemper,46,0
2026-01-22,P18,Serabi,35,0
2026-01-22,P19,Tahu Isi,51,0
2026-01-22,P20,Tempe Goreng,45,0
2026-01-22,P21,Roti Bakar Coklat,38,0
2026-01-22,P22,Telur Dadar,64,0
2026-01-22,P23,Capcay,52,0
2026-01-22,P24,Nasi Goreng Seafood,42,0
2026-01-22,P25,Bakso Urat,68,0
2026-01-23,P01,Nasi Goreng Spesial,91,0
2026-01-23,P02,Mie Goreng Ayam,64,0
2026-01-23,P03,Nasi Kuning,50,0
2026-01-23,P04,Nasi Uduk,48,0
2026-01-23,P05,Mie Ayam Bakso,59,0
2026-01-23,P06,Soto Ayam,40,0
2026-01-23,P07,Ayam Geprek,50,0
2026-01-23,P08,Es Teh Manis,98,0
2026-01-23,P09,Es Jeruk,73,0
2026-01-23,P10,Kopi Hitam,64,0
2026-01-23,P11,Teh Anget,37,0
2026-01-23,P12,Jus Alpukat,34,0
2026-01-23,P13,Es Campur,23,0
2026-01-23,P14,Kerupuk,109,0
2026-01-23,P15,Kue Lumpur,27,0
2026-01-23,P16,Pisang Goreng,39,0
2026-01-23,P17,Lemper,29,0
2026-01-23,P18,Serabi,24,0
2026-01-23,P19,Tahu Isi,43,0
2026-01-23,P20,Tempe Goreng,37,0
2026-01-23,P21,Roti Bakar Coklat,28,0
2026-01-23,P22,Telur Dadar,55,0
2026-01-23,P23,Capcay,37,0
2026-01-23,P24,Nasi Goreng Seafood,34,0
2026-01-23,P25,Bakso Urat,59,0
2026-01-24,P01,Nasi Goreng Spesial,99,0
2026-01-24,P02,Mie Goreng Ayam,93,0
2026-01-24,P03,Nasi Kuning,54,0
2026-01-24,P04,Nasi Uduk,53,0
2026-01-24,P05,Mie Ayam Bakso,63,0
2026-01-24,P06,Soto Ayam,47,0
2026-01-24,P07,Ayam Geprek,64,0
2026-01-24,P08,Es Teh Manis,118,0
2026-01-24,P09,Es Jeruk,92,0
2026-01-24,P10,Kopi Hitam,73,0
2026-01-24,P11,Teh Anget,61,0
2026-01-24,P12,Jus Alpukat,34,0
2026-01-24,P13,Es Campur,31,0
2026-01-24,P14,Kerupuk,126,0
2026-01-24,P15,Kue Lumpur,37,0
2026-01-24,P16,Pisang Goreng,61,0
2026-01-24,P17,Lemper,36,0
2026-01-24,P18,Serabi,33,0
2026-01-24,P19,Tahu Isi,50,0
2026-01-24,P20,Tempe Goreng,47,0
2026-01-24,P21,Roti Bakar Coklat,33,0
2026-01-24,P22,Telur Dadar,59,0
2026-01-24,P23,Capcay,46,0
2026-01-24,P24,Nasi Goreng Seafood,41,0
2026-01-24,P25,Bakso Urat,50,0
2026-01-25,P01,Nasi Goreng Spesial,90,0
2026-01-25,P02,Mie Goreng Ayam,80,0
2026-01-25,P03,Nasi Kuning,66,0
2026-01-25,P04,Nasi Uduk,50,0
2026-01-25,P05,Mie Ayam Bakso,71,0
2026-01-25,P06,Soto Ayam,50,0
2026-01-25,P07,Ayam Geprek,58,0
2026-01-25,P08,Es Teh Manis,118,0
2026-01-25,P09,Es Jeruk,90,0
2026-01-25,P10,Kopi Hitam,59,0
2026-01-25,P11,Teh Anget,66,0
2026-01-25,P12,Jus Alpukat,36,0
2026-01-25,P13,Es Campur,32,0
2026-01-25,P14,Kerupuk,129,0
2026-01-25,P15,Kue Lumpur,34,0
2026-01-25,P16,Pisang Goreng,56,0
2026-01-25,P17,Lemper,44,0
2026-01-25,P18,Serabi,30,0
2026-01-25,P19,Tahu Isi,54,0
2026-01-25,P20,Tempe Goreng,45,0
2026-01-25,P21,Roti Bakar Coklat,39,0
2026-01-25,P22,Telur Dadar,63,0
2026-01-25,P23,Capcay,40,0
2026-01-25,P24,Nasi Goreng Seafood,41,0
2026-01-25,P25,Bakso Urat,49,0
2026-01-26,P01,Nasi Goreng Spesial,66,0
2026-01-26,P02,Mie Goreng Ayam,56,0
2026-01-26,P03,Nasi Kuning,55,0
2026-01-26,P04,Nasi Uduk,46,0
2026-01-26,P05,Mie Ayam Bakso,57,0
2026-01-26,P06,Soto Ayam,42,0
2026-01-26,P07,Ayam Geprek,57,0
2026-01-26,P08,Es Teh Manis,106,0
2026-01-26,P09,Es Jeruk,58,0
2026-01-26,P10,Kopi Hitam,64,0
2026-01-26,P11,Teh Anget,51,0
2026-01-26,P12,Jus Alpukat,33,0
2026-01-26,P13,Es Campur,22,0
2026-01-26,P14,Kerupuk,92,0
2026-01-26,P15,Kue Lumpur,30,0
2026-01-26,P16,Pisang Goreng,41,0
2026-01-26,P17,Lemper,25,0
2026-01-26,P18,Serabi,25,0
2026-01-26,P19,Tahu Isi,45,0
2026-01-26,P20,Tempe Goreng,36,0
2026-01-26,P21,Roti Bakar Coklat,30,0
2026-01-26,P22,Telur Dadar,50,0
2026-01-26,P23,Capcay,36,0
2026-01-26,P24,Nasi Goreng Seafood,33,0
2026-01-26,P25,Bakso Urat,50,0
2026-01-27,P01,Nasi Goreng Spesial,108,0
2026-01-27,P02,Mie Goreng Ayam,92,0
2026-01-27,P03,Nasi Kuning,67,0
2026-01-27,P04,Nasi Uduk,69,0
2026-01-27,P05,Mie Ayam Bakso,74,0
2026-01-27,P06,Soto Ayam,58,0
2026-01-27,P07,Ayam Geprek,76,0
2026-01-27,P08,Es Teh Manis,200,0
2026-01-27,P09,Es Jeruk,147,0
2026-01-27,P10,Kopi Hitam,103,0
2026-01-27,P11,Teh Anget,98,0
2026-01-27,P12,Jus Alpukat,52,0
2026-01-27,P13,Es Campur,49,0
2026-01-27,P14,Kerupuk,123,0
2026-01-27,P15,Kue Lumpur,39,0
2026-01-27,P16,Pisang Goreng,60,0
2026-01-27,P17,Lemper,50,0
2026-01-27,P18,Serabi,34,0
2026-01-27,P19,Tahu Isi,58,0
2026-01-27,P20,Tempe Goreng,47,0
2026-01-27,P21,Roti Bakar Coklat,42,0
2026-01-27,P22,Telur Dadar,78,0
2026-01-27,P23,Capcay,55,0
2026-01-27,P24,Nasi Goreng Seafood,42,0
2026-01-27,P25,Bakso Urat,62,0
2026-01-28,P01,Nasi Goreng Spesial,113,0
2026-01-28,P02,Mie Goreng Ayam,90,0
2026-01-28,P03,Nasi Kuning,71,0
2026-01-28,P04,Nasi Uduk,64,0
2026-01-28,P05,Mie Ayam Bakso,86,0
2026-01-28,P06,Soto Ayam,62,0
2026-01-28,P07,Ayam Geprek,74,0
2026-01-28,P08,Es Teh Manis,223,0
2026-01-28,P09,Es Jeruk,142,0
2026-01-28,P10,Kopi Hitam,128,0
2026-01-28,P11,Teh Anget,99,0
2026-01-28,P12,Jus Alpukat,59,0
2026-01-28,P13,Es Campur,50,0
2026-01-28,P14,Kerupuk,150,0
2026-01-28,P15,Kue Lumpur,42,0
2026-01-28,P16,Pisang Goreng,69,0
2026-01-28,P17,Lemper,53,0
2026-01-28,P18,Serabi,34,0
2026-01-28,P19,Tahu Isi,62,0
2026-01-28,P20,Tempe Goreng,56,0
2026-01-28,P21,Roti Bakar Coklat,43,0
2026-01-28,P22,Telur Dadar,72,0
2026-01-28,P23,Capcay,54,0
2026-01-28,P24,Nasi Goreng Seafood,47,0
2026-01-28,P25,Bakso Urat,65,0
2026-01-29,P01,Nasi Goreng Spesial,126,0
2026-01-29,P02,Mie Goreng Ayam,119,0
2026-01-29,P03,Nasi Kuning,81,0
2026-01-29,P04,Nasi Uduk,72,0
2026-01-29,P05,Mie Ayam Bakso,98,0
2026-01-29,P06,Soto Ayam,68,0
2026-01-29,P07,Ayam Geprek,95,0
2026-01-29,P08,Es Teh Manis,292,0
2026-01-29,P09,Es Jeruk,188,0
2026-01-29,P10,Kopi Hitam,148,0
2026-01-29,P11,Teh Anget,124,0
2026-01-29,P12,Jus Alpukat,71,0
2026-01-29,P13,Es Campur,69,0
2026-01-29,P14,Kerupuk,168,0
2026-01-29,P15,Kue Lumpur,45,0
2026-01-29,P16,Pisang Goreng,71,0
2026-01-29,P17,Lemper,56,0
2026-01-29,P18,Serabi,40,0
2026-01-29,P19,Tahu Isi,69,0
2026-01-29,P20,Tempe Goreng,61,0
2026-01-29,P21,Roti Bakar Coklat,49,0
2026-01-29,P22,Telur Dadar,81,0
2026-01-29,P23,Capcay,61,0
2026-01-29,P24,Nasi Goreng Seafood,49,0
2026-01-29,P25,Bakso Urat,76,0
2026-01-30,P01,Nasi Goreng Spesial,125,0
2026-01-30,P02,Mie Goreng Ayam,106,0
2026-01-30,P03,Nasi Kuning,67,0
2026-01-30,P04,Nasi Uduk,64,0
2026-01-30,P05,Mie Ayam Bakso,76,0
2026-01-30,P06,Soto Ayam,55,0
2026-01-30,P07,Ayam Geprek,67,0
2026-01-30,P08,Es Teh Manis,202,0
2026-01-30,P09,Es Jeruk,163,1
2026-01-30,P10,Kopi Hitam,122,0
2026-01-30,P11,Teh Anget,102,0
2026-01-30,P12,Jus Alpukat,58,0
2026-01-30,P13,Es Campur,55,0
2026-01-30,P14,Kerupuk,120,0
2026-01-30,P15,Kue Lumpur,37,0
2026-01-30,P16,Pisang Goreng,56,0
2026-01-30,P17,Lemper,49,0
2026-01-30,P18,Serabi,29,0
2026-01-30,P19,Tahu Isi,51,0
2026-01-30,P20,Tempe Goreng,43,0
2026-01-30,P21,Roti Bakar Coklat,37,0
2026-01-30,P22,Telur Dadar,65,0
2026-01-30,P23,Capcay,54,0
2026-01-30,P24,Nasi Goreng Seafood,44,0
2026-01-30,P25,Bakso Urat,60,0
2026-01-31,P01,Nasi Goreng Spesial,139,0
2026-01-31,P02,Mie Goreng Ayam,125,0
2026-01-31,P03,Nasi Kuning,88,1
2026-01-31,P04,Nasi Uduk,85,0
2026-01-31,P05,Mie Ayam Bakso,107,0
2026-01-31,P06,Soto Ayam,81,0
2026-01-31,P07,Ayam Geprek,101,0
2026-01-31,P08,Es Teh Manis,236,0
2026-01-31,P09,Es Jeruk,168,0
2026-01-31,P10,Kopi Hitam,128,0
2026-01-31,P11,Teh Anget,115,1
2026-01-31,P12,Jus Alpukat,66,0
2026-01-31,P13,Es Campur,59,0
2026-01-31,P14,Kerupuk,181,1
2026-01-31,P15,Kue Lumpur,53,0
2026-01-31,P16,Pisang Goreng,84,0
2026-01-31,P17,Lemper,66,0
2026-01-31,P18,Serabi,44,0
2026-01-31,P19,Tahu Isi,80,0
2026-01-31,P20,Tempe Goreng,74,0
2026-01-31,P21,Roti Bakar Coklat,58,0
2026-01-31,P22,Telur Dadar,104,0
2026-01-31,P23,Capcay,68,0
2026-01-31,P24,Nasi Goreng Seafood,59,0
2026-01-31,P25,Bakso Urat,89,0
2026-02-01,P01,Nasi Goreng Spesial,89,0
2026-02-01,P02,Mie Goreng Ayam,77,0
2026-02-01,P03,Nasi Kuning,66,0
2026-02-01,P04,Nasi Uduk,48,0
2026-02-01,P05,Mie Ayam Bakso,68,0
2026-02-01,P06,Soto Ayam,44,0
2026-02-01,P07,Ayam Geprek,67,0
2026-02-01,P08,Es Teh Manis,104,0
2026-02-01,P09,Es Jeruk,78,0
2026-02-01,P10,Kopi Hitam,54,0
2026-02-01,P11,Teh Anget,61,0
2026-02-01,P12,Jus Alpukat,32,0
2026-02-01,P13,Es Campur,28,0
2026-02-01,P14,Kerupuk,131,0
2026-02-01,P15,Kue Lumpur,32,0
2026-02-01,P16,Pisang Goreng,54,0
2026-02-01,P17,Lemper,41,0
2026-02-01,P18,Serabi,26,0
2026-02-01,P19,Tahu Isi,44,0
2026-02-01,P20,Tempe Goreng,43,0
2026-02-01,P21,Roti Bakar Coklat,32,0
2026-02-01,P22,Telur Dadar,57,0
2026-02-01,P23,Capcay,46,0
2026-02-01,P24,Nasi Goreng Seafood,41,0
2026-02-01,P25,Bakso Urat,62,0
2026-02-02,P01,Nasi Goreng Spesial,71,0
2026-02-02,P02,Mie Goreng Ayam,51,0
2026-02-02,P03,Nasi Kuning,50,0
2026-02-02,P04,Nasi Uduk,51,0
2026-02-02,P05,Mie Ayam Bakso,60,0
2026-02-02,P06,Soto Ayam,43,0
2026-02-02,P07,Ayam Geprek,53,0
2026-02-02,P08,Es Teh Manis,102,0
2026-02-02,P09,Es Jeruk,68,0
2026-02-02,P10,Kopi Hitam,49,0
2026-02-02,P11,Teh Anget,50,0
2026-02-02,P12,Jus Alpukat,30,0
2026-02-02,P13,Es Campur,23,0
2026-02-02,P14,Kerupuk,99,0
2026-02-02,P15,Kue Lumpur,25,0
2026-02-02,P16,Pisang Goreng,40,0
2026-02-02,P17,Lemper,34,0
2026-02-02,P18,Serabi,24,0
2026-02-02,P19,Tahu Isi,38,0
2026-02-02,P20,Tempe Goreng,34,0
2026-02-02,P21,Roti Bakar Coklat,28,0
2026-02-02,P22,Telur Dadar,37,0
2026-02-02,P23,Capcay,32,0
2026-02-02,P24,Nasi Goreng Seafood,27,0
2026-02-02,P25,Bakso Urat,42,0
2026-02-03,P01,Nasi Goreng Spesial,105,0
2026-02-03,P02,Mie Goreng Ayam,89,0
2026-02-03,P03,Nasi Kuning,64,0
2026-02-03,P04,Nasi Uduk,69,0
2026-02-03,P05,Mie Ayam Bakso,79,0
2026-02-03,P06,Soto Ayam,52,0
2026-02-03,P07,Ayam Geprek,65,0
2026-02-03,P08,Es Teh Manis,195,0
2026-02-03,P09,Es Jeruk,122,0
2026-02-03,P10,Kopi Hitam,122,0
2026-02-03,P11,Teh Anget,91,0
2026-02-03,P12,Jus Alpukat,55,0
2026-02-03,P13,Es Campur,48,0
2026-02-03,P14,Kerupuk,140,0
2026-02-03,P15,Kue Lumpur,31,0
2026-02-03,P16,Pisang Goreng,54,0
2026-02-03,P17,Lemper,46,0
2026-02-03,P18,Serabi,36,0
2026-02-03,P19,Tahu Isi,49,0
2026-02-03,P20,Tempe Goreng,42,0
2026-02-03,P21,Roti Bakar Coklat,38,0
2026-02-03,P22,Telur Dadar,69,0
2026-02-03,P23,Capcay,50,0
2026-02-03,P24,Nasi Goreng Seafood,44,0
2026-02-03,P25,Bakso Urat,53,0
2026-02-04,P01,Nasi Goreng Spesial,77,0
2026-02-04,P02,Mie Goreng Ayam,51,0
2026-02-04,P03,Nasi Kuning,47,0
2026-02-04,P04,Nasi Uduk,45,0
2026-02-04,P05,Mie Ayam Bakso,62,0
2026-02-04,P06,Soto Ayam,41,0
2026-02-04,P07,Ayam Geprek,58,0
2026-02-04,P08,Es Teh Manis,90,0
2026-02-04,P09,Es Jeruk,70,0
2026-02-04,P10,Kopi Hitam,39,0
2026-02-04,P11,Teh Anget,45,0
2026-02-04,P12,Jus Alpukat,28,0
2026-02-04,P13,Es Campur,26,0
2026-02-04,P14,Kerupuk,79,0
2026-02-04,P15,Kue Lumpur,26,0
2026-02-04,P16,Pisang Goreng,42,0
2026-02-04,P17,Lemper,30,0
2026-02-04,P18,Serabi,25,0
2026-02-04,P19,Tahu Isi,38,0
2026-02-04,P20,Tempe Goreng,35,0
2026-02-04,P21,Roti Bakar Coklat,26,0
2026-02-04,P22,Telur Dadar,51,0
2026-02-04,P23,Capcay,39,0
2026-02-04,P24,Nasi Goreng Seafood,30,0
2026-02-04,P25,Bakso Urat,55,0
2026-02-05,P01,Nasi Goreng Spesial,67,0
2026-02-05,P02,Mie Goreng Ayam,38,0
2026-02-05,P03,Nasi Kuning,39,0
2026-02-05,P04,Nasi Uduk,31,0
2026-02-05,P05,Mie Ayam Bakso,53,0
2026-02-05,P06,Soto Ayam,31,0
2026-02-05,P07,Ayam Geprek,49,0
2026-02-05,P08,Es Teh Manis,58,0
2026-02-05,P09,Es Jeruk,54,0
2026-02-05,P10,Kopi Hitam,41,0
2026-02-05,P11,Teh Anget,51,0
2026-02-05,P12,Jus Alpukat,25,0
2026-02-05,P13,Es Campur,22,0
2026-02-05,P14,Kerupuk,98,0
2026-02-05,P15,Kue Lumpur,23,0
2026-02-05,P16,Pisang Goreng,35,0
2026-02-05,P17,Lemper,25,0
2026-02-05,P18,Serabi,20,0
2026-02-05,P19,Tahu Isi,21,0
2026-02-05,P20,Tempe Goreng,29,0
2026-02-05,P21,Roti Bakar Coklat,23,0
2026-02-05,P22,Telur Dadar,38,0
2026-02-05,P23,Capcay,24,0
2026-02-05,P24,Nasi Goreng Seafood,25,0
2026-02-05,P25,Bakso Urat,29,0
2026-02-06,P01,Nasi Goreng Spesial,118,0
2026-02-06,P02,Mie Goreng Ayam,89,0
2026-02-06,P03,Nasi Kuning,65,0
2026-02-06,P04,Nasi Uduk,56,0
2026-02-06,P05,Mie Ayam Bakso,80,0
2026-02-06,P06,Soto Ayam,63,0
2026-02-06,P07,Ayam Geprek,73,0
2026-02-06,P08,Es Teh Manis,187,0
2026-02-06,P09,Es Jeruk,143,0
2026-02-06,P10,Kopi Hitam,110,0
2026-02-06,P11,Teh Anget,105,0
2026-02-06,P12,Jus Alpukat,61,0
2026-02-06,P13,Es Campur,47,0
2026-02-06,P14,Kerupuk,134,0
2026-02-06,P15,Kue Lumpur,37,0
2026-02-06,P16,Pisang Goreng,57,0
2026-02-06,P17,Lemper,45,0
2026-02-06,P18,Serabi,36,0
2026-02-06,P19,Tahu Isi,56,0
2026-02-06,P20,Tempe Goreng,49,0
2026-02-06,P21,Roti Bakar Coklat,33,0
2026-02-06,P22,Telur Dadar,66,0
2026-02-06,P23,Capcay,54,0
2026-02-06,P24,Nasi Goreng Seafood,42,0
2026-02-06,P25,Bakso Urat,69,0
2026-02-07,P01,Nasi Goreng Spesial,160,0
2026-02-07,P02,Mie Goreng Ayam,148,0
2026-02-07,P03,Nasi Kuning,95,0
2026-02-07,P04,Nasi Uduk,95,0
2026-02-07,P05,Mie Ayam Bakso,118,0
2026-02-07,P06,Soto Ayam,84,0
2026-02-07,P07,Ayam Geprek,114,0
2026-02-07,P08,Es Teh Manis,206,0
2026-02-07,P09,Es Jeruk,170,0
2026-02-07,P10,Kopi Hitam,114,0
2026-02-07,P11,Teh Anget,97,0
2026-02-07,P12,Jus Alpukat,58,0
2026-02-07,P13,Es Campur,55,0
2026-02-07,P14,Kerupuk,214,1
2026-02-07,P15,Kue Lumpur,65,0
2026-02-07,P16,Pisang Goreng,107,0
2026-02-07,P17,Lemper,59,1
2026-02-07,P18,Serabi,56,0
2026-02-07,P19,Tahu Isi,87,1
2026-02-07,P20,Tempe Goreng,82,1
2026-02-07,P21,Roti Bakar Coklat,52,1
2026-02-07,P22,Telur Dadar,95,0
2026-02-07,P23,Capcay,85,0
2026-02-07,P24,Nasi Goreng Seafood,61,1
2026-02-07,P25,Bakso Urat,88,0
2026-02-08,P01,Nasi Goreng Spesial,202,1
2026-02-08,P02,Mie Goreng Ayam,190,1
2026-02-08,P03,Nasi Kuning,100,1
2026-02-08,P04,Nasi Uduk,119,1
2026-02-08,P05,Mie Ayam Bakso,109,1
2026-02-08,P06,Soto Ayam,116,1
2026-02-08,P07,Ayam Geprek,162,1
2026-02-08,P08,Es Teh Manis,230,1
2026-02-08,P09,Es Jeruk,162,1
2026-02-08,P10,Kopi Hitam,208,1
2026-02-08,P11,Teh Anget,182,1
2026-02-08,P12,Jus Alpukat,97,1
2026-02-08,P13,Es Campur,77,1
2026-02-08,P14,Kerupuk,275,1
2026-02-08,P15,Kue Lumpur,60,1
2026-02-08,P16,Pisang Goreng,141,1
2026-02-08,P17,Lemper,95,1
2026-02-08,P18,Serabi,73,1
2026-02-08,P19,Tahu Isi,120,1
2026-02-08,P20,Tempe Goreng,112,1
2026-02-08,P21,Roti Bakar Coklat,51,1
2026-02-08,P22,Telur Dadar,147,1
2026-02-08,P23,Capcay,75,1
2026-02-08,P24,Nasi Goreng Seafood,72,1
2026-02-08,P25,Bakso Urat,100,1
2026-02-09,P01,Nasi Goreng Spesial,158,1
2026-02-09,P02,Mie Goreng Ayam,204,1
2026-02-09,P03,Nasi Kuning,88,1
2026-02-09,P04,Nasi Uduk,123,1
2026-02-09,P05,Mie Ayam Bakso,136,1
2026-02-09,P06,Soto Ayam,117,1
2026-02-09,P07,Ayam Geprek,106,1
2026-02-09,P08,Es Teh Manis,384,1
2026-02-09,P09,Es Jeruk,276,1
2026-02-09,P10,Kopi Hitam,147,1
2026-02-09,P11,Teh Anget,125,1
2026-02-09,P12,Jus Alpukat,113,1
2026-02-09,P13,Es Campur,76,1
2026-02-09,P14,Kerupuk,285,1
2026-02-09,P15,Kue Lumpur,83,1
2026-02-09,P16,Pisang Goreng,96,1
2026-02-09,P17,Lemper,63,1
2026-02-09,P18,Serabi,54,1
2026-02-09,P19,Tahu Isi,104,1
2026-02-09,P20,Tempe Goreng,88,1
2026-02-09,P21,Roti Bakar Coklat,79,1
2026-02-09,P22,Telur Dadar,122,1
2026-02-09,P23,Capcay,105,1
2026-02-09,P24,Nasi Goreng Seafood,60,1
2026-02-09,P25,Bakso Urat,104,1
2026-02-10,P01,Nasi Goreng Spesial,183,1
2026-02-10,P02,Mie Goreng Ayam,163,1
2026-02-10,P03,Nasi Kuning,124,0
2026-02-10,P04,Nasi Uduk,92,1
2026-02-10,P05,Mie Ayam Bakso,123,1
2026-02-10,P06,Soto Ayam,97,1
2026-02-10,P07,Ayam Geprek,133,1
2026-02-10,P08,Es Teh Manis,393,0
2026-02-10,P09,Es Jeruk,198,1
2026-02-10,P10,Kopi Hitam,188,1
2026-02-10,P11,Teh Anget,186,1
2026-02-10,P12,Jus Alpukat,100,1
2026-02-10,P13,Es Campur,71,1
2026-02-10,P14,Kerupuk,225,1
2026-02-10,P15,Kue Lumpur,73,0
2026-02-10,P16,Pisang Goreng,104,1
2026-02-10,P17,Lemper,67,1
2026-02-10,P18,Serabi,60,1
2026-02-10,P19,Tahu Isi,80,1
2026-02-10,P20,Tempe Goreng,90,0
2026-02-10,P21,Roti Bakar Coklat,75,0
2026-02-10,P22,Telur Dadar,126,0
2026-02-10,P23,Capcay,90,0
2026-02-10,P24,Nasi Goreng Seafood,80,0
2026-02-10,P25,Bakso Urat,115,0
2026-02-11,P01,Nasi Goreng Spesial,122,0
2026-02-11,P02,Mie Goreng Ayam,104,0
2026-02-11,P03,Nasi Kuning,79,0
2026-02-11,P04,Nasi Uduk,76,0
2026-02-11,P05,Mie Ayam Bakso,87,0
2026-02-11,P06,Soto Ayam,58,0
2026-02-11,P07,Ayam Geprek,75,0
2026-02-11,P08,Es Teh Manis,339,0
2026-02-11,P09,Es Jeruk,229,0
2026-02-11,P10,Kopi Hitam,164,1
2026-02-11,P11,Teh Anget,128,1
2026-02-11,P12,Jus Alpukat,77,1
2026-02-11,P13,Es Campur,83,0
2026-02-11,P14,Kerupuk,152,0
2026-02-11,P15,Kue Lumpur,39,0
2026-02-11,P16,Pisang Goreng,59,0
2026-02-11,P17,Lemper,46,0
2026-02-11,P18,Serabi,33,0
2026-02-11,P19,Tahu Isi,55,0
2026-02-11,P20,Tempe Goreng,61,0
2026-02-11,P21,Roti Bakar Coklat,36,0
2026-02-11,P22,Telur Dadar,79,0
2026-02-11,P23,Capcay,61,0
2026-02-11,P24,Nasi Goreng Seafood,54,0
2026-02-11,P25,Bakso Urat,71,0
2026-02-12,P01,Nasi Goreng Spesial,121,0
2026-02-12,P02,Mie Goreng Ayam,88,0
2026-02-12,P03,Nasi Kuning,73,0
2026-02-12,P04,Nasi Uduk,67,0
2026-02-12,P05,Mie Ayam Bakso,81,0
2026-02-12,P06,Soto Ayam,57,0
2026-02-12,P07,Ayam Geprek,71,0
2026-02-12,P08,Es Teh Manis,203,0
2026-02-12,P09,Es Jeruk,146,0
2026-02-12,P10,Kopi Hitam,117,0
2026-02-12,P11,Teh Anget,105,0
2026-02-12,P12,Jus Alpukat,57,0
2026-02-12,P13,Es Campur,51,0
2026-02-12,P14,Kerupuk,119,0
2026-02-12,P15,Kue Lumpur,41,0
2026-02-12,P16,Pisang Goreng,64,0
2026-02-12,P17,Lemper,48,0
2026-02-12,P18,Serabi,36,0
2026-02-12,P19,Tahu Isi,59,0
2026-02-12,P20,Tempe Goreng,53,0
2026-02-12,P21,Roti Bakar Coklat,41,0
2026-02-12,P22,Telur Dadar,72,0
2026-02-12,P23,Capcay,45,0
2026-02-12,P24,Nasi Goreng Seafood,42,0
2026-02-12,P25,Bakso Urat,57,0
2026-02-13,P01,Nasi Goreng Spesial,129,0
2026-02-13,P02,Mie Goreng Ayam,96,0
2026-02-13,P03,Nasi Kuning,68,0
2026-02-13,P04,Nasi Uduk,65,0
2026-02-13,P05,Mie Ayam Bakso,77,0
2026-02-13,P06,Soto Ayam,58,0
2026-02-13,P07,Ayam Geprek,79,0
2026-02-13,P08,Es Teh Manis,335,1
2026-02-13,P09,Es Jeruk,238,0
2026-02-13,P10,Kopi Hitam,157,1
2026-02-13,P11,Teh Anget,164,0
2026-02-13,P12,Jus Alpukat,80,1
2026-02-13,P13,Es Campur,77,1
2026-02-13,P14,Kerupuk,136,0
2026-02-13,P15,Kue Lumpur,45,0
2026-02-13,P16,Pisang Goreng,67,0
2026-02-13,P17,Lemper,51,0
2026-02-13,P18,Serabi,33,0
2026-02-13,P19,Tahu Isi,61,0
2026-02-13,P20,Tempe Goreng,57,0
2026-02-13,P21,Roti Bakar Coklat,37,0
2026-02-13,P22,Telur Dadar,81,0
2026-02-13,P23,Capcay,52,0
2026-02-13,P24,Nasi Goreng Seafood,51,0
2026-02-13,P25,Bakso Urat,77,0
2026-02-14,P01,Nasi Goreng Spesial,116,0
2026-02-14,P02,Mie Goreng Ayam,117,0
2026-02-14,P03,Nasi Kuning,81,0
2026-02-14,P04,Nasi Uduk,76,1
2026-02-14,P05,Mie Ayam Bakso,99,0
2026-02-14,P06,Soto Ayam,71,0
2026-02-14,P07,Ayam Geprek,86,0
2026-02-14,P08,Es Teh Manis,239,0
2026-02-14,P09,Es Jeruk,152,0
2026-02-14,P10,Kopi Hitam,132,0
2026-02-14,P11,Teh Anget,116,0
2026-02-14,P12,Jus Alpukat,67,0
2026-02-14,P13,Es Campur,58,0
2026-02-14,P14,Kerupuk,167,0
2026-02-14,P15,Kue Lumpur,52,0
2026-02-14,P16,Pisang Goreng,76,0
2026-02-14,P17,Lemper,52,0
2026-02-14,P18,Serabi,41,1
2026-02-14,P19,Tahu Isi,66,0
2026-02-14,P20,Tempe Goreng,68,0
2026-02-14,P21,Roti Bakar Coklat,48,0
2026-02-14,P22,Telur Dadar,81,0
2026-02-14,P23,Capcay,66,0
2026-02-14,P24,Nasi Goreng Seafood,49,0
2026-02-14,P25,Bakso Urat,69,0
2026-02-15,P01,Nasi Goreng Spesial,135,0
2026-02-15,P02,Mie Goreng Ayam,112,0
2026-02-15,P03,Nasi Kuning,79,0
2026-02-15,P04,Nasi Uduk,75,0
2026-02-15,P05,Mie Ayam Bakso,93,0
2026-02-15,P06,Soto Ayam,68,0
2026-02-15,P07,Ayam Geprek,88,0
2026-02-15,P08,Es Teh Manis,240,0
2026-02-15,P09,Es Jeruk,166,0
2026-02-15,P10,Kopi Hitam,125,0
2026-02-15,P11,Teh Anget,120,0
2026-02-15,P12,Jus Alpukat,70,0
2026-02-15,P13,Es Campur,54,0
2026-02-15,P14,Kerupuk,175,0
2026-02-15,P15,Kue Lumpur,48,0
2026-02-15,P16,Pisang Goreng,72,0
2026-02-15,P17,Lemper,52,0
2026-02-15,P18,Serabi,40,0
2026-02-15,P19,Tahu Isi,66,0
2026-02-15,P20,Tempe Goreng,59,0
2026-02-15,P21,Roti Bakar Coklat,53,0
2026-02-15,P22,Telur Dadar,83,0
2026-02-15,P23,Capcay,68,0
2026-02-15,P24,Nasi Goreng Seafood,55,0
2026-02-15,P25,Bakso Urat,77,0
2026-02-16,P01,Nasi Goreng Spesial,97,0
2026-02-16,P02,Mie Goreng Ayam,79,0
2026-02-16,P03,Nasi Kuning,64,0
2026-02-16,P04,Nasi Uduk,55,0
2026-02-16,P05,Mie Ayam Bakso,83,0
2026-02-16,P06,Soto Ayam,50,0
2026-02-16,P07,Ayam Geprek,66,0
2026-02-16,P08,Es Teh Manis,216,0
2026-02-16,P09,Es Jeruk,154,0
2026-02-16,P10,Kopi Hitam,122,0
2026-02-16,P11,Teh Anget,104,0
2026-02-16,P12,Jus Alpukat,58,0
2026-02-16,P13,Es Campur,52,0
2026-02-16,P14,Kerupuk,147,0
2026-02-16,P15,Kue Lumpur,42,0
2026-02-16,P16,Pisang Goreng,62,0
2026-02-16,P17,Lemper,46,0
2026-02-16,P18,Serabi,34,0
2026-02-16,P19,Tahu Isi,48,0
2026-02-16,P20,Tempe Goreng,48,0
2026-02-16,P21,Roti Bakar Coklat,41,0
2026-02-16,P22,Telur Dadar,68,0
2026-02-16,P23,Capcay,48,0
2026-02-16,P24,Nasi Goreng Seafood,48,0
2026-02-16,P25,Bakso Urat,60,0
2026-02-17,P01,Nasi Goreng Spesial,67,0
2026-02-17,P02,Mie Goreng Ayam,57,0
2026-02-17,P03,Nasi Kuning,40,0
2026-02-17,P04,Nasi Uduk,26,0
2026-02-17,P05,Mie Ayam Bakso,52,0
2026-02-17,P06,Soto Ayam,38,0
2026-02-17,P07,Ayam Geprek,43,0
2026-02-17,P08,Es Teh Manis,79,0
2026-02-17,P09,Es Jeruk,56,0
2026-02-17,P10,Kopi Hitam,53,0
2026-02-17,P11,Teh Anget,37,0
2026-02-17,P12,Jus Alpukat,20,0
2026-02-17,P13,Es Campur,20,0
2026-02-17,P14,Kerupuk,78,0
2026-02-17,P15,Kue Lumpur,23,0
2026-02-17,P16,Pisang Goreng,28,0
2026-02-17,P17,Lemper,27,0
2026-02-17,P18,Serabi,22,0
2026-02-17,P19,Tahu Isi,36,0
2026-02-17,P20,Tempe Goreng,33,0
2026-02-17,P21,Roti Bakar Coklat,22,0
2026-02-17,P22,Telur Dadar,40,0
2026-02-17,P23,Capcay,33,0
2026-02-17,P24,Nasi Goreng Seafood,29,0
2026-02-17,P25,Bakso Urat,42,0
2026-02-18,P01,Nasi Goreng Spesial,102,0
2026-02-18,P02,Mie Goreng Ayam,100,0
2026-02-18,P03,Nasi Kuning,77,0
2026-02-18,P04,Nasi Uduk,68,0
2026-02-18,P05,Mie Ayam Bakso,96,0
2026-02-18,P06,Soto Ayam,63,0
2026-02-18,P07,Ayam Geprek,86,0
2026-02-18,P08,Es Teh Manis,262,0
2026-02-18,P09,Es Jeruk,160,0
2026-02-18,P10,Kopi Hitam,129,0
2026-02-18,P11,Teh Anget,108,0
2026-02-18,P12,Jus Alpukat,67,0
2026-02-18,P13,Es Campur,59,0
2026-02-18,P14,Kerupuk,145,0
2026-02-18,P15,Kue Lumpur,44,0
2026-02-18,P16,Pisang Goreng,68,0
2026-02-18,P17,Lemper,50,0
2026-02-18,P18,Serabi,43,0
2026-02-18,P19,Tahu Isi,67,0
2026-02-18,P20,Tempe Goreng,57,0
2026-02-18,P21,Roti Bakar Coklat,48,0
2026-02-18,P22,Telur Dadar,80,0
2026-02-18,P23,Capcay,53,0
2026-02-18,P24,Nasi Goreng Seafood,58,0
2026-02-18,P25,Bakso Urat,72,0
2026-02-19,P01,Nasi Goreng Spesial,131,0
2026-02-19,P02,Mie Goreng Ayam,100,0
2026-02-19,P03,Nasi Kuning,83,0
2026-02-19,P04,Nasi Uduk,68,0
2026-02-19,P05,Mie Ayam Bakso,91,0
2026-02-19,P06,Soto Ayam,66,0
2026-02-19,P07,Ayam Geprek,86,0
2026-02-19,P08,Es Teh Manis,203,0
2026-02-19,P09,Es Jeruk,147,0
2026-02-19,P10,Kopi Hitam,127,0
2026-02-19,P11,Teh Anget,102,0
2026-02-19,P12,Jus Alpukat,67,0
2026-02-19,P13,Es Campur,60,0
2026-02-19,P14,Kerupuk,145,0
2026-02-19,P15,Kue Lumpur,45,0
2026-02-19,P16,Pisang Goreng,78,0
2026-02-19,P17,Lemper,51,0
2026-02-19,P18,Serabi,37,0
2026-02-19,P19,Tahu Isi,68,0
2026-02-19,P20,Tempe Goreng,57,0
2026-02-19,P21,Roti Bakar Coklat,49,0
2026-02-19,P22,Telur Dadar,77,0
2026-02-19,P23,Capcay,58,0
2026-02-19,P24,Nasi Goreng Seafood,56,0
2026-02-19,P25,Bakso Urat,74,0
2026-02-20,P01,Nasi Goreng Spesial,194,0
2026-02-20,P02,Mie Goreng Ayam,128,1
2026-02-20,P03,Nasi Kuning,122,0
2026-02-20,P04,Nasi Uduk,105,1
2026-02-20,P05,Mie Ayam Bakso,128,1
2026-02-20,P06,Soto Ayam,99,1
2026-02-20,P07,Ayam Geprek,107,1
2026-02-20,P08,Es Teh Manis,336,1
2026-02-20,P09,Es Jeruk,237,0
2026-02-20,P10,Kopi Hitam,199,0
2026-02-20,P11,Teh Anget,157,0
2026-02-20,P12,Jus Alpukat,83,1
2026-02-20,P13,Es Campur,81,0
2026-02-20,P14,Kerupuk,225,0
2026-02-20,P15,Kue Lumpur,74,0
2026-02-20,P16,Pisang Goreng,100,1
2026-02-20,P17,Lemper,76,0
2026-02-20,P18,Serabi,50,1
2026-02-20,P19,Tahu Isi,85,1
2026-02-20,P20,Tempe Goreng,84,0
2026-02-20,P21,Roti Bakar Coklat,66,0
2026-02-20,P22,Telur Dadar,100,1
2026-02-20,P23,Capcay,71,1
2026-02-20,P24,Nasi Goreng Seafood,77,0
2026-02-20,P25,Bakso Urat,107,0
2026-02-21,P01,Nasi Goreng Spesial,155,1
2026-02-21,P02,Mie Goreng Ayam,130,0
2026-02-21,P03,Nasi Kuning,107,0
2026-02-21,P04,Nasi Uduk,97,0
2026-02-21,P05,Mie Ayam Bakso,117,0
2026-02-21,P06,Soto Ayam,77,0
2026-02-21,P07,Ayam Geprek,103,0
2026-02-21,P08,Es Teh Manis,168,0
2026-02-21,P09,Es Jeruk,141,0
2026-02-21,P10,Kopi Hitam,115,0
2026-02-21,P11,Teh Anget,93,0
2026-02-21,P12,Jus Alpukat,55,0
2026-02-21,P13,Es Campur,54,0
2026-02-21,P14,Kerupuk,214,0
2026-02-21,P15,Kue Lumpur,60,0
2026-02-21,P16,Pisang Goreng,97,0
2026-02-21,P17,Lemper,77,0
2026-02-21,P18,Serabi,50,1
2026-02-21,P19,Tahu Isi,86,0
2026-02-21,P20,Tempe Goreng,71,1
2026-02-21,P21,Roti Bakar Coklat,62,0
2026-02-21,P22,Telur Dadar,98,0
2026-02-21,P23,Capcay,73,0
2026-02-21,P24,Nasi Goreng Seafood,67,0
2026-02-21,P25,Bakso Urat,99,0
2026-02-22,P01,Nasi Goreng Spesial,265,1
2026-02-22,P02,Mie Goreng Ayam,135,1
2026-02-22,P03,Nasi Kuning,164,1
2026-02-22,P04,Nasi Uduk,136,1
2026-02-22,P05,Mie Ayam Bakso,126,1
2026-02-22,P06,Soto Ayam,98,1
2026-02-22,P07,Ayam Geprek,119,1
2026-02-22,P08,Es Teh Manis,422,1
2026-02-22,P09,Es Jeruk,280,1
2026-02-22,P10,Kopi Hitam,178,1
2026-02-22,P11,Teh Anget,123,1
2026-02-22,P12,Jus Alpukat,81,1
2026-02-22,P13,Es Campur,97,1
2026-02-22,P14,Kerupuk,203,1
2026-02-22,P15,Kue Lumpur,80,1
2026-02-22,P16,Pisang Goreng,132,1
2026-02-22,P17,Lemper,100,1
2026-02-22,P18,Serabi,52,1
2026-02-22,P19,Tahu Isi,109,1
2026-02-22,P20,Tempe Goreng,99,1
2026-02-22,P21,Roti Bakar Coklat,94,1
2026-02-22,P22,Telur Dadar,132,1
2026-02-22,P23,Capcay,95,1
2026-02-22,P24,Nasi Goreng Seafood,69,1
2026-02-22,P25,Bakso Urat,138,1
2026-02-23,P01,Nasi Goreng Spesial,245,1
2026-02-23,P02,Mie Goreng Ayam,183,1
2026-02-23,P03,Nasi Kuning,123,1
2026-02-23,P04,Nasi Uduk,132,1
2026-02-23,P05,Mie Ayam Bakso,149,1
2026-02-23,P06,Soto Ayam,110,1
2026-02-23,P07,Ayam Geprek,161,1
2026-02-23,P08,Es Teh Manis,350,1
2026-02-23,P09,Es Jeruk,314,1
2026-02-23,P10,Kopi Hitam,200,1
2026-02-23,P11,Teh Anget,215,1
2026-02-23,P12,Jus Alpukat,122,1
2026-02-23,P13,Es Campur,111,1
2026-02-23,P14,Kerupuk,312,1
2026-02-23,P15,Kue Lumpur,83,1
2026-02-23,P16,Pisang Goreng,126,1
2026-02-23,P17,Lemper,92,1
2026-02-23,P18,Serabi,55,1
2026-02-23,P19,Tahu Isi,93,1
2026-02-23,P20,Tempe Goreng,72,1
2026-02-23,P21,Roti Bakar Coklat,90,1
2026-02-23,P22,Telur Dadar,104,1
2026-02-23,P23,Capcay,106,1
2026-02-23,P24,Nasi Goreng Seafood,70,1
2026-02-23,P25,Bakso Urat,91,1
2026-02-24,P01,Nasi Goreng Spesial,138,0
2026-02-24,P02,Mie Goreng Ayam,117,0
2026-02-24,P03,Nasi Kuning,91,0
2026-02-24,P04,Nasi Uduk,74,0
2026-02-24,P05,Mie Ayam Bakso,96,0
2026-02-24,P06,Soto Ayam,74,0
2026-02-24,P07,Ayam Geprek,100,0
2026-02-24,P08,Es Teh Manis,166,0
2026-02-24,P09,Es Jeruk,109,0
2026-02-24,P10,Kopi Hitam,95,0
2026-02-24,P11,Teh Anget,75,0
2026-02-24,P12,Jus Alpukat,50,0
2026-02-24,P13,Es Campur,40,0
2026-02-24,P14,Kerupuk,183,0
2026-02-24,P15,Kue Lumpur,51,0
2026-02-24,P16,Pisang Goreng,84,0
2026-02-24,P17,Lemper,50,0
2026-02-24,P18,Serabi,39,0
2026-02-24,P19,Tahu Isi,77,0
2026-02-24,P20,Tempe Goreng,62,0
2026-02-24,P21,Roti Bakar Coklat,46,0
2026-02-24,P22,Telur Dadar,85,0
2026-02-24,P23,Capcay,65,0
2026-02-24,P24,Nasi Goreng Seafood,57,0
2026-02-24,P25,Bakso Urat,81,0
2026-02-25,P01,Nasi Goreng Spesial,124,0
2026-02-25,P02,Mie Goreng Ayam,94,0
2026-02-25,P03,Nasi Kuning,69,0
2026-02-25,P04,Nasi Uduk,62,0
2026-02-25,P05,Mie Ayam Bakso,85,0
2026-02-25,P06,Soto Ayam,59,0
2026-02-25,P07,Ayam Geprek,73,0
2026-02-25,P08,Es Teh Manis,145,0
2026-02-25,P09,Es Jeruk,93,0
2026-02-25,P10,Kopi Hitam,61,0
2026-02-25,P11,Teh Anget,70,0
2026-02-25,P12,Jus Alpukat,42,0
2026-02-25,P13,Es Campur,36,0
2026-02-25,P14,Kerupuk,139,0
2026-02-25,P15,Kue Lumpur,41,0
2026-02-25,P16,Pisang Goreng,69,0
2026-02-25,P17,Lemper,45,0
2026-02-25,P18,Serabi,37,0
2026-02-25,P19,Tahu Isi,53,0
2026-02-25,P20,Tempe Goreng,54,0
2026-02-25,P21,Roti Bakar Coklat,41,0
2026-02-25,P22,Telur Dadar,76,0
2026-02-25,P23,Capcay,50,0
2026-02-25,P24,Nasi Goreng Seafood,45,0
2026-02-25,P25,Bakso Urat,59,0
2026-02-26,P01,Nasi Goreng Spesial,189,1
2026-02-26,P02,Mie Goreng Ayam,159,0
2026-02-26,P03,Nasi Kuning,124,0
2026-02-26,P04,Nasi Uduk,109,0
2026-02-26,P05,Mie Ayam Bakso,110,1
2026-02-26,P06,Soto Ayam,100,0
2026-02-26,P07,Ayam Geprek,116,1
2026-02-26,P08,Es Teh Manis,320,1
2026-02-26,P09,Es Jeruk,253,0
2026-02-26,P10,Kopi Hitam,203,0
2026-02-26,P11,Teh Anget,160,0
2026-02-26,P12,Jus Alpukat,101,0
2026-02-26,P13,Es Campur,66,1
2026-02-26,P14,Kerupuk,201,1
2026-02-26,P15,Kue Lumpur,62,1
2026-02-26,P16,Pisang Goreng,106,1
2026-02-26,P17,Lemper,74,0
2026-02-26,P18,Serabi,60,0
2026-02-26,P19,Tahu Isi,100,0
2026-02-26,P20,Tempe Goreng,95,0
2026-02-26,P21,Roti Bakar Coklat,70,1
2026-02-26,P22,Telur Dadar,101,1
2026-02-26,P23,Capcay,90,0
2026-02-26,P24,Nasi Goreng Seafood,87,0
2026-02-26,P25,Bakso Urat,110,0
2026-02-27,P01,Nasi Goreng Spesial,142,0
2026-02-27,P02,Mie Goreng Ayam,125,0
2026-02-27,P03,Nasi Kuning,86,0
2026-02-27,P04,Nasi Uduk,82,0
2026-02-27,P05,Mie Ayam Bakso,93,0
2026-02-27,P06,Soto Ayam,68,0
2026-02-27,P07,Ayam Geprek,84,0
2026-02-27,P08,Es Teh Manis,180,0
2026-02-27,P09,Es Jeruk,133,0
2026-02-27,P10,Kopi Hitam,106,0
2026-02-27,P11,Teh Anget,98,0
2026-02-27,P12,Jus Alpukat,60,0
2026-02-27,P13,Es Campur,46,0
2026-02-27,P14,Kerupuk,165,0
2026-02-27,P15,Kue Lumpur,53,0
2026-02-27,P16,Pisang Goreng,84,0
2026-02-27,P17,Lemper,58,0
2026-02-27,P18,Serabi,44,0
2026-02-27,P19,Tahu Isi,74,0
2026-02-27,P20,Tempe Goreng,61,0
2026-02-27,P21,Roti Bakar Coklat,46,0
2026-02-27,P22,Telur Dadar,84,0
2026-02-27,P23,Capcay,62,0
2026-02-27,P24,Nasi Goreng Seafood,57,0
2026-02-27,P25,Bakso Urat,76,0
2026-02-28,P01,Nasi Goreng Spesial,229,0
2026-02-28,P02,Mie Goreng Ayam,181,1
2026-02-28,P03,Nasi Kuning,150,0
2026-02-28,P04,Nasi Uduk,114,1
2026-02-28,P05,Mie Ayam Bakso,166,1
2026-02-28,P06,Soto Ayam,118,1
2026-02-28,P07,Ayam Geprek,156,0
2026-02-28,P08,Es Teh Manis,353,1
2026-02-28,P09,Es Jeruk,208,1
2026-02-28,P10,Kopi Hitam,193,1
2026-02-28,P11,Teh Anget,205,0
2026-02-28,P12,Jus Alpukat,87,1
2026-02-28,P13,Es Campur,101,0
2026-02-28,P14,Kerupuk,310,0
2026-02-28,P15,Kue Lumpur,81,1
2026-02-28,P16,Pisang Goreng,122,1
2026-02-28,P17,Lemper,69,1
2026-02-28,P18,Serabi,73,0
2026-02-28,P19,Tahu Isi,125,0
2026-02-28,P20,Tempe Goreng,115,0
2026-02-28,P21,Roti Bakar Coklat,64,1
2026-02-28,P22,Telur Dadar,148,0
2026-02-28,P23,Capcay,93,1
2026-02-28,P24,Nasi Goreng Seafood,96,1
2026-02-28,P25,Bakso Urat,103,1
2026-03-01,P01,Nasi Goreng Spesial,202,1
2026-03-01,P02,Mie Goreng Ayam,204,0
2026-03-01,P03,Nasi Kuning,134,1
2026-03-01,P04,Nasi Uduk,117,1
2026-03-01,P05,Mie Ayam Bakso,158,1
2026-03-01,P06,Soto Ayam,124,0
2026-03-01,P07,Ayam Geprek,170,0
2026-03-01,P08,Es Teh Manis,456,0
2026-03-01,P09,Es Jeruk,250,1
2026-03-01,P10,Kopi Hitam,202,1
2026-03-01,P11,Teh Anget,154,1
2026-03-01,P12,Jus Alpukat,120,1
2026-03-01,P13,Es Campur,100,1
2026-03-01,P14,Kerupuk,253,1
2026-03-01,P15,Kue Lumpur,81,1
2026-03-01,P16,Pisang Goreng,104,1
2026-03-01,P17,Lemper,96,0
2026-03-01,P18,Serabi,58,1
2026-03-01,P19,Tahu Isi,104,1
2026-03-01,P20,Tempe Goreng,76,1
2026-03-01,P21,Roti Bakar Coklat,66,1
2026-03-01,P22,Telur Dadar,112,1
2026-03-01,P23,Capcay,111,0
2026-03-01,P24,Nasi Goreng Seafood,102,1
2026-03-01,P25,Bakso Urat,129,1
2026-03-02,P01,Nasi Goreng Spesial,140,0
2026-03-02,P02,Mie Goreng Ayam,121,0
2026-03-02,P03,Nasi Kuning,83,0
2026-03-02,P04,Nasi Uduk,66,0
2026-03-02,P05,Mie Ayam Bakso,100,0
2026-03-02,P06,Soto Ayam,71,0
2026-03-02,P07,Ayam Geprek,88,0
2026-03-02,P08,Es Teh Manis,166,0
2026-03-02,P09,Es Jeruk,122,0
2026-03-02,P10,Kopi Hitam,103,0
2026-03-02,P11,Teh Anget,87,0
2026-03-02,P12,Jus Alpukat,44,0
2026-03-02,P13,Es Campur,40,0
2026-03-02,P14,Kerupuk,187,0
2026-03-02,P15,Kue Lumpur,51,0
2026-03-02,P16,Pisang Goreng,81,0
2026-03-02,P17,Lemper,54,0
2026-03-02,P18,Serabi,44,0
2026-03-02,P19,Tahu Isi,72,0
2026-03-02,P20,Tempe Goreng,64,0
2026-03-02,P21,Roti Bakar Coklat,47,0
2026-03-02,P22,Telur Dadar,83,0
2026-03-02,P23,Capcay,72,0
2026-03-02,P24,Nasi Goreng Seafood,57,0
2026-03-02,P25,Bakso Urat,83,0
2026-03-03,P01,Nasi Goreng Spesial,191,0
2026-03-03,P02,Mie Goreng Ayam,147,0
2026-03-03,P03,Nasi Kuning,113,0
2026-03-03,P04,Nasi Uduk,105,0
2026-03-03,P05,Mie Ayam Bakso,115,1
2026-03-03,P06,Soto Ayam,100,0
2026-03-03,P07,Ayam Geprek,125,0
2026-03-03,P08,Es Teh Manis,406,0
2026-03-03,P09,Es Jeruk,242,1
2026-03-03,P10,Kopi Hitam,177,1
2026-03-03,P11,Teh Anget,134,1
2026-03-03,P12,Jus Alpukat,116,0
2026-03-03,P13,Es Campur,77,1
2026-03-03,P14,Kerupuk,248,0
2026-03-03,P15,Kue Lumpur,65,1
2026-03-03,P16,Pisang Goreng,89,1
2026-03-03,P17,Lemper,76,1
2026-03-03,P18,Serabi,59,0
2026-03-03,P19,Tahu Isi,96,0
2026-03-03,P20,Tempe Goreng,96,0
2026-03-03,P21,Roti Bakar Coklat,66,0
2026-03-03,P22,Telur Dadar,106,1
2026-03-03,P23,Capcay,92,0
2026-03-03,P24,Nasi Goreng Seafood,77,0
2026-03-03,P25,Bakso Urat,111,0
2026-03-04,P01,Nasi Goreng Spesial,184,0
2026-03-04,P02,Mie Goreng Ayam,150,0
2026-03-04,P03,Nasi Kuning,128,0
2026-03-04,P04,Nasi Uduk,104,1
2026-03-04,P05,Mie Ayam Bakso,121,1
2026-03-04,P06,Soto Ayam,86,1
2026-03-04,P07,Ayam Geprek,127,0
2026-03-04,P08,Es Teh Manis,388,0
2026-03-04,P09,Es Jeruk,210,1
2026-03-04,P10,Kopi Hitam,233,0
2026-03-04,P11,Teh Anget,124,1
2026-03-04,P12,Jus Alpukat,94,1
2026-03-04,P13,Es Campur,100,1
2026-03-04,P14,Kerupuk,235,0
2026-03-04,P15,Kue Lumpur,75,0
2026-03-04,P16,Pisang Goreng,118,0
2026-03-04,P17,Lemper,78,0
2026-03-04,P18,Serabi,50,1
2026-03-04,P19,Tahu Isi,97,0
2026-03-04,P20,Tempe Goreng,87,0
2026-03-04,P21,Roti Bakar Coklat,66,0
2026-03-04,P22,Telur Dadar,121,0
2026-03-04,P23,Capcay,87,1
2026-03-04,P24,Nasi Goreng Seafood,70,1
2026-03-04,P25,Bakso Urat,112,0
2026-03-05,P01,Nasi Goreng Spesial,142,0
2026-03-05,P02,Mie Goreng Ayam,120,0
2026-03-05,P03,Nasi Kuning,95,0
2026-03-05,P04,Nasi Uduk,83,0
2026-03-05,P05,Mie Ayam Bakso,97,0
2026-03-05,P06,Soto Ayam,78,0
2026-03-05,P07,Ayam Geprek,94,0
2026-03-05,P08,Es Teh Manis,183,0
2026-03-05,P09,Es Jeruk,127,0
2026-03-05,P10,Kopi Hitam,110,0
2026-03-05,P11,Teh Anget,96,0
2026-03-05,P12,Jus Alpukat,51,0
2026-03-05,P13,Es Campur,51,0
2026-03-05,P14,Kerupuk,179,0
2026-03-05,P15,Kue Lumpur,55,0
2026-03-05,P16,Pisang Goreng,82,0
2026-03-05,P17,Lemper,57,0
2026-03-05,P18,Serabi,48,0
2026-03-05,P19,Tahu Isi,71,0
2026-03-05,P20,Tempe Goreng,64,0
2026-03-05,P21,Roti Bakar Coklat,48,0
2026-03-05,P22,Telur Dadar,93,0
2026-03-05,P23,Capcay,71,0
2026-03-05,P24,Nasi Goreng Seafood,59,0
2026-03-05,P25,Bakso Urat,76,0
2026-03-06,P01,Nasi Goreng Spesial,192,0
2026-03-06,P02,Mie Goreng Ayam,157,0
2026-03-06,P03,Nasi Kuning,120,0
2026-03-06,P04,Nasi Uduk,112,0
2026-03-06,P05,Mie Ayam Bakso,143,0
2026-03-06,P06,Soto Ayam,93,1
2026-03-06,P07,Ayam Geprek,134,0
2026-03-06,P08,Es Teh Manis,400,0
2026-03-06,P09,Es Jeruk,238,0
2026-03-06,P10,Kopi Hitam,216,0
2026-03-06,P11,Teh Anget,163,1
2026-03-06,P12,Jus Alpukat,102,0
2026-03-06,P13,Es Campur,64,1
2026-03-06,P14,Kerupuk,238,1
2026-03-06,P15,Kue Lumpur,66,0
2026-03-06,P16,Pisang Goreng,114,0
2026-03-06,P17,Lemper,86,0
2026-03-06,P18,Serabi,57,0
2026-03-06,P19,Tahu Isi,105,0
2026-03-06,P20,Tempe Goreng,90,0
2026-03-06,P21,Roti Bakar Coklat,64,0
2026-03-06,P22,Telur Dadar,105,1
2026-03-06,P23,Capcay,93,0
2026-03-06,P24,Nasi Goreng Seafood,83,0
2026-03-06,P25,Bakso Urat,106,0
2026-03-07,P01,Nasi Goreng Spesial,147,0
2026-03-07,P02,Mie Goreng Ayam,135,0
2026-03-07,P03,Nasi Kuning,87,0
2026-03-07,P04,Nasi Uduk,79,0
2026-03-07,P05,Mie Ayam Bakso,105,0
2026-03-07,P06,Soto Ayam,81,0
2026-03-07,P07,Ayam Geprek,110,1
2026-03-07,P08,Es Teh Manis,277,1
2026-03-07,P09,Es Jeruk,195,0
2026-03-07,P10,Kopi Hitam,169,0
2026-03-07,P11,Teh Anget,151,0
2026-03-07,P12,Jus Alpukat,83,0
2026-03-07,P13,Es Campur,75,0
2026-03-07,P14,Kerupuk,196,0
2026-03-07,P15,Kue Lumpur,52,0
2026-03-07,P16,Pisang Goreng,93,0
2026-03-07,P17,Lemper,67,0
2026-03-07,P18,Serabi,43,0
2026-03-07,P19,Tahu Isi,75,0
2026-03-07,P20,Tempe Goreng,69,0
2026-03-07,P21,Roti Bakar Coklat,58,0
2026-03-07,P22,Telur Dadar,89,0
2026-03-07,P23,Capcay,71,0
2026-03-07,P24,Nasi Goreng Seafood,61,0
2026-03-07,P25,Bakso Urat,85,0
2026-03-08,P01,Nasi Goreng Spesial,179,0
2026-03-08,P02,Mie Goreng Ayam,162,0
2026-03-08,P03,Nasi Kuning,120,1
2026-03-08,P04,Nasi Uduk,110,0
2026-03-08,P05,Mie Ayam Bakso,146,0
2026-03-08,P06,Soto Ayam,103,0
2026-03-08,P07,Ayam Geprek,137,0
2026-03-08,P08,Es Teh Manis,373,0
2026-03-08,P09,Es Jeruk,177,1
2026-03-08,P10,Kopi Hitam,164,1
2026-03-08,P11,Teh Anget,146,1
2026-03-08,P12,Jus Alpukat,97,0
2026-03-08,P13,Es Campur,84,1
2026-03-08,P14,Kerupuk,237,0
2026-03-08,P15,Kue Lumpur,75,0
2026-03-08,P16,Pisang Goreng,111,0
2026-03-08,P17,Lemper,67,1
2026-03-08,P18,Serabi,59,0
2026-03-08,P19,Tahu Isi,97,0
2026-03-08,P20,Tempe Goreng,91,0
2026-03-08,P21,Roti Bakar Coklat,75,1
2026-03-08,P22,Telur Dadar,117,0
2026-03-08,P23,Capcay,96,0
2026-03-08,P24,Nasi Goreng Seafood,79,0
2026-03-08,P25,Bakso Urat,93,1
2026-03-09,P01,Nasi Goreng Spesial,71,0
2026-03-09,P02,Mie Goreng Ayam,68,0
2026-03-09,P03,Nasi Kuning,47,0
2026-03-09,P04,Nasi Uduk,46,0
2026-03-09,P05,Mie Ayam Bakso,59,0
2026-03-09,P06,Soto Ayam,34,0
2026-03-09,P07,Ayam Geprek,50,0
2026-03-09,P08,Es Teh Manis,101,0
2026-03-09,P09,Es Jeruk,71,0
2026-03-09,P10,Kopi Hitam,59,0
2026-03-09,P11,Teh Anget,42,0
2026-03-09,P12,Jus Alpukat,30,0
2026-03-09,P13,Es Campur,20,0
2026-03-09,P14,Kerupuk,77,0
2026-03-09,P15,Kue Lumpur,26,0
2026-03-09,P16,Pisang Goreng,47,0
2026-03-09,P17,Lemper,27,0
2026-03-09,P18,Serabi,19,0
2026-03-09,P19,Tahu Isi,31,0
2026-03-09,P20,Tempe Goreng,37,0
2026-03-09,P21,Roti Bakar Coklat,22,0
2026-03-09,P22,Telur Dadar,48,0
2026-03-09,P23,Capcay,33,0
2026-03-09,P24,Nasi Goreng Seafood,28,0
2026-03-09,P25,Bakso Urat,37,0
2026-03-10,P01,Nasi Goreng Spesial,129,0
2026-03-10,P02,Mie Goreng Ayam,106,0
2026-03-10,P03,Nasi Kuning,76,0
2026-03-10,P04,Nasi Uduk,79,0
2026-03-10,P05,Mie Ayam Bakso,98,0
2026-03-10,P06,Soto Ayam,69,0
2026-03-10,P07,Ayam Geprek,95,0
2026-03-10,P08,Es Teh Manis,227,0
2026-03-10,P09,Es Jeruk,150,0
2026-03-10,P10,Kopi Hitam,146,0
2026-03-10,P11,Teh Anget,110,0
2026-03-10,P12,Jus Alpukat,71,0
2026-03-10,P13,Es Campur,54,0
2026-03-10,P14,Kerupuk,163,0
2026-03-10,P15,Kue Lumpur,43,0
2026-03-10,P16,Pisang Goreng,72,0
2026-03-10,P17,Lemper,51,0
2026-03-10,P18,Serabi,47,0
2026-03-10,P19,Tahu Isi,64,0
2026-03-10,P20,Tempe Goreng,59,0
2026-03-10,P21,Roti Bakar Coklat,42,0
2026-03-10,P22,Telur Dadar,86,0
2026-03-10,P23,Capcay,60,0
2026-03-10,P24,Nasi Goreng Seafood,59,0
2026-03-10,P25,Bakso Urat,69,0
2026-03-11,P01,Nasi Goreng Spesial,124,0
2026-03-11,P02,Mie Goreng Ayam,113,0
2026-03-11,P03,Nasi Kuning,74,0
2026-03-11,P04,Nasi Uduk,75,0
2026-03-11,P05,Mie Ayam Bakso,81,0
2026-03-11,P06,Soto Ayam,69,0
2026-03-11,P07,Ayam Geprek,86,0
2026-03-11,P08,Es Teh Manis,253,0
2026-03-11,P09,Es Jeruk,165,0
2026-03-11,P10,Kopi Hitam,133,0
2026-03-11,P11,Teh Anget,114,0
2026-03-11,P12,Jus Alpukat,70,0
2026-03-11,P13,Es Campur,64,0
2026-03-11,P14,Kerupuk,161,0
2026-03-11,P15,Kue Lumpur,43,0
2026-03-11,P16,Pisang Goreng,80,0
2026-03-11,P17,Lemper,53,0
2026-03-11,P18,Serabi,38,0
2026-03-11,P19,Tahu Isi,67,0
2026-03-11,P20,Tempe Goreng,60,0
2026-03-11,P21,Roti Bakar Coklat,45,0
2026-03-11,P22,Telur Dadar,79,0
2026-03-11,P23,Capcay,64,0
2026-03-11,P24,Nasi Goreng Seafood,59,0
2026-03-11,P25,Bakso Urat,65,0
2026-03-12,P01,Nasi Goreng Spesial,168,1
2026-03-12,P02,Mie Goreng Ayam,134,1
2026-03-12,P03,Nasi Kuning,136,1
2026-03-12,P04,Nasi Uduk,128,0
2026-03-12,P05,Mie Ayam Bakso,162,0
2026-03-12,P06,Soto Ayam,100,1
2026-03-12,P07,Ayam Geprek,106,1
2026-03-12,P08,Es Teh Manis,425,0
2026-03-12,P09,Es Jeruk,209,1
2026-03-12,P10,Kopi Hitam,216,1
2026-03-12,P11,Teh Anget,122,1
2026-03-12,P12,Jus Alpukat,78,1
2026-03-12,P13,Es Campur,73,1
2026-03-12,P14,Kerupuk,211,1
2026-03-12,P15,Kue Lumpur,74,0
2026-03-12,P16,Pisang Goreng,118,1
2026-03-12,P17,Lemper,90,0
2026-03-12,P18,Serabi,53,1
2026-03-12,P19,Tahu Isi,110,1
2026-03-12,P20,Tempe Goreng,99,1
2026-03-12,P21,Roti Bakar Coklat,67,1
2026-03-12,P22,Telur Dadar,104,1
2026-03-12,P23,Capcay,73,1
2026-03-12,P24,Nasi Goreng Seafood,65,1
2026-03-12,P25,Bakso Urat,118,1
2026-03-13,P01,Nasi Goreng Spesial,225,0
2026-03-13,P02,Mie Goreng Ayam,193,1
2026-03-13,P03,Nasi Kuning,130,1
2026-03-13,P04,Nasi Uduk,125,1
2026-03-13,P05,Mie Ayam Bakso,172,0
2026-03-13,P06,Soto Ayam,103,1
2026-03-13,P07,Ayam Geprek,168,0
2026-03-13,P08,Es Teh Manis,390,0
2026-03-13,P09,Es Jeruk,244,1
2026-03-13,P10,Kopi Hitam,196,1
2026-03-13,P11,Teh Anget,176,1
2026-03-13,P12,Jus Alpukat,122,1
2026-03-13,P13,Es Campur,71,1
2026-03-13,P14,Kerupuk,291,0
2026-03-13,P15,Kue Lumpur,82,0
2026-03-13,P16,Pisang Goreng,115,1
2026-03-13,P17,Lemper,64,1
2026-03-13,P18,Serabi,52,1
2026-03-13,P19,Tahu Isi,90,1
2026-03-13,P20,Tempe Goreng,78,1
2026-03-13,P21,Roti Bakar Coklat,61,1
2026-03-13,P22,Telur Dadar,153,0
2026-03-13,P23,Capcay,113,1
2026-03-13,P24,Nasi Goreng Seafood,98,0
2026-03-13,P25,Bakso Urat,131,1
2026-03-14,P01,Nasi Goreng Spesial,200,1
2026-03-14,P02,Mie Goreng Ayam,199,1
2026-03-14,P03,Nasi Kuning,134,1
2026-03-14,P04,Nasi Uduk,104,1
2026-03-14,P05,Mie Ayam Bakso,150,1
2026-03-14,P06,Soto Ayam,100,1
2026-03-14,P07,Ayam Geprek,161,1
2026-03-14,P08,Es Teh Manis,437,1
2026-03-14,P09,Es Jeruk,216,1
2026-03-14,P10,Kopi Hitam,222,1
2026-03-14,P11,Teh Anget,194,1
2026-03-14,P12,Jus Alpukat,95,1
2026-03-14,P13,Es Campur,91,1
2026-03-14,P14,Kerupuk,252,1
2026-03-14,P15,Kue Lumpur,74,1
2026-03-14,P16,Pisang Goreng,122,1
2026-03-14,P17,Lemper,80,1
2026-03-14,P18,Serabi,68,1
2026-03-14,P19,Tahu Isi,132,1
2026-03-14,P20,Tempe Goreng,96,1
2026-03-14,P21,Roti Bakar Coklat,102,1
2026-03-14,P22,Telur Dadar,114,1
2026-03-14,P23,Capcay,100,1
2026-03-14,P24,Nasi Goreng Seafood,97,1
2026-03-14,P25,Bakso Urat,129,1
2026-03-15,P01,Nasi Goreng Spesial,237,1
2026-03-15,P02,Mie Goreng Ayam,205,1
2026-03-15,P03,Nasi Kuning,107,1
2026-03-15,P04,Nasi Uduk,103,1
2026-03-15,P05,Mie Ayam Bakso,199,1
2026-03-15,P06,Soto Ayam,124,1
2026-03-15,P07,Ayam Geprek,177,1
2026-03-15,P08,Es Teh Manis,336,1
2026-03-15,P09,Es Jeruk,264,1
2026-03-15,P10,Kopi Hitam,207,1
2026-03-15,P11,Teh Anget,142,1
2026-03-15,P12,Jus Alpukat,123,1
2026-03-15,P13,Es Campur,82,1
2026-03-15,P14,Kerupuk,270,1
2026-03-15,P15,Kue Lumpur,62,1
2026-03-15,P16,Pisang Goreng,137,1
2026-03-15,P17,Lemper,108,1
2026-03-15,P18,Serabi,65,1
2026-03-15,P19,Tahu Isi,147,1
2026-03-15,P20,Tempe Goreng,88,1
2026-03-15,P21,Roti Bakar Coklat,98,1
2026-03-15,P22,Telur Dadar,156,1
2026-03-15,P23,Capcay,130,1
2026-03-15,P24,Nasi Goreng Seafood,105,1
2026-03-15,P25,Bakso Urat,126,1
2026-03-16,P01,Nasi Goreng Spesial,145,0
2026-03-16,P02,Mie Goreng Ayam,127,0
2026-03-16,P03,Nasi Kuning,97,0
2026-03-16,P04,Nasi Uduk,86,0
2026-03-16,P05,Mie Ayam Bakso,110,0
2026-03-16,P06,Soto Ayam,82,0
2026-03-16,P07,Ayam Geprek,107,0
2026-03-16,P08,Es Teh Manis,202,0
2026-03-16,P09,Es Jeruk,153,0
2026-03-16,P10,Kopi Hitam,127,0
2026-03-16,P11,Teh Anget,99,0
2026-03-16,P12,Jus Alpukat,59,0
2026-03-16,P13,Es Campur,56,0
2026-03-16,P14,Kerupuk,173,0
2026-03-16,P15,Kue Lumpur,57,0
2026-03-16,P16,Pisang Goreng,98,1
2026-03-16,P17,Lemper,57,0
2026-03-16,P18,Serabi,51,0
2026-03-16,P19,Tahu Isi,84,0
2026-03-16,P20,Tempe Goreng,69,0
2026-03-16,P21,Roti Bakar Coklat,59,0
2026-03-16,P22,Telur Dadar,101,0
2026-03-16,P23,Capcay,68,0
2026-03-16,P24,Nasi Goreng Seafood,62,0
2026-03-16,P25,Bakso Urat,89,0
2026-03-17,P01,Nasi Goreng Spesial,152,0
2026-03-17,P02,Mie Goreng Ayam,131,0
2026-03-17,P03,Nasi Kuning,97,0
2026-03-17,P04,Nasi Uduk,84,0
2026-03-17,P05,Mie Ayam Bakso,124,0
2026-03-17,P06,Soto Ayam,87,0
2026-03-17,P07,Ayam Geprek,105,0
2026-03-17,P08,Es Teh Manis,223,0
2026-03-17,P09,Es Jeruk,165,0
2026-03-17,P10,Kopi Hitam,129,0
2026-03-17,P11,Teh Anget,98,0
2026-03-17,P12,Jus Alpukat,59,0
2026-03-17,P13,Es Campur,48,0
2026-03-17,P14,Kerupuk,206,0
2026-03-17,P15,Kue Lumpur,61,0
2026-03-17,P16,Pisang Goreng,96,0
2026-03-17,P17,Lemper,68,0
2026-03-17,P18,Serabi,50,0
2026-03-17,P19,Tahu Isi,79,0
2026-03-17,P20,Tempe Goreng,75,0
2026-03-17,P21,Roti Bakar Coklat,56,0
2026-03-17,P22,Telur Dadar,100,0
2026-03-17,P23,Capcay,70,0
2026-03-17,P24,Nasi Goreng Seafood,66,0
2026-03-17,P25,Bakso Urat,95,0
2026-03-18,P01,Nasi Goreng Spesial,82,0
2026-03-18,P02,Mie Goreng Ayam,77,0
2026-03-18,P03,Nasi Kuning,58,0
2026-03-18,P04,Nasi Uduk,49,0
2026-03-18,P05,Mie Ayam Bakso,62,0
2026-03-18,P06,Soto Ayam,41,0
2026-03-18,P07,Ayam Geprek,61,0
2026-03-18,P08,Es Teh Manis,132,0
2026-03-18,P09,Es Jeruk,90,0
2026-03-18,P10,Kopi Hitam,60,0
2026-03-18,P11,Teh Anget,65,0
2026-03-18,P12,Jus Alpukat,30,0
2026-03-18,P13,Es Campur,25,0
2026-03-18,P14,Kerupuk,98,0
2026-03-18,P15,Kue Lumpur,29,0
2026-03-18,P16,Pisang Goreng,52,0
2026-03-18,P17,Lemper,36,0
2026-03-18,P18,Serabi,26,0
2026-03-18,P19,Tahu Isi,42,0
2026-03-18,P20,Tempe Goreng,37,0
2026-03-18,P21,Roti Bakar Coklat,29,0
2026-03-18,P22,Telur Dadar,60,0
2026-03-18,P23,Capcay,47,0
2026-03-18,P24,Nasi Goreng Seafood,42,0
2026-03-18,P25,Bakso Urat,53,0
2026-03-19,P01,Nasi Goreng Spesial,118,0
2026-03-19,P02,Mie Goreng Ayam,111,0
2026-03-19,P03,Nasi Kuning,83,0
2026-03-19,P04,Nasi Uduk,73,0
2026-03-19,P05,Mie Ayam Bakso,87,0
2026-03-19,P06,Soto Ayam,62,0
2026-03-19,P07,Ayam Geprek,85,0
2026-03-19,P08,Es Teh Manis,221,0
2026-03-19,P09,Es Jeruk,156,0
2026-03-19,P10,Kopi Hitam,131,0
2026-03-19,P11,Teh Anget,97,0
2026-03-19,P12,Jus Alpukat,61,0
2026-03-19,P13,Es Campur,56,0
2026-03-19,P14,Kerupuk,167,0
2026-03-19,P15,Kue Lumpur,46,0
2026-03-19,P16,Pisang Goreng,69,0
2026-03-19,P17,Lemper,51,0
2026-03-19,P18,Serabi,37,0
2026-03-19,P19,Tahu Isi,67,0
2026-03-19,P20,Tempe Goreng,58,0
2026-03-19,P21,Roti Bakar Coklat,47,0
2026-03-19,P22,Telur Dadar,71,0
2026-03-19,P23,Capcay,55,0
2026-03-19,P24,Nasi Goreng Seafood,53,0
2026-03-19,P25,Bakso Urat,74,0
2026-03-20,P01,Nasi Goreng Spesial,112,0
2026-03-20,P02,Mie Goreng Ayam,97,0
2026-03-20,P03,Nasi Kuning,74,0
2026-03-20,P04,Nasi Uduk,58,0
2026-03-20,P05,Mie Ayam Bakso,72,0
2026-03-20,P06,Soto Ayam,54,0
2026-03-20,P07,Ayam Geprek,69,0
2026-03-20,P08,Es Teh Manis,169,0
2026-03-20,P09,Es Jeruk,114,0
2026-03-20,P10,Kopi Hitam,77,0
2026-03-20,P11,Teh Anget,80,0
2026-03-20,P12,Jus Alpukat,46,0
2026-03-20,P13,Es Campur,32,0
2026-03-20,P14,Kerupuk,138,0
2026-03-20,P15,Kue Lumpur,38,0
2026-03-20,P16,Pisang Goreng,67,0
2026-03-20,P17,Lemper,49,0
2026-03-20,P18,Serabi,37,0
2026-03-20,P19,Tahu Isi,53,0
2026-03-20,P20,Tempe Goreng,50,0
2026-03-20,P21,Roti Bakar Coklat,44,0
2026-03-20,P22,Telur Dadar,72,0
2026-03-20,P23,Capcay,44,0
2026-03-20,P24,Nasi Goreng Seafood,42,0
2026-03-20,P25,Bakso Urat,68,0
2026-03-21,P01,Nasi Goreng Spesial,93,0
2026-03-21,P02,Mie Goreng Ayam,90,0
2026-03-21,P03,Nasi Kuning,69,0
2026-03-21,P04,Nasi Uduk,52,0
2026-03-21,P05,Mie Ayam Bakso,79,0
2026-03-21,P06,Soto Ayam,56,0
2026-03-21,P07,Ayam Geprek,77,0
2026-03-21,P08,Es Teh Manis,130,0
2026-03-21,P09,Es Jeruk,93,0
2026-03-21,P10,Kopi Hitam,69,0
2026-03-21,P11,Teh Anget,58,0
2026-03-21,P12,Jus Alpukat,31,0
2026-03-21,P13,Es Campur,32,0
2026-03-21,P14,Kerupuk,121,0
2026-03-21,P15,Kue Lumpur,38,0
2026-03-21,P16,Pisang Goreng,64,0
2026-03-21,P17,Lemper,49,0
2026-03-21,P18,Serabi,32,0
2026-03-21,P19,Tahu Isi,60,0
2026-03-21,P20,Tempe Goreng,49,0
2026-03-21,P21,Roti Bakar Coklat,42,0
2026-03-21,P22,Telur Dadar,61,0
2026-03-21,P23,Capcay,51,0
2026-03-21,P24,Nasi Goreng Seafood,43,0
2026-03-21,P25,Bakso Urat,54,0
2026-03-22,P01,Nasi Goreng Spesial,106,0
2026-03-22,P02,Mie Goreng Ayam,81,0
2026-03-22,P03,Nasi Kuning,58,0
2026-03-22,P04,Nasi Uduk,59,0
2026-03-22,P05,Mie Ayam Bakso,79,0
2026-03-22,P06,Soto Ayam,58,0
2026-03-22,P07,Ayam Geprek,76,0
2026-03-22,P08,Es Teh Manis,125,0
2026-03-22,P09,Es Jeruk,80,0
2026-03-22,P10,Kopi Hitam,67,0
2026-03-22,P11,Teh Anget,48,0
2026-03-22,P12,Jus Alpukat,31,0
2026-03-22,P13,Es Campur,29,0
2026-03-22,P14,Kerupuk,131,0
2026-03-22,P15,Kue Lumpur,39,0
2026-03-22,P16,Pisang Goreng,55,0
2026-03-22,P17,Lemper,41,0
2026-03-22,P18,Serabi,35,0
2026-03-22,P19,Tahu Isi,52,0
2026-03-22,P20,Tempe Goreng,47,0
2026-03-22,P21,Roti Bakar Coklat,39,0
2026-03-22,P22,Telur Dadar,60,0
2026-03-22,P23,Capcay,52,0
2026-03-22,P24,Nasi Goreng Seafood,39,0
2026-03-22,P25,Bakso Urat,59,0
2026-03-23,P01,Nasi Goreng Spesial,135,0
2026-03-23,P02,Mie Goreng Ayam,121,0
2026-03-23,P03,Nasi Kuning,83,0
2026-03-23,P04,Nasi Uduk,81,0
2026-03-23,P05,Mie Ayam Bakso,96,0
2026-03-23,P06,Soto Ayam,73,0
2026-03-23,P07,Ayam Geprek,90,0
2026-03-23,P08,Es Teh Manis,247,0
2026-03-23,P09,Es Jeruk,167,0
2026-03-23,P10,Kopi Hitam,136,0
2026-03-23,P11,Teh Anget,117,0
2026-03-23,P12,Jus Alpukat,62,0
2026-03-23,P13,Es Campur,57,0
2026-03-23,P14,Kerupuk,178,0
2026-03-23,P15,Kue Lumpur,50,0
2026-03-23,P16,Pisang Goreng,75,0
2026-03-23,P17,Lemper,60,0
2026-03-23,P18,Serabi,41,0
2026-03-23,P19,Tahu Isi,68,0
2026-03-23,P20,Tempe Goreng,61,0
2026-03-23,P21,Roti Bakar Coklat,55,0
2026-03-23,P22,Telur Dadar,89,0
2026-03-23,P23,Capcay,66,0
2026-03-23,P24,Nasi Goreng Seafood,60,0
2026-03-23,P25,Bakso Urat,72,0
2026-03-24,P01,Nasi Goreng Spesial,104,0
2026-03-24,P02,Mie Goreng Ayam,87,0
2026-03-24,P03,Nasi Kuning,59,0
2026-03-24,P04,Nasi Uduk,48,0
2026-03-24,P05,Mie Ayam Bakso,64,0
2026-03-24,P06,Soto Ayam,50,0
2026-03-24,P07,Ayam Geprek,57,0
2026-03-24,P08,Es Teh Manis,129,0
2026-03-24,P09,Es Jeruk,104,0
2026-03-24,P10,Kopi Hitam,77,0
2026-03-24,P11,Teh Anget,62,0
2026-03-24,P12,Jus Alpukat,33,0
2026-03-24,P13,Es Campur,34,0
2026-03-24,P14,Kerupuk,121,0
2026-03-24,P15,Kue Lumpur,36,0
2026-03-24,P16,Pisang Goreng,60,0
2026-03-24,P17,Lemper,44,0
2026-03-24,P18,Serabi,31,0
2026-03-24,P19,Tahu Isi,53,0
2026-03-24,P20,Tempe Goreng,44,0
2026-03-24,P21,Roti Bakar Coklat,39,0
2026-03-24,P22,Telur Dadar,56,0
2026-03-24,P23,Capcay,45,0
2026-03-24,P24,Nasi Goreng Seafood,44,0
2026-03-24,P25,Bakso Urat,53,0
2026-03-25,P01,Nasi Goreng Spesial,131,0
2026-03-25,P02,Mie Goreng Ayam,119,0
2026-03-25,P03,Nasi Kuning,85,0
2026-03-25,P04,Nasi Uduk,93,0
2026-03-25,P05,Mie Ayam Bakso,104,0
2026-03-25,P06,Soto Ayam,71,0
2026-03-25,P07,Ayam Geprek,110,0
2026-03-25,P08,Es Teh Manis,264,0
2026-03-25,P09,Es Jeruk,173,0
2026-03-25,P10,Kopi Hitam,145,0
2026-03-25,P11,Teh Anget,129,0
2026-03-25,P12,Jus Alpukat,77,0
2026-03-25,P13,Es Campur,65,0
2026-03-25,P14,Kerupuk,173,0
2026-03-25,P15,Kue Lumpur,52,0
2026-03-25,P16,Pisang Goreng,87,0
2026-03-25,P17,Lemper,60,0
2026-03-25,P18,Serabi,43,0
2026-03-25,P19,Tahu Isi,73,0
2026-03-25,P20,Tempe Goreng,69,0
2026-03-25,P21,Roti Bakar Coklat,56,0
2026-03-25,P22,Telur Dadar,86,0
2026-03-25,P23,Capcay,72,0
2026-03-25,P24,Nasi Goreng Seafood,60,0
2026-03-25,P25,Bakso Urat,76,0
2026-03-26,P01,Nasi Goreng Spesial,152,0
2026-03-26,P02,Mie Goreng Ayam,113,0
2026-03-26,P03,Nasi Kuning,89,0
2026-03-26,P04,Nasi Uduk,96,0
2026-03-26,P05,Mie Ayam Bakso,106,0
2026-03-26,P06,Soto Ayam,81,0
2026-03-26,P07,Ayam Geprek,108,0
2026-03-26,P08,Es Teh Manis,252,0
2026-03-26,P09,Es Jeruk,184,0
2026-03-26,P10,Kopi Hitam,163,0
2026-03-26,P11,Teh Anget,126,0
2026-03-26,P12,Jus Alpukat,82,0
2026-03-26,P13,Es Campur,64,0
2026-03-26,P14,Kerupuk,196,0
2026-03-26,P15,Kue Lumpur,52,0
2026-03-26,P16,Pisang Goreng,80,0
2026-03-26,P17,Lemper,61,0
2026-03-26,P18,Serabi,44,0
2026-03-26,P19,Tahu Isi,74,0
2026-03-26,P20,Tempe Goreng,69,0
2026-03-26,P21,Roti Bakar Coklat,47,0
2026-03-26,P22,Telur Dadar,89,0
2026-03-26,P23,Capcay,72,0
2026-03-26,P24,Nasi Goreng Seafood,65,0
2026-03-26,P25,Bakso Urat,86,0
2026-03-27,P01,Nasi Goreng Spesial,137,0
2026-03-27,P02,Mie Goreng Ayam,110,0
2026-03-27,P03,Nasi Kuning,75,0
2026-03-27,P04,Nasi Uduk,75,0
2026-03-27,P05,Mie Ayam Bakso,107,0
2026-03-27,P06,Soto Ayam,77,0
2026-03-27,P07,Ayam Geprek,87,0
2026-03-27,P08,Es Teh Manis,276,0
2026-03-27,P09,Es Jeruk,194,0
2026-03-27,P10,Kopi Hitam,175,0
2026-03-27,P11,Teh Anget,140,0
2026-03-27,P12,Jus Alpukat,86,0
2026-03-27,P13,Es Campur,75,0
2026-03-27,P14,Kerupuk,154,0
2026-03-27,P15,Kue Lumpur,46,0
2026-03-27,P16,Pisang Goreng,73,0
2026-03-27,P17,Lemper,54,0
2026-03-27,P18,Serabi,40,0
2026-03-27,P19,Tahu Isi,67,0
2026-03-27,P20,Tempe Goreng,65,0
2026-03-27,P21,Roti Bakar Coklat,49,0
2026-03-27,P22,Telur Dadar,89,0
2026-03-27,P23,Capcay,63,0
2026-03-27,P24,Nasi Goreng Seafood,53,0
2026-03-27,P25,Bakso Urat,77,0
2026-03-28,P01,Nasi Goreng Spesial,173,0
2026-03-28,P02,Mie Goreng Ayam,145,0
2026-03-28,P03,Nasi Kuning,113,0
2026-03-28,P04,Nasi Uduk,96,0
2026-03-28,P05,Mie Ayam Bakso,127,0
2026-03-28,P06,Soto Ayam,99,0
2026-03-28,P07,Ayam Geprek,116,0
2026-03-28,P08,Es Teh Manis,322,0
2026-03-28,P09,Es Jeruk,210,0
2026-03-28,P10,Kopi Hitam,176,0
2026-03-28,P11,Teh Anget,150,0
2026-03-28,P12,Jus Alpukat,92,0
2026-03-28,P13,Es Campur,74,1
2026-03-28,P14,Kerupuk,223,0
2026-03-28,P15,Kue Lumpur,66,0
2026-03-28,P16,Pisang Goreng,96,0
2026-03-28,P17,Lemper,74,0
2026-03-28,P18,Serabi,55,0
2026-03-28,P19,Tahu Isi,92,0
2026-03-28,P20,Tempe Goreng,81,0
2026-03-28,P21,Roti Bakar Coklat,61,0
2026-03-28,P22,Telur Dadar,101,0
2026-03-28,P23,Capcay,81,0
2026-03-28,P24,Nasi Goreng Seafood,73,0
2026-03-28,P25,Bakso Urat,98,0
2026-03-29,P01,Nasi Goreng Spesial,89,0
2026-03-29,P02,Mie Goreng Ayam,92,0
2026-03-29,P03,Nasi Kuning,71,0
2026-03-29,P04,Nasi Uduk,62,0
2026-03-29,P05,Mie Ayam Bakso,78,0
2026-03-29,P06,Soto Ayam,59,0
2026-03-29,P07,Ayam Geprek,62,0
2026-03-29,P08,Es Teh Manis,118,0
2026-03-29,P09,Es Jeruk,86,0
2026-03-29,P10,Kopi Hitam,76,0
2026-03-29,P11,Teh Anget,59,0
2026-03-29,P12,Jus Alpukat,33,0
2026-03-29,P13,Es Campur,32,0
2026-03-29,P14,Kerupuk,132,0
2026-03-29,P15,Kue Lumpur,41,0
2026-03-29,P16,Pisang Goreng,61,0
2026-03-29,P17,Lemper,38,0
2026-03-29,P18,Serabi,34,0
2026-03-29,P19,Tahu Isi,61,0
2026-03-29,P20,Tempe Goreng,50,0
2026-03-29,P21,Roti Bakar Coklat,41,0
2026-03-29,P22,Telur Dadar,60,0
2026-03-29,P23,Capcay,49,0
2026-03-29,P24,Nasi Goreng Seafood,39,0
2026-03-29,P25,Bakso Urat,56,0
2026-03-30,P01,Nasi Goreng Spesial,90,0
2026-03-30,P02,Mie Goreng Ayam,76,0
2026-03-30,P03,Nasi Kuning,59,0
2026-03-30,P04,Nasi Uduk,60,0
2026-03-30,P05,Mie Ayam Bakso,68,0
2026-03-30,P06,Soto Ayam,55,0
2026-03-30,P07,Ayam Geprek,74,0
2026-03-30,P08,Es Teh Manis,131,0
2026-03-30,P09,Es Jeruk,98,0
2026-03-30,P10,Kopi Hitam,62,0
2026-03-30,P11,Teh Anget,56,0
2026-03-30,P12,Jus Alpukat,36,0
2026-03-30,P13,Es Campur,32,0
2026-03-30,P14,Kerupuk,138,0
2026-03-30,P15,Kue Lumpur,33,0
2026-03-30,P16,Pisang Goreng,54,0
2026-03-30,P17,Lemper,41,0
2026-03-30,P18,Serabi,30,0
2026-03-30,P19,Tahu Isi,47,0
2026-03-30,P20,Tempe Goreng,45,0
2026-03-30,P21,Roti Bakar Coklat,35,0
2026-03-30,P22,Telur Dadar,69,0
2026-03-30,P23,Capcay,42,0
2026-03-30,P24,Nasi Goreng Seafood,44,0
2026-03-30,P25,Bakso Urat,62,0
2026-03-31,P01,Nasi Goreng Spesial,172,1
2026-03-31,P02,Mie Goreng Ayam,163,0
2026-03-31,P03,Nasi Kuning,124,0
2026-03-31,P04,Nasi Uduk,102,1
2026-03-31,P05,Mie Ayam Bakso,141,0
2026-03-31,P06,Soto Ayam,102,0
2026-03-31,P07,Ayam Geprek,145,0
2026-03-31,P08,Es Teh Manis,468,1
2026-03-31,P09,Es Jeruk,236,1
2026-03-31,P10,Kopi Hitam,198,1
2026-03-31,P11,Teh Anget,206,1
2026-03-31,P12,Jus Alpukat,121,1
2026-03-31,P13,Es Campur,126,1
2026-03-31,P14,Kerupuk,250,0
2026-03-31,P15,Kue Lumpur,74,0
2026-03-31,P16,Pisang Goreng,114,0
2026-03-31,P17,Lemper,78,0
2026-03-31,P18,Serabi,61,0
2026-03-31,P19,Tahu Isi,97,0
2026-03-31,P20,Tempe Goreng,89,0
2026-03-31,P21,Roti Bakar Coklat,66,1
2026-03-31,P22,Telur Dadar,112,1
2026-03-31,P23,Capcay,84,1
2026-03-31,P24,Nasi Goreng Seafood,86,0
2026-03-31,P25,Bakso Urat,114,0
2026-04-01,P01,Nasi Goreng Spesial,102,0
2026-04-01,P02,Mie Goreng Ayam,77,0
2026-04-01,P03,Nasi Kuning,65,0
2026-04-01,P04,Nasi Uduk,61,0
2026-04-01,P05,Mie Ayam Bakso,74,0
2026-04-01,P06,Soto Ayam,47,0
2026-04-01,P07,Ayam Geprek,79,0
2026-04-01,P08,Es Teh Manis,140,0
2026-04-01,P09,Es Jeruk,80,0
2026-04-01,P10,Kopi Hitam,76,0
2026-04-01,P11,Teh Anget,60,0
2026-04-01,P12,Jus Alpukat,37,0
2026-04-01,P13,Es Campur,29,0
2026-04-01,P14,Kerupuk,126,0
2026-04-01,P15,Kue Lumpur,34,0
2026-04-01,P16,Pisang Goreng,56,0
2026-04-01,P17,Lemper,43,0
2026-04-01,P18,Serabi,30,0
2026-04-01,P19,Tahu Isi,51,0
2026-04-01,P20,Tempe Goreng,50,0
2026-04-01,P21,Roti Bakar Coklat,34,0
2026-04-01,P22,Telur Dadar,59,0
2026-04-01,P23,Capcay,42,0
2026-04-01,P24,Nasi Goreng Seafood,38,0
2026-04-01,P25,Bakso Urat,57,0
2026-04-02,P01,Nasi Goreng Spesial,104,0
2026-04-02,P02,Mie Goreng Ayam,81,0
2026-04-02,P03,Nasi Kuning,62,0
2026-04-02,P04,Nasi Uduk,51,0
2026-04-02,P05,Mie Ayam Bakso,47,0
2026-04-02,P06,Soto Ayam,47,0
2026-04-02,P07,Ayam Geprek,68,0
2026-04-02,P08,Es Teh Manis,137,0
2026-04-02,P09,Es Jeruk,102,0
2026-04-02,P10,Kopi Hitam,86,0
2026-04-02,P11,Teh Anget,63,0
2026-04-02,P12,Jus Alpukat,37,0
2026-04-02,P13,Es Campur,28,0
2026-04-02,P14,Kerupuk,110,0
2026-04-02,P15,Kue Lumpur,32,0
2026-04-02,P16,Pisang Goreng,59,0
2026-04-02,P17,Lemper,40,0
2026-04-02,P18,Serabi,29,0
2026-04-02,P19,Tahu Isi,49,0
2026-04-02,P20,Tempe Goreng,44,0
2026-04-02,P21,Roti Bakar Coklat,39,0
2026-04-02,P22,Telur Dadar,61,0
2026-04-02,P23,Capcay,49,0
2026-04-02,P24,Nasi Goreng Seafood,33,0
2026-04-02,P25,Bakso Urat,58,0
2026-04-03,P01,Nasi Goreng Spesial,91,0
2026-04-03,P02,Mie Goreng Ayam,81,0
2026-04-03,P03,Nasi Kuning,56,0
2026-04-03,P04,Nasi Uduk,56,0
2026-04-03,P05,Mie Ayam Bakso,72,0
2026-04-03,P06,Soto Ayam,51,0
2026-04-03,P07,Ayam Geprek,65,0
2026-04-03,P08,Es Teh Manis,156,0
2026-04-03,P09,Es Jeruk,101,0
2026-04-03,P10,Kopi Hitam,75,0
2026-04-03,P11,Teh Anget,63,0
2026-04-03,P12,Jus Alpukat,42,0
2026-04-03,P13,Es Campur,31,0
2026-04-03,P14,Kerupuk,116,0
2026-04-03,P15,Kue Lumpur,37,0
2026-04-03,P16,Pisang Goreng,59,0
2026-04-03,P17,Lemper,43,0
2026-04-03,P18,Serabi,33,0
2026-04-03,P19,Tahu Isi,49,0
2026-04-03,P20,Tempe Goreng,42,0
2026-04-03,P21,Roti Bakar Coklat,35,0
2026-04-03,P22,Telur Dadar,64,0
2026-04-03,P23,Capcay,43,0
2026-04-03,P24,Nasi Goreng Seafood,35,0
2026-04-03,P25,Bakso Urat,57,0
2026-04-04,P01,Nasi Goreng Spesial,169,0
2026-04-04,P02,Mie Goreng Ayam,151,0
2026-04-04,P03,Nasi Kuning,113,0
2026-04-04,P04,Nasi Uduk,96,0
2026-04-04,P05,Mie Ayam Bakso,112,0
2026-04-04,P06,Soto Ayam,84,0
2026-04-04,P07,Ayam Geprek,122,0
2026-04-04,P08,Es Teh Manis,343,0
2026-04-04,P09,Es Jeruk,230,0
2026-04-04,P10,Kopi Hitam,177,1
2026-04-04,P11,Teh Anget,155,0
2026-04-04,P12,Jus Alpukat,91,1
2026-04-04,P13,Es Campur,91,0
2026-04-04,P14,Kerupuk,237,0
2026-04-04,P15,Kue Lumpur,62,0
2026-04-04,P16,Pisang Goreng,93,0
2026-04-04,P17,Lemper,74,0
2026-04-04,P18,Serabi,54,0
2026-04-04,P19,Tahu Isi,94,0
2026-04-04,P20,Tempe Goreng,86,0
2026-04-04,P21,Roti Bakar Coklat,61,0
2026-04-04,P22,Telur Dadar,113,0
2026-04-04,P23,Capcay,79,0
2026-04-04,P24,Nasi Goreng Seafood,73,0
2026-04-04,P25,Bakso Urat,97,0
2026-04-05,P01,Nasi Goreng Spesial,125,0
2026-04-05,P02,Mie Goreng Ayam,99,0
2026-04-05,P03,Nasi Kuning,78,0
2026-04-05,P04,Nasi Uduk,68,0
2026-04-05,P05,Mie Ayam Bakso,93,0
2026-04-05,P06,Soto Ayam,64,0
2026-04-05,P07,Ayam Geprek,82,0
2026-04-05,P08,Es Teh Manis,169,0
2026-04-05,P09,Es Jeruk,129,0
2026-04-05,P10,Kopi Hitam,96,0
2026-04-05,P11,Teh Anget,73,0
2026-04-05,P12,Jus Alpukat,48,0
2026-04-05,P13,Es Campur,43,0
2026-04-05,P14,Kerupuk,161,0
2026-04-05,P15,Kue Lumpur,47,0
2026-04-05,P16,Pisang Goreng,69,0
2026-04-05,P17,Lemper,54,0
2026-04-05,P18,Serabi,37,0
2026-04-05,P19,Tahu Isi,66,0
2026-04-05,P20,Tempe Goreng,58,0
2026-04-05,P21,Roti Bakar Coklat,50,0
2026-04-05,P22,Telur Dadar,83,0
2026-04-05,P23,Capcay,53,0
2026-04-05,P24,Nasi Goreng Seafood,50,0
2026-04-05,P25,Bakso Urat,68,0
2026-04-06,P01,Nasi Goreng Spesial,153,0
2026-04-06,P02,Mie Goreng Ayam,133,0
2026-04-06,P03,Nasi Kuning,90,0
2026-04-06,P04,Nasi Uduk,78,0
2026-04-06,P05,Mie Ayam Bakso,120,0
2026-04-06,P06,Soto Ayam,80,0
2026-04-06,P07,Ayam Geprek,101,0
2026-04-06,P08,Es Teh Manis,267,0
2026-04-06,P09,Es Jeruk,166,0
2026-04-06,P10,Kopi Hitam,153,0
2026-04-06,P11,Teh Anget,123,0
2026-04-06,P12,Jus Alpukat,75,0
2026-04-06,P13,Es Campur,67,0
2026-04-06,P14,Kerupuk,149,0
2026-04-06,P15,Kue Lumpur,54,0
2026-04-06,P16,Pisang Goreng,84,0
2026-04-06,P17,Lemper,61,0
2026-04-06,P18,Serabi,44,0
2026-04-06,P19,Tahu Isi,75,0
2026-04-06,P20,Tempe Goreng,68,0
2026-04-06,P21,Roti Bakar Coklat,53,0
2026-04-06,P22,Telur Dadar,96,0
2026-04-06,P23,Capcay,71,0
2026-04-06,P24,Nasi Goreng Seafood,68,0
2026-04-06,P25,Bakso Urat,82,0
2026-04-07,P01,Nasi Goreng Spesial,149,0
2026-04-07,P02,Mie Goreng Ayam,131,0
2026-04-07,P03,Nasi Kuning,101,0
2026-04-07,P04,Nasi Uduk,92,0
2026-04-07,P05,Mie Ayam Bakso,113,0
2026-04-07,P06,Soto Ayam,81,0
2026-04-07,P07,Ayam Geprek,109,0
2026-04-07,P08,Es Teh Manis,233,0
2026-04-07,P09,Es Jeruk,165,0
2026-04-07,P10,Kopi Hitam,140,0
2026-04-07,P11,Teh Anget,110,0
2026-04-07,P12,Jus Alpukat,70,0
2026-04-07,P13,Es Campur,62,0
2026-04-07,P14,Kerupuk,184,0
2026-04-07,P15,Kue Lumpur,53,0
2026-04-07,P16,Pisang Goreng,88,0
2026-04-07,P17,Lemper,62,0
2026-04-07,P18,Serabi,45,0
2026-04-07,P19,Tahu Isi,75,0
2026-04-07,P20,Tempe Goreng,68,0
2026-04-07,P21,Roti Bakar Coklat,53,0
2026-04-07,P22,Telur Dadar,108,0
2026-04-07,P23,Capcay,67,0
2026-04-07,P24,Nasi Goreng Seafood,61,0
2026-04-07,P25,Bakso Urat,83,0
2026-04-08,P01,Nasi Goreng Spesial,146,0
2026-04-08,P02,Mie Goreng Ayam,107,0
2026-04-08,P03,Nasi Kuning,85,0
2026-04-08,P04,Nasi Uduk,83,0
2026-04-08,P05,Mie Ayam Bakso,95,0
2026-04-08,P06,Soto Ayam,72,0
2026-04-08,P07,Ayam Geprek,90,0
2026-04-08,P08,Es Teh Manis,283,0
2026-04-08,P09,Es Jeruk,191,0
2026-04-08,P10,Kopi Hitam,158,0
2026-04-08,P11,Teh Anget,133,0
2026-04-08,P12,Jus Alpukat,75,0
2026-04-08,P13,Es Campur,71,0
2026-04-08,P14,Kerupuk,165,0
2026-04-08,P15,Kue Lumpur,51,0
2026-04-08,P16,Pisang Goreng,69,0
2026-04-08,P17,Lemper,54,0
2026-04-08,P18,Serabi,48,0
2026-04-08,P19,Tahu Isi,73,0
2026-04-08,P20,Tempe Goreng,66,0
2026-04-08,P21,Roti Bakar Coklat,47,0
2026-04-08,P22,Telur Dadar,82,0
2026-04-08,P23,Capcay,64,0
2026-04-08,P24,Nasi Goreng Seafood,58,0
2026-04-08,P25,Bakso Urat,88,0
2026-04-09,P01,Nasi Goreng Spesial,154,0
2026-04-09,P02,Mie Goreng Ayam,121,0
2026-04-09,P03,Nasi Kuning,94,0
2026-04-09,P04,Nasi Uduk,84,0
2026-04-09,P05,Mie Ayam Bakso,117,0
2026-04-09,P06,Soto Ayam,72,0
2026-04-09,P07,Ayam Geprek,104,0
2026-04-09,P08,Es Teh Manis,236,0
2026-04-09,P09,Es Jeruk,180,0
2026-04-09,P10,Kopi Hitam,141,0
2026-04-09,P11,Teh Anget,109,0
2026-04-09,P12,Jus Alpukat,75,0
2026-04-09,P13,Es Campur,56,0
2026-04-09,P14,Kerupuk,182,0
2026-04-09,P15,Kue Lumpur,55,0
2026-04-09,P16,Pisang Goreng,89,0
2026-04-09,P17,Lemper,55,0
2026-04-09,P18,Serabi,44,0
2026-04-09,P19,Tahu Isi,80,0
2026-04-09,P20,Tempe Goreng,72,0
2026-04-09,P21,Roti Bakar Coklat,56,0
2026-04-09,P22,Telur Dadar,108,0
2026-04-09,P23,Capcay,70,0
2026-04-09,P24,Nasi Goreng Seafood,65,0
2026-04-09,P25,Bakso Urat,86,0
2026-04-10,P01,Nasi Goreng Spesial,149,0
2026-04-10,P02,Mie Goreng Ayam,133,0
2026-04-10,P03,Nasi Kuning,92,0
2026-04-10,P04,Nasi Uduk,84,0
2026-04-10,P05,Mie Ayam Bakso,116,0
2026-04-10,P06,Soto Ayam,82,0
2026-04-10,P07,Ayam Geprek,100,0
2026-04-10,P08,Es Teh Manis,275,0
2026-04-10,P09,Es Jeruk,182,0
2026-04-10,P10,Kopi Hitam,144,0
2026-04-10,P11,Teh Anget,140,0
2026-04-10,P12,Jus Alpukat,74,0
2026-04-10,P13,Es Campur,68,0
2026-04-10,P14,Kerupuk,167,0
2026-04-10,P15,Kue Lumpur,55,0
2026-04-10,P16,Pisang Goreng,77,0
2026-04-10,P17,Lemper,65,0
2026-04-10,P18,Serabi,49,0
2026-04-10,P19,Tahu Isi,77,0
2026-04-10,P20,Tempe Goreng,68,0
2026-04-10,P21,Roti Bakar Coklat,52,0
2026-04-10,P22,Telur Dadar,93,0
2026-04-10,P23,Capcay,71,0
2026-04-10,P24,Nasi Goreng Seafood,62,0
2026-04-10,P25,Bakso Urat,90,0
2026-04-11,P01,Nasi Goreng Spesial,195,0
2026-04-11,P02,Mie Goreng Ayam,150,1
2026-04-11,P03,Nasi Kuning,125,0
2026-04-11,P04,Nasi Uduk,107,1
2026-04-11,P05,Mie Ayam Bakso,141,0
2026-04-11,P06,Soto Ayam,96,0
2026-04-11,P07,Ayam Geprek,137,0
2026-04-11,P08,Es Teh Manis,291,0
2026-04-11,P09,Es Jeruk,216,0
2026-04-11,P10,Kopi Hitam,180,0
2026-04-11,P11,Teh Anget,140,0
2026-04-11,P12,Jus Alpukat,83,0
2026-04-11,P13,Es Campur,75,0
2026-04-11,P14,Kerupuk,229,0
2026-04-11,P15,Kue Lumpur,69,0
2026-04-11,P16,Pisang Goreng,105,1
2026-04-11,P17,Lemper,76,0
2026-04-11,P18,Serabi,60,0
2026-04-11,P19,Tahu Isi,101,0
2026-04-11,P20,Tempe Goreng,88,0
2026-04-11,P21,Roti Bakar Coklat,64,0
2026-04-11,P22,Telur Dadar,125,0
2026-04-11,P23,Capcay,88,0
2026-04-11,P24,Nasi Goreng Seafood,86,0
2026-04-11,P25,Bakso Urat,109,0
2026-04-12,P01,Nasi Goreng Spesial,165,0
2026-04-12,P02,Mie Goreng Ayam,140,0
2026-04-12,P03,Nasi Kuning,101,0
2026-04-12,P04,Nasi Uduk,89,0
2026-04-12,P05,Mie Ayam Bakso,124,0
2026-04-12,P06,Soto Ayam,90,0
2026-04-12,P07,Ayam Geprek,115,0
2026-04-12,P08,Es Teh Manis,349,0
2026-04-12,P09,Es Jeruk,221,1
2026-04-12,P10,Kopi Hitam,198,0
2026-04-12,P11,Teh Anget,165,0
2026-04-12,P12,Jus Alpukat,100,0
2026-04-12,P13,Es Campur,88,0
2026-04-12,P14,Kerupuk,224,0
2026-04-12,P15,Kue Lumpur,68,0
2026-04-12,P16,Pisang Goreng,103,0
2026-04-12,P17,Lemper,75,0
2026-04-12,P18,Serabi,51,0
2026-04-12,P19,Tahu Isi,96,0
2026-04-12,P20,Tempe Goreng,81,0
2026-04-12,P21,Roti Bakar Coklat,64,0
2026-04-12,P22,Telur Dadar,100,0
2026-04-12,P23,Capcay,87,0
2026-04-12,P24,Nasi Goreng Seafood,62,0
2026-04-12,P25,Bakso Urat,103,0
2026-04-13,P01,Nasi Goreng Spesial,178,1
2026-04-13,P02,Mie Goreng Ayam,177,0
2026-04-13,P03,Nasi Kuning,121,1
2026-04-13,P04,Nasi Uduk,117,1
2026-04-13,P05,Mie Ayam Bakso,150,0
2026-04-13,P06,Soto Ayam,111,0
2026-04-13,P07,Ayam Geprek,151,0
2026-04-13,P08,Es Teh Manis,365,1
2026-04-13,P09,Es Jeruk,269,1
2026-04-13,P10,Kopi Hitam,177,1
2026-04-13,P11,Teh Anget,201,0
2026-04-13,P12,Jus Alpukat,118,0
2026-04-13,P13,Es Campur,104,0
2026-04-13,P14,Kerupuk,273,0
2026-04-13,P15,Kue Lumpur,75,0
2026-04-13,P16,Pisang Goreng,120,0
2026-04-13,P17,Lemper,76,1
2026-04-13,P18,Serabi,68,0
2026-04-13,P19,Tahu Isi,106,0
2026-04-13,P20,Tempe Goreng,101,0
2026-04-13,P21,Roti Bakar Coklat,75,0
2026-04-13,P22,Telur Dadar,134,0
2026-04-13,P23,Capcay,106,0
2026-04-13,P24,Nasi Goreng Seafood,91,0
2026-04-13,P25,Bakso Urat,134,0
2026-04-14,P01,Nasi Goreng Spesial,297,1
2026-04-14,P02,Mie Goreng Ayam,152,1
2026-04-14,P03,Nasi Kuning,173,1
2026-04-14,P04,Nasi Uduk,113,1
2026-04-14,P05,Mie Ayam Bakso,205,1
2026-04-14,P06,Soto Ayam,103,1
2026-04-14,P07,Ayam Geprek,120,1
2026-04-14,P08,Es Teh Manis,330,1
2026-04-14,P09,Es Jeruk,308,1
2026-04-14,P10,Kopi Hitam,302,1
2026-04-14,P11,Teh Anget,250,1
2026-04-14,P12,Jus Alpukat,134,1
2026-04-14,P13,Es Campur,124,1
2026-04-14,P14,Kerupuk,382,1
2026-04-14,P15,Kue Lumpur,92,1
2026-04-14,P16,Pisang Goreng,119,1
2026-04-14,P17,Lemper,114,1
2026-04-14,P18,Serabi,61,1
2026-04-14,P19,Tahu Isi,156,1
2026-04-14,P20,Tempe Goreng,110,1
2026-04-14,P21,Roti Bakar Coklat,78,1
2026-04-14,P22,Telur Dadar,188,1
2026-04-14,P23,Capcay,89,1
2026-04-14,P24,Nasi Goreng Seafood,133,1
2026-04-14,P25,Bakso Urat,181,1
2026-04-15,P01,Nasi Goreng Spesial,197,1
2026-04-15,P02,Mie Goreng Ayam,177,1
2026-04-15,P03,Nasi Kuning,146,0
2026-04-15,P04,Nasi Uduk,139,1
2026-04-15,P05,Mie Ayam Bakso,175,0
2026-04-15,P06,Soto Ayam,117,1
2026-04-15,P07,Ayam Geprek,127,1
2026-04-15,P08,Es Teh Manis,422,1
2026-04-15,P09,Es Jeruk,255,1
2026-04-15,P10,Kopi Hitam,253,0
2026-04-15,P11,Teh Anget,161,1
2026-04-15,P12,Jus Alpukat,118,0
2026-04-15,P13,Es Campur,102,0
2026-04-15,P14,Kerupuk,253,1
2026-04-15,P15,Kue Lumpur,85,1
2026-04-15,P16,Pisang Goreng,131,0
2026-04-15,P17,Lemper,94,0
2026-04-15,P18,Serabi,73,1
2026-04-15,P19,Tahu Isi,120,0
2026-04-15,P20,Tempe Goreng,108,0
2026-04-15,P21,Roti Bakar Coklat,83,0
2026-04-15,P22,Telur Dadar,149,0
2026-04-15,P23,Capcay,115,0
2026-04-15,P24,Nasi Goreng Seafood,96,0
2026-04-15,P25,Bakso Urat,136,1
2026-04-16,P01,Nasi Goreng Spesial,188,1
2026-04-16,P02,Mie Goreng Ayam,166,1
2026-04-16,P03,Nasi Kuning,123,1
2026-04-16,P04,Nasi Uduk,125,0
2026-04-16,P05,Mie Ayam Bakso,172,1
2026-04-16,P06,Soto Ayam,96,1
2026-04-16,P07,Ayam Geprek,126,1
2026-04-16,P08,Es Teh Manis,428,0
2026-04-16,P09,Es Jeruk,227,1
2026-04-16,P10,Kopi Hitam,199,1
2026-04-16,P11,Teh Anget,204,1
2026-04-16,P12,Jus Alpukat,95,1
2026-04-16,P13,Es Campur,85,1
2026-04-16,P14,Kerupuk,232,1
2026-04-16,P15,Kue Lumpur,82,0
2026-04-16,P16,Pisang Goreng,127,0
2026-04-16,P17,Lemper,95,0
2026-04-16,P18,Serabi,69,0
2026-04-16,P19,Tahu Isi,116,0
2026-04-16,P20,Tempe Goreng,100,1
2026-04-16,P21,Roti Bakar Coklat,85,0
2026-04-16,P22,Telur Dadar,145,0
2026-04-16,P23,Capcay,101,0
2026-04-16,P24,Nasi Goreng Seafood,93,0
2026-04-16,P25,Bakso Urat,109,1
2026-04-17,P01,Nasi Goreng Spesial,218,0
2026-04-17,P02,Mie Goreng Ayam,182,1
2026-04-17,P03,Nasi Kuning,138,0
2026-04-17,P04,Nasi Uduk,122,0
2026-04-17,P05,Mie Ayam Bakso,159,1
2026-04-17,P06,Soto Ayam,109,0
2026-04-17,P07,Ayam Geprek,151,0
2026-04-17,P08,Es Teh Manis,448,0
2026-04-17,P09,Es Jeruk,293,1
2026-04-17,P10,Kopi Hitam,257,0
2026-04-17,P11,Teh Anget,150,1
2026-04-17,P12,Jus Alpukat,133,0
2026-04-17,P13,Es Campur,107,1
2026-04-17,P14,Kerupuk,276,0
2026-04-17,P15,Kue Lumpur,67,1
2026-04-17,P16,Pisang Goreng,125,1
2026-04-17,P17,Lemper,87,0
2026-04-17,P18,Serabi,65,0
2026-04-17,P19,Tahu Isi,114,0
2026-04-17,P20,Tempe Goreng,86,1
2026-04-17,P21,Roti Bakar Coklat,78,0
2026-04-17,P22,Telur Dadar,135,0
2026-04-17,P23,Capcay,103,0
2026-04-17,P24,Nasi Goreng Seafood,96,0
2026-04-17,P25,Bakso Urat,118,1
2026-04-18,P01,Nasi Goreng Spesial,209,0
2026-04-18,P02,Mie Goreng Ayam,142,1
2026-04-18,P03,Nasi Kuning,150,0
2026-04-18,P04,Nasi Uduk,93,1
2026-04-18,P05,Mie Ayam Bakso,172,1
2026-04-18,P06,Soto Ayam,125,0
2026-04-18,P07,Ayam Geprek,126,1
2026-04-18,P08,Es Teh Manis,363,1
2026-04-18,P09,Es Jeruk,179,1
2026-04-18,P10,Kopi Hitam,206,1
2026-04-18,P11,Teh Anget,194,0
2026-04-18,P12,Jus Alpukat,112,0
2026-04-18,P13,Es Campur,81,1
2026-04-18,P14,Kerupuk,291,0
2026-04-18,P15,Kue Lumpur,84,0
2026-04-18,P16,Pisang Goreng,105,1
2026-04-18,P17,Lemper,94,0
2026-04-18,P18,Serabi,51,1
2026-04-18,P19,Tahu Isi,124,0
2026-04-18,P20,Tempe Goreng,108,0
2026-04-18,P21,Roti Bakar Coklat,75,1
2026-04-18,P22,Telur Dadar,119,1
2026-04-18,P23,Capcay,103,0
2026-04-18,P24,Nasi Goreng Seafood,63,1
2026-04-18,P25,Bakso Urat,117,1
2026-04-19,P01,Nasi Goreng Spesial,160,0
2026-04-19,P02,Mie Goreng Ayam,130,0
2026-04-19,P03,Nasi Kuning,95,0
2026-04-19,P04,Nasi Uduk,85,1
2026-04-19,P05,Mie Ayam Bakso,113,0
2026-04-19,P06,Soto Ayam,81,0
2026-04-19,P07,Ayam Geprek,100,1
2026-04-19,P08,Es Teh Manis,220,0
2026-04-19,P09,Es Jeruk,147,0
2026-04-19,P10,Kopi Hitam,118,0
2026-04-19,P11,Teh Anget,100,0
2026-04-19,P12,Jus Alpukat,60,0
2026-04-19,P13,Es Campur,53,0
2026-04-19,P14,Kerupuk,187,1
2026-04-19,P15,Kue Lumpur,66,0
2026-04-19,P16,Pisang Goreng,93,0
2026-04-19,P17,Lemper,75,0
2026-04-19,P18,Serabi,55,0
2026-04-19,P19,Tahu Isi,90,0
2026-04-19,P20,Tempe Goreng,85,0
2026-04-19,P21,Roti Bakar Coklat,62,0
2026-04-19,P22,Telur Dadar,102,0
2026-04-19,P23,Capcay,75,0
2026-04-19,P24,Nasi Goreng Seafood,67,0
2026-04-19,P25,Bakso Urat,85,1
2026-04-20,P01,Nasi Goreng Spesial,133,0
2026-04-20,P02,Mie Goreng Ayam,113,0
2026-04-20,P03,Nasi Kuning,79,0
2026-04-20,P04,Nasi Uduk,72,0
2026-04-20,P05,Mie Ayam Bakso,92,0
2026-04-20,P06,Soto Ayam,67,0
2026-04-20,P07,Ayam Geprek,87,0
2026-04-20,P08,Es Teh Manis,179,0
2026-04-20,P09,Es Jeruk,114,0
2026-04-20,P10,Kopi Hitam,109,0
2026-04-20,P11,Teh Anget,90,0
2026-04-20,P12,Jus Alpukat,49,0
2026-04-20,P13,Es Campur,42,0
2026-04-20,P14,Kerupuk,161,0
2026-04-20,P15,Kue Lumpur,49,0
2026-04-20,P16,Pisang Goreng,78,0
2026-04-20,P17,Lemper,54,0
2026-04-20,P18,Serabi,40,0
2026-04-20,P19,Tahu Isi,70,0
2026-04-20,P20,Tempe Goreng,62,0
2026-04-20,P21,Roti Bakar Coklat,46,0
2026-04-20,P22,Telur Dadar,83,0
2026-04-20,P23,Capcay,59,0
2026-04-20,P24,Nasi Goreng Seafood,52,0
2026-04-20,P25,Bakso Urat,75,0
2026-04-21,P01,Nasi Goreng Spesial,186,0
2026-04-21,P02,Mie Goreng Ayam,171,0
2026-04-21,P03,Nasi Kuning,101,1
2026-04-21,P04,Nasi Uduk,103,1
2026-04-21,P05,Mie Ayam Bakso,127,1
2026-04-21,P06,Soto Ayam,85,1
2026-04-21,P07,Ayam Geprek,131,1
2026-04-21,P08,Es Teh Manis,365,0
2026-04-21,P09,Es Jeruk,220,1
2026-04-21,P10,Kopi Hitam,204,0
2026-04-21,P11,Teh Anget,141,1
2026-04-21,P12,Jus Alpukat,96,0
2026-04-21,P13,Es Campur,69,1
2026-04-21,P14,Kerupuk,229,1
2026-04-21,P15,Kue Lumpur,59,1
2026-04-21,P16,Pisang Goreng,99,1
2026-04-21,P17,Lemper,67,1
2026-04-21,P18,Serabi,61,0
2026-04-21,P19,Tahu Isi,87,1
2026-04-21,P20,Tempe Goreng,72,1
2026-04-21,P21,Roti Bakar Coklat,64,1
2026-04-21,P22,Telur Dadar,127,0
2026-04-21,P23,Capcay,92,1
2026-04-21,P24,Nasi Goreng Seafood,67,1
2026-04-21,P25,Bakso Urat,86,1
2026-04-22,P01,Nasi Goreng Spesial,107,0
2026-04-22,P02,Mie Goreng Ayam,96,0
2026-04-22,P03,Nasi Kuning,73,0
2026-04-22,P04,Nasi Uduk,58,0
2026-04-22,P05,Mie Ayam Bakso,80,0
2026-04-22,P06,Soto Ayam,50,0
2026-04-22,P07,Ayam Geprek,73,0
2026-04-22,P08,Es Teh Manis,157,0
2026-04-22,P09,Es Jeruk,99,0
2026-04-22,P10,Kopi Hitam,91,0
2026-04-22,P11,Teh Anget,73,0
2026-04-22,P12,Jus Alpukat,41,0
2026-04-22,P13,Es Campur,35,0
2026-04-22,P14,Kerupuk,131,0
2026-04-22,P15,Kue Lumpur,35,0
2026-04-22,P16,Pisang Goreng,57,0
2026-04-22,P17,Lemper,48,0
2026-04-22,P18,Serabi,37,0
2026-04-22,P19,Tahu Isi,52,0
2026-04-22,P20,Tempe Goreng,51,0
2026-04-22,P21,Roti Bakar Coklat,35,0
2026-04-22,P22,Telur Dadar,63,0
2026-04-22,P23,Capcay,51,0
2026-04-22,P24,Nasi Goreng Seafood,43,0
2026-04-22,P25,Bakso Urat,53,0
2026-04-23,P01,Nasi Goreng Spesial,116,0
2026-04-23,P02,Mie Goreng Ayam,89,0
2026-04-23,P03,Nasi Kuning,60,0
2026-04-23,P04,Nasi Uduk,61,0
2026-04-23,P05,Mie Ayam Bakso,83,0
2026-04-23,P06,Soto Ayam,60,0
2026-04-23,P07,Ayam Geprek,71,0
2026-04-23,P08,Es Teh Manis,127,0
2026-04-23,P09,Es Jeruk,88,0
2026-04-23,P10,Kopi Hitam,74,0
2026-04-23,P11,Teh Anget,54,0
2026-04-23,P12,Jus Alpukat,37,0
2026-04-23,P13,Es Campur,35,0
2026-04-23,P14,Kerupuk,136,0
2026-04-23,P15,Kue Lumpur,39,0
2026-04-23,P16,Pisang Goreng,60,0
2026-04-23,P17,Lemper,44,0
2026-04-23,P18,Serabi,33,0
2026-04-23,P19,Tahu Isi,60,0
2026-04-23,P20,Tempe Goreng,51,0
2026-04-23,P21,Roti Bakar Coklat,48,0
2026-04-23,P22,Telur Dadar,67,0
2026-04-23,P23,Capcay,53,0
2026-04-23,P24,Nasi Goreng Seafood,44,0
2026-04-23,P25,Bakso Urat,61,0
2026-04-24,P01,Nasi Goreng Spesial,122,0
2026-04-24,P02,Mie Goreng Ayam,107,0
2026-04-24,P03,Nasi Kuning,88,0
2026-04-24,P04,Nasi Uduk,72,0
2026-04-24,P05,Mie Ayam Bakso,101,0
2026-04-24,P06,Soto Ayam,65,0
2026-04-24,P07,Ayam Geprek,91,0
2026-04-24,P08,Es Teh Manis,165,0
2026-04-24,P09,Es Jeruk,120,0
2026-04-24,P10,Kopi Hitam,91,0
2026-04-24,P11,Teh Anget,91,0
2026-04-24,P12,Jus Alpukat,47,0
2026-04-24,P13,Es Campur,39,0
2026-04-24,P14,Kerupuk,150,0
2026-04-24,P15,Kue Lumpur,48,0
2026-04-24,P16,Pisang Goreng,74,0
2026-04-24,P17,Lemper,57,0
2026-04-24,P18,Serabi,40,0
2026-04-24,P19,Tahu Isi,73,0
2026-04-24,P20,Tempe Goreng,60,0
2026-04-24,P21,Roti Bakar Coklat,51,0
2026-04-24,P22,Telur Dadar,77,0
2026-04-24,P23,Capcay,56,0
2026-04-24,P24,Nasi Goreng Seafood,52,0
2026-04-24,P25,Bakso Urat,70,0
2026-04-25,P01,Nasi Goreng Spesial,244,1
2026-04-25,P02,Mie Goreng Ayam,156,1
2026-04-25,P03,Nasi Kuning,103,1
2026-04-25,P04,Nasi Uduk,124,1
2026-04-25,P05,Mie Ayam Bakso,181,1
2026-04-25,P06,Soto Ayam,134,1
2026-04-25,P07,Ayam Geprek,171,1
2026-04-25,P08,Es Teh Manis,420,1
2026-04-25,P09,Es Jeruk,213,1
2026-04-25,P10,Kopi Hitam,193,1
2026-04-25,P11,Teh Anget,148,1
2026-04-25,P12,Jus Alpukat,120,1
2026-04-25,P13,Es Campur,64,1
2026-04-25,P14,Kerupuk,265,1
2026-04-25,P15,Kue Lumpur,63,1
2026-04-25,P16,Pisang Goreng,142,1
2026-04-25,P17,Lemper,77,1
2026-04-25,P18,Serabi,78,1
2026-04-25,P19,Tahu Isi,134,1
2026-04-25,P20,Tempe Goreng,77,1
2026-04-25,P21,Roti Bakar Coklat,86,1
2026-04-25,P22,Telur Dadar,116,1
2026-04-25,P23,Capcay,90,1
2026-04-25,P24,Nasi Goreng Seafood,73,1
2026-04-25,P25,Bakso Urat,125,1
2026-04-26,P01,Nasi Goreng Spesial,155,1
2026-04-26,P02,Mie Goreng Ayam,172,1
2026-04-26,P03,Nasi Kuning,131,0
2026-04-26,P04,Nasi Uduk,117,0
2026-04-26,P05,Mie Ayam Bakso,156,1
2026-04-26,P06,Soto Ayam,109,0
2026-04-26,P07,Ayam Geprek,118,1
2026-04-26,P08,Es Teh Manis,267,0
2026-04-26,P09,Es Jeruk,181,0
2026-04-26,P10,Kopi Hitam,144,0
2026-04-26,P11,Teh Anget,134,0
2026-04-26,P12,Jus Alpukat,73,1
2026-04-26,P13,Es Campur,64,0
2026-04-26,P14,Kerupuk,186,1
2026-04-26,P15,Kue Lumpur,76,0
2026-04-26,P16,Pisang Goreng,104,1
2026-04-26,P17,Lemper,81,1
2026-04-26,P18,Serabi,67,1
2026-04-26,P19,Tahu Isi,74,1
2026-04-26,P20,Tempe Goreng,87,1
2026-04-26,P21,Roti Bakar Coklat,85,1
2026-04-26,P22,Telur Dadar,111,1
2026-04-26,P23,Capcay,100,1
2026-04-26,P24,Nasi Goreng Seafood,86,0
2026-04-26,P25,Bakso Urat,90,1
2026-04-27,P01,Nasi Goreng Spesial,85,0
2026-04-27,P02,Mie Goreng Ayam,58,0
2026-04-27,P03,Nasi Kuning,40,0
2026-04-27,P04,Nasi Uduk,42,0
2026-04-27,P05,Mie Ayam Bakso,64,0
2026-04-27,P06,Soto Ayam,49,0
2026-04-27,P07,Ayam Geprek,50,0
2026-04-27,P08,Es Teh Manis,97,0
2026-04-27,P09,Es Jeruk,91,0
2026-04-27,P10,Kopi Hitam,59,0
2026-04-27,P11,Teh Anget,50,0
2026-04-27,P12,Jus Alpukat,37,0
2026-04-27,P13,Es Campur,32,0
2026-04-27,P14,Kerupuk,112,0
2026-04-27,P15,Kue Lumpur,25,0
2026-04-27,P16,Pisang Goreng,41,0
2026-04-27,P17,Lemper,38,0
2026-04-27,P18,Serabi,26,0
2026-04-27,P19,Tahu Isi,40,0
2026-04-27,P20,Tempe Goreng,37,0
2026-04-27,P21,Roti Bakar Coklat,33,0
2026-04-27,P22,Telur Dadar,58,0
2026-04-27,P23,Capcay,38,0
2026-04-27,P24,Nasi Goreng Seafood,31,0
2026-04-27,P25,Bakso Urat,45,0
2026-04-28,P01,Nasi Goreng Spesial,118,0
2026-04-28,P02,Mie Goreng Ayam,102,0
2026-04-28,P03,Nasi Kuning,76,0
2026-04-28,P04,Nasi Uduk,66,0
2026-04-28,P05,Mie Ayam Bakso,96,0
2026-04-28,P06,Soto Ayam,63,0
2026-04-28,P07,Ayam Geprek,85,0
2026-04-28,P08,Es Teh Manis,240,0
2026-04-28,P09,Es Jeruk,165,0
2026-04-28,P10,Kopi Hitam,125,0
2026-04-28,P11,Teh Anget,110,0
2026-04-28,P12,Jus Alpukat,74,0
2026-04-28,P13,Es Campur,63,0
2026-04-28,P14,Kerupuk,150,0
2026-04-28,P15,Kue Lumpur,42,0
2026-04-28,P16,Pisang Goreng,58,0
2026-04-28,P17,Lemper,47,0
2026-04-28,P18,Serabi,36,0
2026-04-28,P19,Tahu Isi,60,0
2026-04-28,P20,Tempe Goreng,54,0
2026-04-28,P21,Roti Bakar Coklat,45,0
2026-04-28,P22,Telur Dadar,71,0
2026-04-28,P23,Capcay,58,0
2026-04-28,P24,Nasi Goreng Seafood,50,0
2026-04-28,P25,Bakso Urat,65,0
2026-04-29,P01,Nasi Goreng Spesial,80,0
2026-04-29,P02,Mie Goreng Ayam,68,0
2026-04-29,P03,Nasi Kuning,49,0
2026-04-29,P04,Nasi Uduk,49,0
2026-04-29,P05,Mie Ayam Bakso,64,0
2026-04-29,P06,Soto Ayam,44,0
2026-04-29,P07,Ayam Geprek,54,0
2026-04-29,P08,Es Teh Manis,91,0
2026-04-29,P09,Es Jeruk,76,0
2026-04-29,P10,Kopi Hitam,61,0
2026-04-29,P11,Teh Anget,53,0
2026-04-29,P12,Jus Alpukat,31,0
2026-04-29,P13,Es Campur,32,0
2026-04-29,P14,Kerupuk,97,0
2026-04-29,P15,Kue Lumpur,25,0
2026-04-29,P16,Pisang Goreng,42,0
2026-04-29,P17,Lemper,32,0
2026-04-29,P18,Serabi,28,0
2026-04-29,P19,Tahu Isi,38,0
2026-04-29,P20,Tempe Goreng,34,0
2026-04-29,P21,Roti Bakar Coklat,31,0
2026-04-29,P22,Telur Dadar,55,0
2026-04-29,P23,Capcay,32,0
2026-04-29,P24,Nasi Goreng Seafood,28,0
2026-04-29,P25,Bakso Urat,43,0
2026-04-30,P01,Nasi Goreng Spesial,87,0
2026-04-30,P02,Mie Goreng Ayam,76,0
2026-04-30,P03,Nasi Kuning,51,0
2026-04-30,P04,Nasi Uduk,41,0
2026-04-30,P05,Mie Ayam Bakso,55,0
2026-04-30,P06,Soto Ayam,42,0
2026-04-30,P07,Ayam Geprek,60,0
2026-04-30,P08,Es Teh Manis,96,0
2026-04-30,P09,Es Jeruk,68,0
2026-04-30,P10,Kopi Hitam,69,0
2026-04-30,P11,Teh Anget,45,0
2026-04-30,P12,Jus Alpukat,28,0
2026-04-30,P13,Es Campur,32,0
2026-04-30,P14,Kerupuk,101,0
2026-04-30,P15,Kue Lumpur,29,0
2026-04-30,P16,Pisang Goreng,53,0
2026-04-30,P17,Lemper,31,0
2026-04-30,P18,Serabi,22,0
2026-04-30,P19,Tahu Isi,49,0
2026-04-30,P20,Tempe Goreng,39,0
2026-04-30,P21,Roti Bakar Coklat,32,0
2026-04-30,P22,Telur Dadar,49,0
2026-04-30,P23,Capcay,37,0
2026-04-30,P24,Nasi Goreng Seafood,31,0
2026-04-30,P25,Bakso Urat,47,0
2026-05-01,P01,Nasi Goreng Spesial,99,0
2026-05-01,P02,Mie Goreng Ayam,84,0
2026-05-01,P03,Nasi Kuning,61,0
2026-05-01,P04,Nasi Uduk,52,0
2026-05-01,P05,Mie Ayam Bakso,82,0
2026-05-01,P06,Soto Ayam,57,0
2026-05-01,P07,Ayam Geprek,76,0
2026-05-01,P08,Es Teh Manis,114,0
2026-05-01,P09,Es Jeruk,77,0
2026-05-01,P10,Kopi Hitam,65,0
2026-05-01,P11,Teh Anget,63,0
2026-05-01,P12,Jus Alpukat,34,0
2026-05-01,P13,Es Campur,28,0
2026-05-01,P14,Kerupuk,134,0
2026-05-01,P15,Kue Lumpur,36,0
2026-05-01,P16,Pisang Goreng,54,0
2026-05-01,P17,Lemper,44,0
2026-05-01,P18,Serabi,31,0
2026-05-01,P19,Tahu Isi,54,0
2026-05-01,P20,Tempe Goreng,39,0
2026-05-01,P21,Roti Bakar Coklat,35,0
2026-05-01,P22,Telur Dadar,62,0
2026-05-01,P23,Capcay,41,0
2026-05-01,P24,Nasi Goreng Seafood,37,0
2026-05-01,P25,Bakso Urat,57,0
2026-05-02,P01,Nasi Goreng Spesial,145,0
2026-05-02,P02,Mie Goreng Ayam,126,0
2026-05-02,P03,Nasi Kuning,90,0
2026-05-02,P04,Nasi Uduk,87,0
2026-05-02,P05,Mie Ayam Bakso,112,0
2026-05-02,P06,Soto Ayam,83,0
2026-05-02,P07,Ayam Geprek,117,0
2026-05-02,P08,Es Teh Manis,259,0
2026-05-02,P09,Es Jeruk,158,0
2026-05-02,P10,Kopi Hitam,154,0
2026-05-02,P11,Teh Anget,121,0
2026-05-02,P12,Jus Alpukat,70,1
2026-05-02,P13,Es Campur,66,0
2026-05-02,P14,Kerupuk,186,0
2026-05-02,P15,Kue Lumpur,53,0
2026-05-02,P16,Pisang Goreng,91,0
2026-05-02,P17,Lemper,63,0
2026-05-02,P18,Serabi,51,0
2026-05-02,P19,Tahu Isi,79,0
2026-05-02,P20,Tempe Goreng,77,0
2026-05-02,P21,Roti Bakar Coklat,52,0
2026-05-02,P22,Telur Dadar,88,0
2026-05-02,P23,Capcay,75,0
2026-05-02,P24,Nasi Goreng Seafood,62,0
2026-05-02,P25,Bakso Urat,87,0
2026-05-03,P01,Nasi Goreng Spesial,252,0
2026-05-03,P02,Mie Goreng Ayam,221,0
2026-05-03,P03,Nasi Kuning,135,1
2026-05-03,P04,Nasi Uduk,101,1
2026-05-03,P05,Mie Ayam Bakso,197,0
2026-05-03,P06,Soto Ayam,137,1
2026-05-03,P07,Ayam Geprek,146,1
2026-05-03,P08,Es Teh Manis,384,1
2026-05-03,P09,Es Jeruk,236,1
2026-05-03,P10,Kopi Hitam,165,1
2026-05-03,P11,Teh Anget,185,1
2026-05-03,P12,Jus Alpukat,110,1
2026-05-03,P13,Es Campur,91,1
2026-05-03,P14,Kerupuk,318,1
2026-05-03,P15,Kue Lumpur,75,1
2026-05-03,P16,Pisang Goreng,149,1
2026-05-03,P17,Lemper,74,1
2026-05-03,P18,Serabi,82,0
2026-05-03,P19,Tahu Isi,91,1
2026-05-03,P20,Tempe Goreng,79,1
2026-05-03,P21,Roti Bakar Coklat,82,1
2026-05-03,P22,Telur Dadar,101,1
2026-05-03,P23,Capcay,80,1
2026-05-03,P24,Nasi Goreng Seafood,101,1
2026-05-03,P25,Bakso Urat,108,1
2026-05-04,P01,Nasi Goreng Spesial,133,0
2026-05-04,P02,Mie Goreng Ayam,118,0
2026-05-04,P03,Nasi Kuning,80,0
2026-05-04,P04,Nasi Uduk,75,0
2026-05-04,P05,Mie Ayam Bakso,104,0
2026-05-04,P06,Soto Ayam,69,0
2026-05-04,P07,Ayam Geprek,95,0
2026-05-04,P08,Es Teh Manis,170,0
2026-05-04,P09,Es Jeruk,126,0
2026-05-04,P10,Kopi Hitam,96,0
2026-05-04,P11,Teh Anget,73,0
2026-05-04,P12,Jus Alpukat,54,0
2026-05-04,P13,Es Campur,43,0
2026-05-04,P14,Kerupuk,171,0
2026-05-04,P15,Kue Lumpur,48,0
2026-05-04,P16,Pisang Goreng,82,0
2026-05-04,P17,Lemper,59,0
2026-05-04,P18,Serabi,44,0
2026-05-04,P19,Tahu Isi,70,0
2026-05-04,P20,Tempe Goreng,65,0
2026-05-04,P21,Roti Bakar Coklat,51,0
2026-05-04,P22,Telur Dadar,94,0
2026-05-04,P23,Capcay,66,0
2026-05-04,P24,Nasi Goreng Seafood,54,0
2026-05-04,P25,Bakso Urat,80,0
2026-05-05,P01,Nasi Goreng Spesial,117,0
2026-05-05,P02,Mie Goreng Ayam,90,0
2026-05-05,P03,Nasi Kuning,72,0
2026-05-05,P04,Nasi Uduk,65,0
2026-05-05,P05,Mie Ayam Bakso,98,0
2026-05-05,P06,Soto Ayam,62,0
2026-05-05,P07,Ayam Geprek,67,0
2026-05-05,P08,Es Teh Manis,140,0
2026-05-05,P09,Es Jeruk,99,0
2026-05-05,P10,Kopi Hitam,75,0
2026-05-05,P11,Teh Anget,59,0
2026-05-05,P12,Jus Alpukat,41,0
2026-05-05,P13,Es Campur,32,0
2026-05-05,P14,Kerupuk,150,0
2026-05-05,P15,Kue Lumpur,39,0
2026-05-05,P16,Pisang Goreng,63,0
2026-05-05,P17,Lemper,51,0
2026-05-05,P18,Serabi,37,0
2026-05-05,P19,Tahu Isi,60,0
2026-05-05,P20,Tempe Goreng,54,0
2026-05-05,P21,Roti Bakar Coklat,42,0
2026-05-05,P22,Telur Dadar,69,0
2026-05-05,P23,Capcay,49,0
2026-05-05,P24,Nasi Goreng Seafood,50,0
2026-05-05,P25,Bakso Urat,73,0
2026-05-06,P01,Nasi Goreng Spesial,213,0
2026-05-06,P02,Mie Goreng Ayam,159,1
2026-05-06,P03,Nasi Kuning,105,1
2026-05-06,P04,Nasi Uduk,120,0
2026-05-06,P05,Mie Ayam Bakso,163,0
2026-05-06,P06,Soto Ayam,93,1
2026-05-06,P07,Ayam Geprek,142,0
2026-05-06,P08,Es Teh Manis,303,1
2026-05-06,P09,Es Jeruk,243,0
2026-05-06,P10,Kopi Hitam,216,1
2026-05-06,P11,Teh Anget,165,1
2026-05-06,P12,Jus Alpukat,106,0
2026-05-06,P13,Es Campur,91,0
2026-05-06,P14,Kerupuk,208,1
2026-05-06,P15,Kue Lumpur,70,0
2026-05-06,P16,Pisang Goreng,120,0
2026-05-06,P17,Lemper,86,0
2026-05-06,P18,Serabi,57,1
2026-05-06,P19,Tahu Isi,93,1
2026-05-06,P20,Tempe Goreng,97,0
2026-05-06,P21,Roti Bakar Coklat,75,1
2026-05-06,P22,Telur Dadar,133,0
2026-05-06,P23,Capcay,96,0
2026-05-06,P24,Nasi Goreng Seafood,67,1
2026-05-06,P25,Bakso Urat,91,1
2026-05-07,P01,Nasi Goreng Spesial,184,0
2026-05-07,P02,Mie Goreng Ayam,151,0
2026-05-07,P03,Nasi Kuning,120,0
2026-05-07,P04,Nasi Uduk,110,0
2026-05-07,P05,Mie Ayam Bakso,131,1
2026-05-07,P06,Soto Ayam,93,1
2026-05-07,P07,Ayam Geprek,135,0
2026-05-07,P08,Es Teh Manis,371,0
2026-05-07,P09,Es Jeruk,247,1
2026-05-07,P10,Kopi Hitam,148,1
2026-05-07,P11,Teh Anget,165,1
2026-05-07,P12,Jus Alpukat,103,0
2026-05-07,P13,Es Campur,75,1
2026-05-07,P14,Kerupuk,231,0
2026-05-07,P15,Kue Lumpur,67,1
2026-05-07,P16,Pisang Goreng,107,0
2026-05-07,P17,Lemper,83,0
2026-05-07,P18,Serabi,55,1
2026-05-07,P19,Tahu Isi,91,0
2026-05-07,P20,Tempe Goreng,88,0
2026-05-07,P21,Roti Bakar Coklat,69,1
2026-05-07,P22,Telur Dadar,119,0
2026-05-07,P23,Capcay,88,0
2026-05-07,P24,Nasi Goreng Seafood,78,0
2026-05-07,P25,Bakso Urat,91,1
2026-05-08,P01,Nasi Goreng Spesial,218,1
2026-05-08,P02,Mie Goreng Ayam,125,1
2026-05-08,P03,Nasi Kuning,105,1
2026-05-08,P04,Nasi Uduk,124,0
2026-05-08,P05,Mie Ayam Bakso,126,1
2026-05-08,P06,Soto Ayam,110,1
2026-05-08,P07,Ayam Geprek,157,0
2026-05-08,P08,Es Teh Manis,421,1
2026-05-08,P09,Es Jeruk,298,1
2026-05-08,P10,Kopi Hitam,168,1
2026-05-08,P11,Teh Anget,160,1
2026-05-08,P12,Jus Alpukat,108,1
2026-05-08,P13,Es Campur,93,1
2026-05-08,P14,Kerupuk,284,0
2026-05-08,P15,Kue Lumpur,67,1
2026-05-08,P16,Pisang Goreng,91,1
2026-05-08,P17,Lemper,83,1
2026-05-08,P18,Serabi,66,0
2026-05-08,P19,Tahu Isi,104,1
2026-05-08,P20,Tempe Goreng,89,1
2026-05-08,P21,Roti Bakar Coklat,66,1
2026-05-08,P22,Telur Dadar,128,1
2026-05-08,P23,Capcay,103,0
2026-05-08,P24,Nasi Goreng Seafood,70,1
2026-05-08,P25,Bakso Urat,129,0
2026-05-09,P01,Nasi Goreng Spesial,141,0
2026-05-09,P02,Mie Goreng Ayam,124,0
2026-05-09,P03,Nasi Kuning,89,0
2026-05-09,P04,Nasi Uduk,79,0
2026-05-09,P05,Mie Ayam Bakso,101,0
2026-05-09,P06,Soto Ayam,76,0
2026-05-09,P07,Ayam Geprek,117,0
2026-05-09,P08,Es Teh Manis,199,0
2026-05-09,P09,Es Jeruk,128,0
2026-05-09,P10,Kopi Hitam,107,0
2026-05-09,P11,Teh Anget,89,0
2026-05-09,P12,Jus Alpukat,51,0
2026-05-09,P13,Es Campur,48,0
2026-05-09,P14,Kerupuk,184,0
2026-05-09,P15,Kue Lumpur,51,0
2026-05-09,P16,Pisang Goreng,87,0
2026-05-09,P17,Lemper,63,0
2026-05-09,P18,Serabi,46,0
2026-05-09,P19,Tahu Isi,78,0
2026-05-09,P20,Tempe Goreng,73,0
2026-05-09,P21,Roti Bakar Coklat,54,0
2026-05-09,P22,Telur Dadar,86,0
2026-05-09,P23,Capcay,63,0
2026-05-09,P24,Nasi Goreng Seafood,58,0
2026-05-09,P25,Bakso Urat,87,0
2026-05-10,P01,Nasi Goreng Spesial,175,0
2026-05-10,P02,Mie Goreng Ayam,138,1
2026-05-10,P03,Nasi Kuning,104,0
2026-05-10,P04,Nasi Uduk,104,0
2026-05-10,P05,Mie Ayam Bakso,122,0
2026-05-10,P06,Soto Ayam,92,0
2026-05-10,P07,Ayam Geprek,118,0
2026-05-10,P08,Es Teh Manis,209,0
2026-05-10,P09,Es Jeruk,151,0
2026-05-10,P10,Kopi Hitam,130,0
2026-05-10,P11,Teh Anget,104,0
2026-05-10,P12,Jus Alpukat,61,0
2026-05-10,P13,Es Campur,59,0
2026-05-10,P14,Kerupuk,210,0
2026-05-10,P15,Kue Lumpur,62,1
2026-05-10,P16,Pisang Goreng,93,1
2026-05-10,P17,Lemper,69,1
2026-05-10,P18,Serabi,54,1
2026-05-10,P19,Tahu Isi,87,0
2026-05-10,P20,Tempe Goreng,82,1
2026-05-10,P21,Roti Bakar Coklat,58,1
2026-05-10,P22,Telur Dadar,104,1
2026-05-10,P23,Capcay,84,0
2026-05-10,P24,Nasi Goreng Seafood,75,0
2026-05-10,P25,Bakso Urat,101,0
2026-05-11,P01,Nasi Goreng Spesial,203,1
2026-05-11,P02,Mie Goreng Ayam,162,1
2026-05-11,P03,Nasi Kuning,138,0
2026-05-11,P04,Nasi Uduk,107,1
2026-05-11,P05,Mie Ayam Bakso,164,0
2026-05-11,P06,Soto Ayam,99,1
2026-05-11,P07,Ayam Geprek,112,1
2026-05-11,P08,Es Teh Manis,300,1
2026-05-11,P09,Es Jeruk,248,1
2026-05-11,P10,Kopi Hitam,156,1
2026-05-11,P11,Teh Anget,155,1
2026-05-11,P12,Jus Alpukat,124,1
2026-05-11,P13,Es Campur,67,1
2026-05-11,P14,Kerupuk,281,0
2026-05-11,P15,Kue Lumpur,73,1
2026-05-11,P16,Pisang Goreng,122,0
2026-05-11,P17,Lemper,88,1
2026-05-11,P18,Serabi,66,0
2026-05-11,P19,Tahu Isi,105,1
2026-05-11,P20,Tempe Goreng,96,0
2026-05-11,P21,Roti Bakar Coklat,60,1
2026-05-11,P22,Telur Dadar,133,1
2026-05-11,P23,Capcay,77,1
2026-05-11,P24,Nasi Goreng Seafood,93,1
2026-05-11,P25,Bakso Urat,117,1
2026-05-12,P01,Nasi Goreng Spesial,129,0
2026-05-12,P02,Mie Goreng Ayam,107,0
2026-05-12,P03,Nasi Kuning,76,0
2026-05-12,P04,Nasi Uduk,68,0
2026-05-12,P05,Mie Ayam Bakso,93,0
2026-05-12,P06,Soto Ayam,61,0
2026-05-12,P07,Ayam Geprek,86,0
2026-05-12,P08,Es Teh Manis,237,0
2026-05-12,P09,Es Jeruk,164,0
2026-05-12,P10,Kopi Hitam,138,0
2026-05-12,P11,Teh Anget,116,0
2026-05-12,P12,Jus Alpukat,65,0
2026-05-12,P13,Es Campur,63,0
2026-05-12,P14,Kerupuk,153,0
2026-05-12,P15,Kue Lumpur,50,0
2026-05-12,P16,Pisang Goreng,68,0
2026-05-12,P17,Lemper,46,0
2026-05-12,P18,Serabi,40,0
2026-05-12,P19,Tahu Isi,66,0
2026-05-12,P20,Tempe Goreng,62,0
2026-05-12,P21,Roti Bakar Coklat,46,0
2026-05-12,P22,Telur Dadar,91,0
2026-05-12,P23,Capcay,59,0
2026-05-12,P24,Nasi Goreng Seafood,56,0
2026-05-12,P25,Bakso Urat,71,0
2026-05-13,P01,Nasi Goreng Spesial,85,0
2026-05-13,P02,Mie Goreng Ayam,81,0
2026-05-13,P03,Nasi Kuning,51,0
2026-05-13,P04,Nasi Uduk,54,0
2026-05-13,P05,Mie Ayam Bakso,70,0
2026-05-13,P06,Soto Ayam,38,0
2026-05-13,P07,Ayam Geprek,58,0
2026-05-13,P08,Es Teh Manis,97,0
2026-05-13,P09,Es Jeruk,62,0
2026-05-13,P10,Kopi Hitam,67,0
2026-05-13,P11,Teh Anget,54,0
2026-05-13,P12,Jus Alpukat,31,0
2026-05-13,P13,Es Campur,24,0
2026-05-13,P14,Kerupuk,111,0
2026-05-13,P15,Kue Lumpur,28,0
2026-05-13,P16,Pisang Goreng,50,0
2026-05-13,P17,Lemper,34,0
2026-05-13,P18,Serabi,29,0
2026-05-13,P19,Tahu Isi,44,0
2026-05-13,P20,Tempe Goreng,41,0
2026-05-13,P21,Roti Bakar Coklat,32,0
2026-05-13,P22,Telur Dadar,54,0
2026-05-13,P23,Capcay,41,0
2026-05-13,P24,Nasi Goreng Seafood,37,0
2026-05-13,P25,Bakso Urat,46,0
2026-05-14,P01,Nasi Goreng Spesial,123,0
2026-05-14,P02,Mie Goreng Ayam,110,0
2026-05-14,P03,Nasi Kuning,77,0
2026-05-14,P04,Nasi Uduk,72,0
2026-05-14,P05,Mie Ayam Bakso,86,0
2026-05-14,P06,Soto Ayam,67,0
2026-05-14,P07,Ayam Geprek,80,0
2026-05-14,P08,Es Teh Manis,261,0
2026-05-14,P09,Es Jeruk,176,0
2026-05-14,P10,Kopi Hitam,141,0
2026-05-14,P11,Teh Anget,106,0
2026-05-14,P12,Jus Alpukat,73,0
2026-05-14,P13,Es Campur,62,0
2026-05-14,P14,Kerupuk,153,0
2026-05-14,P15,Kue Lumpur,43,0
2026-05-14,P16,Pisang Goreng,69,0
2026-05-14,P17,Lemper,53,0
2026-05-14,P18,Serabi,35,0
2026-05-14,P19,Tahu Isi,63,0
2026-05-14,P20,Tempe Goreng,52,0
2026-05-14,P21,Roti Bakar Coklat,44,0
2026-05-14,P22,Telur Dadar,75,0
2026-05-14,P23,Capcay,53,0
2026-05-14,P24,Nasi Goreng Seafood,49,0
2026-05-14,P25,Bakso Urat,65,0
2026-05-15,P01,Nasi Goreng Spesial,132,0
2026-05-15,P02,Mie Goreng Ayam,106,0
2026-05-15,P03,Nasi Kuning,85,0
2026-05-15,P04,Nasi Uduk,77,0
2026-05-15,P05,Mie Ayam Bakso,92,0
2026-05-15,P06,Soto Ayam,63,0
2026-05-15,P07,Ayam Geprek,77,0
2026-05-15,P08,Es Teh Manis,257,0
2026-05-15,P09,Es Jeruk,155,0
2026-05-15,P10,Kopi Hitam,123,0
2026-05-15,P11,Teh Anget,112,0
2026-05-15,P12,Jus Alpukat,61,0
2026-05-15,P13,Es Campur,60,0
2026-05-15,P14,Kerupuk,153,0
2026-05-15,P15,Kue Lumpur,48,0
2026-05-15,P16,Pisang Goreng,75,0
2026-05-15,P17,Lemper,55,0
2026-05-15,P18,Serabi,39,0
2026-05-15,P19,Tahu Isi,61,0
2026-05-15,P20,Tempe Goreng,54,0
2026-05-15,P21,Roti Bakar Coklat,44,0
2026-05-15,P22,Telur Dadar,90,0
2026-05-15,P23,Capcay,59,0
2026-05-15,P24,Nasi Goreng Seafood,54,0
2026-05-15,P25,Bakso Urat,80,0
2026-05-16,P01,Nasi Goreng Spesial,173,0
2026-05-16,P02,Mie Goreng Ayam,148,0
2026-05-16,P03,Nasi Kuning,114,0
2026-05-16,P04,Nasi Uduk,97,1
2026-05-16,P05,Mie Ayam Bakso,138,0
2026-05-16,P06,Soto Ayam,90,0
2026-05-16,P07,Ayam Geprek,115,0
2026-05-16,P08,Es Teh Manis,405,1
2026-05-16,P09,Es Jeruk,260,1
2026-05-16,P10,Kopi Hitam,168,1
2026-05-16,P11,Teh Anget,126,1
2026-05-16,P12,Jus Alpukat,108,1
2026-05-16,P13,Es Campur,95,1
2026-05-16,P14,Kerupuk,210,0
2026-05-16,P15,Kue Lumpur,60,0
2026-05-16,P16,Pisang Goreng,98,1
2026-05-16,P17,Lemper,74,1
2026-05-16,P18,Serabi,58,0
2026-05-16,P19,Tahu Isi,85,0
2026-05-16,P20,Tempe Goreng,77,0
2026-05-16,P21,Roti Bakar Coklat,59,1
2026-05-16,P22,Telur Dadar,110,0
2026-05-16,P23,Capcay,78,0
2026-05-16,P24,Nasi Goreng Seafood,77,0
2026-05-16,P25,Bakso Urat,102,0
2026-05-17,P01,Nasi Goreng Spesial,147,0
2026-05-17,P02,Mie Goreng Ayam,135,0
2026-05-17,P03,Nasi Kuning,111,0
2026-05-17,P04,Nasi Uduk,87,0
2026-05-17,P05,Mie Ayam Bakso,122,1
2026-05-17,P06,Soto Ayam,82,0
2026-05-17,P07,Ayam Geprek,102,0
2026-05-17,P08,Es Teh Manis,305,0
2026-05-17,P09,Es Jeruk,214,0
2026-05-17,P10,Kopi Hitam,163,0
2026-05-17,P11,Teh Anget,135,0
2026-05-17,P12,Jus Alpukat,74,1
2026-05-17,P13,Es Campur,70,0
2026-05-17,P14,Kerupuk,201,1
2026-05-17,P15,Kue Lumpur,58,1
2026-05-17,P16,Pisang Goreng,100,0
2026-05-17,P17,Lemper,66,0
2026-05-17,P18,Serabi,51,0
2026-05-17,P19,Tahu Isi,84,0
2026-05-17,P20,Tempe Goreng,79,0
2026-05-17,P21,Roti Bakar Coklat,66,0
2026-05-17,P22,Telur Dadar,106,0
2026-05-17,P23,Capcay,78,0
2026-05-17,P24,Nasi Goreng Seafood,70,0
2026-05-17,P25,Bakso Urat,98,0
2026-05-18,P01,Nasi Goreng Spesial,130,0
2026-05-18,P02,Mie Goreng Ayam,107,0
2026-05-18,P03,Nasi Kuning,76,0
2026-05-18,P04,Nasi Uduk,72,0
2026-05-18,P05,Mie Ayam Bakso,102,0
2026-05-18,P06,Soto Ayam,68,0
2026-05-18,P07,Ayam Geprek,96,0
2026-05-18,P08,Es Teh Manis,230,0
2026-05-18,P09,Es Jeruk,164,0
2026-05-18,P10,Kopi Hitam,140,0
2026-05-18,P11,Teh Anget,118,0
2026-05-18,P12,Jus Alpukat,68,0
2026-05-18,P13,Es Campur,63,0
2026-05-18,P14,Kerupuk,162,0
2026-05-18,P15,Kue Lumpur,41,0
2026-05-18,P16,Pisang Goreng,74,0
2026-05-18,P17,Lemper,55,0
2026-05-18,P18,Serabi,39,0
2026-05-18,P19,Tahu Isi,57,0
2026-05-18,P20,Tempe Goreng,57,0
2026-05-18,P21,Roti Bakar Coklat,46,0
2026-05-18,P22,Telur Dadar,75,0
2026-05-18,P23,Capcay,62,0
2026-05-18,P24,Nasi Goreng Seafood,55,0
2026-05-18,P25,Bakso Urat,73,0
2026-05-19,P01,Nasi Goreng Spesial,78,0
2026-05-19,P02,Mie Goreng Ayam,73,0
2026-05-19,P03,Nasi Kuning,50,0
2026-05-19,P04,Nasi Uduk,53,0
2026-05-19,P05,Mie Ayam Bakso,62,0
2026-05-19,P06,Soto Ayam,42,0
2026-05-19,P07,Ayam Geprek,64,0
2026-05-19,P08,Es Teh Manis,121,0
2026-05-19,P09,Es Jeruk,72,0
2026-05-19,P10,Kopi Hitam,59,0
2026-05-19,P11,Teh Anget,58,0
2026-05-19,P12,Jus Alpukat,28,0
2026-05-19,P13,Es Campur,31,0
2026-05-19,P14,Kerupuk,126,0
2026-05-19,P15,Kue Lumpur,35,0
2026-05-19,P16,Pisang Goreng,49,0
2026-05-19,P17,Lemper,38,0
2026-05-19,P18,Serabi,25,0
2026-05-19,P19,Tahu Isi,47,0
2026-05-19,P20,Tempe Goreng,41,0
2026-05-19,P21,Roti Bakar Coklat,30,0
2026-05-19,P22,Telur Dadar,59,0
2026-05-19,P23,Capcay,35,0
2026-05-19,P24,Nasi Goreng Seafood,33,0
2026-05-19,P25,Bakso Urat,46,0
2026-05-20,P01,Nasi Goreng Spesial,204,0
2026-05-20,P02,Mie Goreng Ayam,169,0
2026-05-20,P03,Nasi Kuning,129,0
2026-05-20,P04,Nasi Uduk,120,0
2026-05-20,P05,Mie Ayam Bakso,123,1
2026-05-20,P06,Soto Ayam,103,0
2026-05-20,P07,Ayam Geprek,113,1
2026-05-20,P08,Es Teh Manis,281,1
2026-05-20,P09,Es Jeruk,218,1
2026-05-20,P10,Kopi Hitam,184,0
2026-05-20,P11,Teh Anget,150,0
2026-05-20,P12,Jus Alpukat,78,1
2026-05-20,P13,Es Campur,86,0
2026-05-20,P14,Kerupuk,240,0
2026-05-20,P15,Kue Lumpur,70,0
2026-05-20,P16,Pisang Goreng,99,1
2026-05-20,P17,Lemper,78,0
2026-05-20,P18,Serabi,60,0
2026-05-20,P19,Tahu Isi,103,0
2026-05-20,P20,Tempe Goreng,96,0
2026-05-20,P21,Roti Bakar Coklat,68,0
2026-05-20,P22,Telur Dadar,122,0
2026-05-20,P23,Capcay,96,0
2026-05-20,P24,Nasi Goreng Seafood,77,0
2026-05-20,P25,Bakso Urat,99,1
2026-05-21,P01,Nasi Goreng Spesial,87,0
2026-05-21,P02,Mie Goreng Ayam,70,0
2026-05-21,P03,Nasi Kuning,56,0
2026-05-21,P04,Nasi Uduk,54,0
2026-05-21,P05,Mie Ayam Bakso,67,0
2026-05-21,P06,Soto Ayam,47,0
2026-05-21,P07,Ayam Geprek,66,0
2026-05-21,P08,Es Teh Manis,129,0
2026-05-21,P09,Es Jeruk,81,0
2026-05-21,P10,Kopi Hitam,72,0
2026-05-21,P11,Teh Anget,47,0
2026-05-21,P12,Jus Alpukat,37,0
2026-05-21,P13,Es Campur,30,0
2026-05-21,P14,Kerupuk,102,0
2026-05-21,P15,Kue Lumpur,32,0
2026-05-21,P16,Pisang Goreng,56,0
2026-05-21,P17,Lemper,35,0
2026-05-21,P18,Serabi,29,0
2026-05-21,P19,Tahu Isi,50,0
2026-05-21,P20,Tempe Goreng,42,0
2026-05-21,P21,Roti Bakar Coklat,30,0
2026-05-21,P22,Telur Dadar,56,0
2026-05-21,P23,Capcay,37,0
2026-05-21,P24,Nasi Goreng Seafood,36,0
2026-05-21,P25,Bakso Urat,46,0
2026-05-22,P01,Nasi Goreng Spesial,136,0
2026-05-22,P02,Mie Goreng Ayam,110,0
2026-05-22,P03,Nasi Kuning,83,0
2026-05-22,P04,Nasi Uduk,81,0
2026-05-22,P05,Mie Ayam Bakso,88,0
2026-05-22,P06,Soto Ayam,66,0
2026-05-22,P07,Ayam Geprek,81,0
2026-05-22,P08,Es Teh Manis,241,0
2026-05-22,P09,Es Jeruk,173,0
2026-05-22,P10,Kopi Hitam,144,0
2026-05-22,P11,Teh Anget,111,0
2026-05-22,P12,Jus Alpukat,64,0
2026-05-22,P13,Es Campur,61,0
2026-05-22,P14,Kerupuk,146,0
2026-05-22,P15,Kue Lumpur,43,0
2026-05-22,P16,Pisang Goreng,74,0
2026-05-22,P17,Lemper,53,0
2026-05-22,P18,Serabi,40,0
2026-05-22,P19,Tahu Isi,63,0
2026-05-22,P20,Tempe Goreng,61,0
2026-05-22,P21,Roti Bakar Coklat,45,0
2026-05-22,P22,Telur Dadar,78,0
2026-05-22,P23,Capcay,55,0
2026-05-22,P24,Nasi Goreng Seafood,46,0
2026-05-22,P25,Bakso Urat,66,0
2026-05-23,P01,Nasi Goreng Spesial,117,0
2026-05-23,P02,Mie Goreng Ayam,94,0
2026-05-23,P03,Nasi Kuning,72,0
2026-05-23,P04,Nasi Uduk,63,0
2026-05-23,P05,Mie Ayam Bakso,96,0
2026-05-23,P06,Soto Ayam,60,0
2026-05-23,P07,Ayam Geprek,74,0
2026-05-23,P08,Es Teh Manis,151,0
2026-05-23,P09,Es Jeruk,107,0
2026-05-23,P10,Kopi Hitam,73,0
2026-05-23,P11,Teh Anget,57,0
2026-05-23,P12,Jus Alpukat,35,0
2026-05-23,P13,Es Campur,32,0
2026-05-23,P14,Kerupuk,147,0
2026-05-23,P15,Kue Lumpur,38,0
2026-05-23,P16,Pisang Goreng,66,0
2026-05-23,P17,Lemper,48,0
2026-05-23,P18,Serabi,37,0
2026-05-23,P19,Tahu Isi,64,0
2026-05-23,P20,Tempe Goreng,57,0
2026-05-23,P21,Roti Bakar Coklat,48,0
2026-05-23,P22,Telur Dadar,76,0
2026-05-23,P23,Capcay,54,0
2026-05-23,P24,Nasi Goreng Seafood,44,0
2026-05-23,P25,Bakso Urat,62,0
2026-05-24,P01,Nasi Goreng Spesial,118,0
2026-05-24,P02,Mie Goreng Ayam,82,0
2026-05-24,P03,Nasi Kuning,69,0
2026-05-24,P04,Nasi Uduk,71,0
2026-05-24,P05,Mie Ayam Bakso,77,0
2026-05-24,P06,Soto Ayam,54,0
2026-05-24,P07,Ayam Geprek,63,0
2026-05-24,P08,Es Teh Manis,154,0
2026-05-24,P09,Es Jeruk,110,0
2026-05-24,P10,Kopi Hitam,90,0
2026-05-24,P11,Teh Anget,65,0
2026-05-24,P12,Jus Alpukat,43,0
2026-05-24,P13,Es Campur,38,0
2026-05-24,P14,Kerupuk,147,0
2026-05-24,P15,Kue Lumpur,39,0
2026-05-24,P16,Pisang Goreng,67,0
2026-05-24,P17,Lemper,46,0
2026-05-24,P18,Serabi,32,0
2026-05-24,P19,Tahu Isi,63,0
2026-05-24,P20,Tempe Goreng,55,0
2026-05-24,P21,Roti Bakar Coklat,44,0
2026-05-24,P22,Telur Dadar,66,0
2026-05-24,P23,Capcay,54,0
2026-05-24,P24,Nasi Goreng Seafood,49,0
2026-05-24,P25,Bakso Urat,71,0
2026-05-25,P01,Nasi Goreng Spesial,119,0
2026-05-25,P02,Mie Goreng Ayam,103,0
2026-05-25,P03,Nasi Kuning,81,0
2026-05-25,P04,Nasi Uduk,83,0
2026-05-25,P05,Mie Ayam Bakso,89,0
2026-05-25,P06,Soto Ayam,67,0
2026-05-25,P07,Ayam Geprek,86,0
2026-05-25,P08,Es Teh Manis,236,0
2026-05-25,P09,Es Jeruk,164,0
2026-05-25,P10,Kopi Hitam,131,0
2026-05-25,P11,Teh Anget,126,1
2026-05-25,P12,Jus Alpukat,70,0
2026-05-25,P13,Es Campur,58,0
2026-05-25,P14,Kerupuk,166,0
2026-05-25,P15,Kue Lumpur,46,0
2026-05-25,P16,Pisang Goreng,71,0
2026-05-25,P17,Lemper,51,0
2026-05-25,P18,Serabi,38,0
2026-05-25,P19,Tahu Isi,59,0
2026-05-25,P20,Tempe Goreng,52,0
2026-05-25,P21,Roti Bakar Coklat,46,0
2026-05-25,P22,Telur Dadar,79,0
2026-05-25,P23,Capcay,63,0
2026-05-25,P24,Nasi Goreng Seafood,50,0
2026-05-25,P25,Bakso Urat,68,0
2026-05-26,P01,Nasi Goreng Spesial,118,0
2026-05-26,P02,Mie Goreng Ayam,119,0
2026-05-26,P03,Nasi Kuning,84,0
2026-05-26,P04,Nasi Uduk,73,0
2026-05-26,P05,Mie Ayam Bakso,90,0
2026-05-26,P06,Soto Ayam,68,0
2026-05-26,P07,Ayam Geprek,84,0
2026-05-26,P08,Es Teh Manis,157,0
2026-05-26,P09,Es Jeruk,105,0
2026-05-26,P10,Kopi Hitam,83,0
2026-05-26,P11,Teh Anget,74,0
2026-05-26,P12,Jus Alpukat,39,0
2026-05-26,P13,Es Campur,36,0
2026-05-26,P14,Kerupuk,142,0
2026-05-26,P15,Kue Lumpur,41,0
2026-05-26,P16,Pisang Goreng,58,0
2026-05-26,P17,Lemper,51,0
2026-05-26,P18,Serabi,39,0
2026-05-26,P19,Tahu Isi,67,0
2026-05-26,P20,Tempe Goreng,52,0
2026-05-26,P21,Roti Bakar Coklat,45,0
2026-05-26,P22,Telur Dadar,76,0
2026-05-26,P23,Capcay,60,0
2026-05-26,P24,Nasi Goreng Seafood,48,0
2026-05-26,P25,Bakso Urat,68,0
2026-05-27,P01,Nasi Goreng Spesial,218,1
2026-05-27,P02,Mie Goreng Ayam,206,0
2026-05-27,P03,Nasi Kuning,124,1
2026-05-27,P04,Nasi Uduk,138,0
2026-05-27,P05,Mie Ayam Bakso,117,1
2026-05-27,P06,Soto Ayam,122,0
2026-05-27,P07,Ayam Geprek,170,0
2026-05-27,P08,Es Teh Manis,436,1
2026-05-27,P09,Es Jeruk,293,0
2026-05-27,P10,Kopi Hitam,184,1
2026-05-27,P11,Teh Anget,169,1
2026-05-27,P12,Jus Alpukat,81,1
2026-05-27,P13,Es Campur,86,1
2026-05-27,P14,Kerupuk,196,1
2026-05-27,P15,Kue Lumpur,87,0
2026-05-27,P16,Pisang Goreng,136,0
2026-05-27,P17,Lemper,103,0
2026-05-27,P18,Serabi,78,0
2026-05-27,P19,Tahu Isi,117,1
2026-05-27,P20,Tempe Goreng,85,1
2026-05-27,P21,Roti Bakar Coklat,92,1
2026-05-27,P22,Telur Dadar,122,1
2026-05-27,P23,Capcay,102,1
2026-05-27,P24,Nasi Goreng Seafood,103,0
2026-05-27,P25,Bakso Urat,118,1
2026-05-28,P01,Nasi Goreng Spesial,199,0
2026-05-28,P02,Mie Goreng Ayam,181,0
2026-05-28,P03,Nasi Kuning,124,0
2026-05-28,P04,Nasi Uduk,109,1
2026-05-28,P05,Mie Ayam Bakso,148,0
2026-05-28,P06,Soto Ayam,112,0
2026-05-28,P07,Ayam Geprek,145,0
2026-05-28,P08,Es Teh Manis,356,1
2026-05-28,P09,Es Jeruk,270,0
2026-05-28,P10,Kopi Hitam,208,0
2026-05-28,P11,Teh Anget,180,0
2026-05-28,P12,Jus Alpukat,75,1
2026-05-28,P13,Es Campur,88,1
2026-05-28,P14,Kerupuk,240,0
2026-05-28,P15,Kue Lumpur,72,0
2026-05-28,P16,Pisang Goreng,114,0
2026-05-28,P17,Lemper,74,1
2026-05-28,P18,Serabi,52,1
2026-05-28,P19,Tahu Isi,116,0
2026-05-28,P20,Tempe Goreng,88,0
2026-05-28,P21,Roti Bakar Coklat,73,0
2026-05-28,P22,Telur Dadar,131,0
2026-05-28,P23,Capcay,99,0
2026-05-28,P24,Nasi Goreng Seafood,85,0
2026-05-28,P25,Bakso Urat,103,1
2026-05-29,P01,Nasi Goreng Spesial,205,0
2026-05-29,P02,Mie Goreng Ayam,165,0
2026-05-29,P03,Nasi Kuning,129,0
2026-05-29,P04,Nasi Uduk,119,0
2026-05-29,P05,Mie Ayam Bakso,135,0
2026-05-29,P06,Soto Ayam,81,1
2026-05-29,P07,Ayam Geprek,148,0
2026-05-29,P08,Es Teh Manis,268,1
2026-05-29,P09,Es Jeruk,251,0
2026-05-29,P10,Kopi Hitam,164,1
2026-05-29,P11,Teh Anget,124,1
2026-05-29,P12,Jus Alpukat,95,1
2026-05-29,P13,Es Campur,95,0
2026-05-29,P14,Kerupuk,201,1
2026-05-29,P15,Kue Lumpur,69,1
2026-05-29,P16,Pisang Goreng,111,1
2026-05-29,P17,Lemper,70,1
2026-05-29,P18,Serabi,52,1
2026-05-29,P19,Tahu Isi,103,0
2026-05-29,P20,Tempe Goreng,100,0
2026-05-29,P21,Roti Bakar Coklat,72,1
2026-05-29,P22,Telur Dadar,117,1
2026-05-29,P23,Capcay,76,1
2026-05-29,P24,Nasi Goreng Seafood,83,0
2026-05-29,P25,Bakso Urat,111,0
2026-05-30,P01,Nasi Goreng Spesial,158,0
2026-05-30,P02,Mie Goreng Ayam,122,0
2026-05-30,P03,Nasi Kuning,94,0
2026-05-30,P04,Nasi Uduk,82,0
2026-05-30,P05,Mie Ayam Bakso,110,0
2026-05-30,P06,Soto Ayam,85,0
2026-05-30,P07,Ayam Geprek,95,0
2026-05-30,P08,Es Teh Manis,178,0
2026-05-30,P09,Es Jeruk,124,0
2026-05-30,P10,Kopi Hitam,106,0
2026-05-30,P11,Teh Anget,87,0
2026-05-30,P12,Jus Alpukat,50,0
2026-05-30,P13,Es Campur,48,0
2026-05-30,P14,Kerupuk,209,0
2026-05-30,P15,Kue Lumpur,56,0
2026-05-30,P16,Pisang Goreng,88,0
2026-05-30,P17,Lemper,66,0
2026-05-30,P18,Serabi,50,0
2026-05-30,P19,Tahu Isi,86,0
2026-05-30,P20,Tempe Goreng,73,0
2026-05-30,P21,Roti Bakar Coklat,56,0
2026-05-30,P22,Telur Dadar,88,0
2026-05-30,P23,Capcay,72,0
2026-05-30,P24,Nasi Goreng Seafood,59,0
2026-05-30,P25,Bakso Urat,81,0
2026-05-31,P01,Nasi Goreng Spesial,197,1
2026-05-31,P02,Mie Goreng Ayam,179,1
2026-05-31,P03,Nasi Kuning,169,0
2026-05-31,P04,Nasi Uduk,149,1
2026-05-31,P05,Mie Ayam Bakso,168,1
2026-05-31,P06,Soto Ayam,118,1
2026-05-31,P07,Ayam Geprek,179,0
2026-05-31,P08,Es Teh Manis,395,1
2026-05-31,P09,Es Jeruk,231,1
2026-05-31,P10,Kopi Hitam,199,1
2026-05-31,P11,Teh Anget,141,1
2026-05-31,P12,Jus Alpukat,132,0
2026-05-31,P13,Es Campur,101,1
2026-05-31,P14,Kerupuk,262,1
2026-05-31,P15,Kue Lumpur,74,1
2026-05-31,P16,Pisang Goreng,154,0
2026-05-31,P17,Lemper,85,1
2026-05-31,P18,Serabi,80,1
2026-05-31,P19,Tahu Isi,139,1
2026-05-31,P20,Tempe Goreng,128,0
2026-05-31,P21,Roti Bakar Coklat,75,1
2026-05-31,P22,Telur Dadar,161,1
2026-05-31,P23,Capcay,93,1
2026-05-31,P24,Nasi Goreng Seafood,112,0
2026-05-31,P25,Bakso Urat,90,1
2026-06-01,P01,Nasi Goreng Spesial,159,0
2026-06-01,P02,Mie Goreng Ayam,130,0
2026-06-01,P03,Nasi Kuning,114,0
2026-06-01,P04,Nasi Uduk,93,1
2026-06-01,P05,Mie Ayam Bakso,124,0
2026-06-01,P06,Soto Ayam,85,0
2026-06-01,P07,Ayam Geprek,121,0
2026-06-01,P08,Es Teh Manis,248,0
2026-06-01,P09,Es Jeruk,144,0
2026-06-01,P10,Kopi Hitam,111,0
2026-06-01,P11,Teh Anget,107,0
2026-06-01,P12,Jus Alpukat,56,0
2026-06-01,P13,Es Campur,52,0
2026-06-01,P14,Kerupuk,201,0
2026-06-01,P15,Kue Lumpur,63,1
2026-06-01,P16,Pisang Goreng,98,0
2026-06-01,P17,Lemper,79,0
2026-06-01,P18,Serabi,54,0
2026-06-01,P19,Tahu Isi,97,0
2026-06-01,P20,Tempe Goreng,84,0
2026-06-01,P21,Roti Bakar Coklat,66,0
2026-06-01,P22,Telur Dadar,111,0
2026-06-01,P23,Capcay,81,0
2026-06-01,P24,Nasi Goreng Seafood,70,0
2026-06-01,P25,Bakso Urat,95,0
2026-06-02,P01,Nasi Goreng Spesial,119,0
2026-06-02,P02,Mie Goreng Ayam,98,0
2026-06-02,P03,Nasi Kuning,71,0
2026-06-02,P04,Nasi Uduk,77,0
2026-06-02,P05,Mie Ayam Bakso,95,0
2026-06-02,P06,Soto Ayam,57,0
2026-06-02,P07,Ayam Geprek,84,0
2026-06-02,P08,Es Teh Manis,152,0
2026-06-02,P09,Es Jeruk,114,0
2026-06-02,P10,Kopi Hitam,85,0
2026-06-02,P11,Teh Anget,72,0
2026-06-02,P12,Jus Alpukat,49,0
2026-06-02,P13,Es Campur,43,0
2026-06-02,P14,Kerupuk,169,0
2026-06-02,P15,Kue Lumpur,44,0
2026-06-02,P16,Pisang Goreng,64,0
2026-06-02,P17,Lemper,54,0
2026-06-02,P18,Serabi,40,0
2026-06-02,P19,Tahu Isi,67,0
2026-06-02,P20,Tempe Goreng,55,0
2026-06-02,P21,Roti Bakar Coklat,42,0
2026-06-02,P22,Telur Dadar,79,0
2026-06-02,P23,Capcay,54,0
2026-06-02,P24,Nasi Goreng Seafood,50,0
2026-06-02,P25,Bakso Urat,83,0
2026-06-03,P01,Nasi Goreng Spesial,194,1
2026-06-03,P02,Mie Goreng Ayam,173,0
2026-06-03,P03,Nasi Kuning,122,1
2026-06-03,P04,Nasi Uduk,101,1
2026-06-03,P05,Mie Ayam Bakso,163,1
2026-06-03,P06,Soto Ayam,94,1
2026-06-03,P07,Ayam Geprek,117,1
2026-06-03,P08,Es Teh Manis,413,0
2026-06-03,P09,Es Jeruk,260,1
2026-06-03,P10,Kopi Hitam,214,0
2026-06-03,P11,Teh Anget,144,1
2026-06-03,P12,Jus Alpukat,103,0
2026-06-03,P13,Es Campur,72,1
2026-06-03,P14,Kerupuk,256,0
2026-06-03,P15,Kue Lumpur,78,0
2026-06-03,P16,Pisang Goreng,121,0
2026-06-03,P17,Lemper,88,0
2026-06-03,P18,Serabi,62,1
2026-06-03,P19,Tahu Isi,113,0
2026-06-03,P20,Tempe Goreng,98,0
2026-06-03,P21,Roti Bakar Coklat,73,0
2026-06-03,P22,Telur Dadar,130,0
2026-06-03,P23,Capcay,98,0
2026-06-03,P24,Nasi Goreng Seafood,86,1
2026-06-03,P25,Bakso Urat,116,0
2026-06-04,P01,Nasi Goreng Spesial,150,0
2026-06-04,P02,Mie Goreng Ayam,129,0
2026-06-04,P03,Nasi Kuning,96,0
2026-06-04,P04,Nasi Uduk,92,0
2026-06-04,P05,Mie Ayam Bakso,111,0
2026-06-04,P06,Soto Ayam,81,0
2026-06-04,P07,Ayam Geprek,102,0
2026-06-04,P08,Es Teh Manis,186,0
2026-06-04,P09,Es Jeruk,134,0
2026-06-04,P10,Kopi Hitam,116,0
2026-06-04,P11,Teh Anget,97,0
2026-06-04,P12,Jus Alpukat,61,0
2026-06-04,P13,Es Campur,48,0
2026-06-04,P14,Kerupuk,190,0
2026-06-04,P15,Kue Lumpur,54,0
2026-06-04,P16,Pisang Goreng,93,0
2026-06-04,P17,Lemper,63,0
2026-06-04,P18,Serabi,47,0
2026-06-04,P19,Tahu Isi,78,0
2026-06-04,P20,Tempe Goreng,69,0
2026-06-04,P21,Roti Bakar Coklat,50,0
2026-06-04,P22,Telur Dadar,87,0
2026-06-04,P23,Capcay,70,0
2026-06-04,P24,Nasi Goreng Seafood,62,0
2026-06-04,P25,Bakso Urat,86,0
2026-06-05,P01,Nasi Goreng Spesial,126,0
2026-06-05,P02,Mie Goreng Ayam,98,0
2026-06-05,P03,Nasi Kuning,75,0
2026-06-05,P04,Nasi Uduk,75,0
2026-06-05,P05,Mie Ayam Bakso,84,0
2026-06-05,P06,Soto Ayam,69,0
2026-06-05,P07,Ayam Geprek,86,0
2026-06-05,P08,Es Teh Manis,153,0
2026-06-05,P09,Es Jeruk,91,0
2026-06-05,P10,Kopi Hitam,93,0
2026-06-05,P11,Teh Anget,67,0
2026-06-05,P12,Jus Alpukat,44,0
2026-06-05,P13,Es Campur,38,0
2026-06-05,P14,Kerupuk,140,0
2026-06-05,P15,Kue Lumpur,44,0
2026-06-05,P16,Pisang Goreng,66,0
2026-06-05,P17,Lemper,49,0
2026-06-05,P18,Serabi,40,0
2026-06-05,P19,Tahu Isi,67,0
2026-06-05,P20,Tempe Goreng,58,0
2026-06-05,P21,Roti Bakar Coklat,43,0
2026-06-05,P22,Telur Dadar,75,0
2026-06-05,P23,Capcay,56,0
2026-06-05,P24,Nasi Goreng Seafood,45,0
2026-06-05,P25,Bakso Urat,72,0
2026-06-06,P01,Nasi Goreng Spesial,164,1
2026-06-06,P02,Mie Goreng Ayam,156,1
2026-06-06,P03,Nasi Kuning,168,1
2026-06-06,P04,Nasi Uduk,163,1
2026-06-06,P05,Mie Ayam Bakso,130,1
2026-06-06,P06,Soto Ayam,144,1
2026-06-06,P07,Ayam Geprek,179,1
2026-06-06,P08,Es Teh Manis,280,1
2026-06-06,P09,Es Jeruk,299,0
2026-06-06,P10,Kopi Hitam,156,1
2026-06-06,P11,Teh Anget,154,1
2026-06-06,P12,Jus Alpukat,110,1
2026-06-06,P13,Es Campur,117,0
2026-06-06,P14,Kerupuk,219,1
2026-06-06,P15,Kue Lumpur,76,1
2026-06-06,P16,Pisang Goreng,138,1
2026-06-06,P17,Lemper,109,1
2026-06-06,P18,Serabi,89,1
2026-06-06,P19,Tahu Isi,117,1
2026-06-06,P20,Tempe Goreng,130,1
2026-06-06,P21,Roti Bakar Coklat,89,1
2026-06-06,P22,Telur Dadar,118,1
2026-06-06,P23,Capcay,113,1
2026-06-06,P24,Nasi Goreng Seafood,85,1
2026-06-06,P25,Bakso Urat,148,1
2026-06-07,P01,Nasi Goreng Spesial,262,1
2026-06-07,P02,Mie Goreng Ayam,195,1
2026-06-07,P03,Nasi Kuning,117,1
2026-06-07,P04,Nasi Uduk,154,0
2026-06-07,P05,Mie Ayam Bakso,194,0
2026-06-07,P06,Soto Ayam,144,0
2026-06-07,P07,Ayam Geprek,161,1
2026-06-07,P08,Es Teh Manis,354,1
2026-06-07,P09,Es Jeruk,210,1
2026-06-07,P10,Kopi Hitam,200,1
2026-06-07,P11,Teh Anget,192,1
2026-06-07,P12,Jus Alpukat,90,1
2026-06-07,P13,Es Campur,93,1
2026-06-07,P14,Kerupuk,300,1
2026-06-07,P15,Kue Lumpur,95,1
2026-06-07,P16,Pisang Goreng,99,1
2026-06-07,P17,Lemper,116,0
2026-06-07,P18,Serabi,70,1
2026-06-07,P19,Tahu Isi,125,1
2026-06-07,P20,Tempe Goreng,123,0
2026-06-07,P21,Roti Bakar Coklat,67,1
2026-06-07,P22,Telur Dadar,163,0
2026-06-07,P23,Capcay,121,0
2026-06-07,P24,Nasi Goreng Seafood,114,0
2026-06-07,P25,Bakso Urat,123,1
2026-06-08,P01,Nasi Goreng Spesial,202,0
2026-06-08,P02,Mie Goreng Ayam,170,0
2026-06-08,P03,Nasi Kuning,129,0
2026-06-08,P04,Nasi Uduk,112,0
2026-06-08,P05,Mie Ayam Bakso,155,0
2026-06-08,P06,Soto Ayam,87,1
2026-06-08,P07,Ayam Geprek,134,0
2026-06-08,P08,Es Teh Manis,416,0
2026-06-08,P09,Es Jeruk,252,1
2026-06-08,P10,Kopi Hitam,180,1
2026-06-08,P11,Teh Anget,186,0
2026-06-08,P12,Jus Alpukat,102,1
2026-06-08,P13,Es Campur,94,1
2026-06-08,P14,Kerupuk,240,1
2026-06-08,P15,Kue Lumpur,76,0
2026-06-08,P16,Pisang Goreng,108,1
2026-06-08,P17,Lemper,89,0
2026-06-08,P18,Serabi,63,0
2026-06-08,P19,Tahu Isi,108,0
2026-06-08,P20,Tempe Goreng,81,1
2026-06-08,P21,Roti Bakar Coklat,62,1
2026-06-08,P22,Telur Dadar,136,0
2026-06-08,P23,Capcay,96,0
2026-06-08,P24,Nasi Goreng Seafood,75,1
2026-06-08,P25,Bakso Urat,122,1
2026-06-09,P01,Nasi Goreng Spesial,156,0
2026-06-09,P02,Mie Goreng Ayam,120,0
2026-06-09,P03,Nasi Kuning,87,0
2026-06-09,P04,Nasi Uduk,91,0
2026-06-09,P05,Mie Ayam Bakso,101,0
2026-06-09,P06,Soto Ayam,83,0
2026-06-09,P07,Ayam Geprek,115,0
2026-06-09,P08,Es Teh Manis,204,0
2026-06-09,P09,Es Jeruk,152,0
2026-06-09,P10,Kopi Hitam,103,0
2026-06-09,P11,Teh Anget,86,0
2026-06-09,P12,Jus Alpukat,54,0
2026-06-09,P13,Es Campur,53,0
2026-06-09,P14,Kerupuk,187,0
2026-06-09,P15,Kue Lumpur,54,0
2026-06-09,P16,Pisang Goreng,80,0
2026-06-09,P17,Lemper,62,0
2026-06-09,P18,Serabi,45,0
2026-06-09,P19,Tahu Isi,74,0
2026-06-09,P20,Tempe Goreng,66,0
2026-06-09,P21,Roti Bakar Coklat,55,0
2026-06-09,P22,Telur Dadar,89,0
2026-06-09,P23,Capcay,69,0
2026-06-09,P24,Nasi Goreng Seafood,56,0
2026-06-09,P25,Bakso Urat,87,0
2026-06-10,P01,Nasi Goreng Spesial,134,0
2026-06-10,P02,Mie Goreng Ayam,127,0
2026-06-10,P03,Nasi Kuning,85,0
2026-06-10,P04,Nasi Uduk,80,0
2026-06-10,P05,Mie Ayam Bakso,112,0
2026-06-10,P06,Soto Ayam,65,0
2026-06-10,P07,Ayam Geprek,95,0
2026-06-10,P08,Es Teh Manis,253,0
2026-06-10,P09,Es Jeruk,180,0
2026-06-10,P10,Kopi Hitam,138,0
2026-06-10,P11,Teh Anget,120,0
2026-06-10,P12,Jus Alpukat,73,0
2026-06-10,P13,Es Campur,66,0
2026-06-10,P14,Kerupuk,177,0
2026-06-10,P15,Kue Lumpur,42,0
2026-06-10,P16,Pisang Goreng,76,0
2026-06-10,P17,Lemper,55,0
2026-06-10,P18,Serabi,42,0
2026-06-10,P19,Tahu Isi,70,0
2026-06-10,P20,Tempe Goreng,60,0
2026-06-10,P21,Roti Bakar Coklat,44,0
2026-06-10,P22,Telur Dadar,88,0
2026-06-10,P23,Capcay,61,0
2026-06-10,P24,Nasi Goreng Seafood,59,0
2026-06-10,P25,Bakso Urat,75,0
2026-06-11,P01,Nasi Goreng Spesial,75,0
2026-06-11,P02,Mie Goreng Ayam,69,0
2026-06-11,P03,Nasi Kuning,43,0
2026-06-11,P04,Nasi Uduk,52,0
2026-06-11,P05,Mie Ayam Bakso,68,0
2026-06-11,P06,Soto Ayam,35,0
2026-06-11,P07,Ayam Geprek,52,0
2026-06-11,P08,Es Teh Manis,113,0
2026-06-11,P09,Es Jeruk,62,0
2026-06-11,P10,Kopi Hitam,57,0
2026-06-11,P11,Teh Anget,35,0
2026-06-11,P12,Jus Alpukat,24,0
2026-06-11,P13,Es Campur,25,0
2026-06-11,P14,Kerupuk,92,0
2026-06-11,P15,Kue Lumpur,27,0
2026-06-11,P16,Pisang Goreng,38,0
2026-06-11,P17,Lemper,34,0
2026-06-11,P18,Serabi,21,0
2026-06-11,P19,Tahu Isi,46,0
2026-06-11,P20,Tempe Goreng,34,0
2026-06-11,P21,Roti Bakar Coklat,30,0
2026-06-11,P22,Telur Dadar,52,0
2026-06-11,P23,Capcay,33,0
2026-06-11,P24,Nasi Goreng Seafood,31,0
2026-06-11,P25,Bakso Urat,43,0
2026-06-12,P01,Nasi Goreng Spesial,136,0
2026-06-12,P02,Mie Goreng Ayam,118,0
2026-06-12,P03,Nasi Kuning,81,0
2026-06-12,P04,Nasi Uduk,77,0
2026-06-12,P05,Mie Ayam Bakso,95,0
2026-06-12,P06,Soto Ayam,68,0
2026-06-12,P07,Ayam Geprek,86,0
2026-06-12,P08,Es Teh Manis,269,0
2026-06-12,P09,Es Jeruk,175,0
2026-06-12,P10,Kopi Hitam,157,1
2026-06-12,P11,Teh Anget,109,0
2026-06-12,P12,Jus Alpukat,76,0
2026-06-12,P13,Es Campur,67,0
2026-06-12,P14,Kerupuk,162,0
2026-06-12,P15,Kue Lumpur,43,0
2026-06-12,P16,Pisang Goreng,65,0
2026-06-12,P17,Lemper,55,0
2026-06-12,P18,Serabi,43,0
2026-06-12,P19,Tahu Isi,67,0
2026-06-12,P20,Tempe Goreng,62,0
2026-06-12,P21,Roti Bakar Coklat,45,0
2026-06-12,P22,Telur Dadar,82,0
2026-06-12,P23,Capcay,65,0
2026-06-12,P24,Nasi Goreng Seafood,52,0
2026-06-12,P25,Bakso Urat,79,0
2026-06-13,P01,Nasi Goreng Spesial,175,0
2026-06-13,P02,Mie Goreng Ayam,147,0
2026-06-13,P03,Nasi Kuning,105,0
2026-06-13,P04,Nasi Uduk,97,0
2026-06-13,P05,Mie Ayam Bakso,129,0
2026-06-13,P06,Soto Ayam,80,0
2026-06-13,P07,Ayam Geprek,122,0
2026-06-13,P08,Es Teh Manis,282,1
2026-06-13,P09,Es Jeruk,205,0
2026-06-13,P10,Kopi Hitam,163,0
2026-06-13,P11,Teh Anget,131,0
2026-06-13,P12,Jus Alpukat,84,0
2026-06-13,P13,Es Campur,74,0
2026-06-13,P14,Kerupuk,208,0
2026-06-13,P15,Kue Lumpur,60,0
2026-06-13,P16,Pisang Goreng,102,0
2026-06-13,P17,Lemper,76,0
2026-06-13,P18,Serabi,55,0
2026-06-13,P19,Tahu Isi,88,0
2026-06-13,P20,Tempe Goreng,72,0
2026-06-13,P21,Roti Bakar Coklat,62,0
2026-06-13,P22,Telur Dadar,107,0
2026-06-13,P23,Capcay,80,0
2026-06-13,P24,Nasi Goreng Seafood,65,0
2026-06-13,P25,Bakso Urat,97,1
2026-06-14,P01,Nasi Goreng Spesial,156,0
2026-06-14,P02,Mie Goreng Ayam,142,0
2026-06-14,P03,Nasi Kuning,103,0
2026-06-14,P04,Nasi Uduk,95,0
2026-06-14,P05,Mie Ayam Bakso,135,0
2026-06-14,P06,Soto Ayam,85,0
2026-06-14,P07,Ayam Geprek,97,0
2026-06-14,P08,Es Teh Manis,308,0
2026-06-14,P09,Es Jeruk,224,0
2026-06-14,P10,Kopi Hitam,156,1
2026-06-14,P11,Teh Anget,150,0
2026-06-14,P12,Jus Alpukat,90,0
2026-06-14,P13,Es Campur,78,0
2026-06-14,P14,Kerupuk,210,0
2026-06-14,P15,Kue Lumpur,64,0
2026-06-14,P16,Pisang Goreng,102,0
2026-06-14,P17,Lemper,74,0
2026-06-14,P18,Serabi,49,0
2026-06-14,P19,Tahu Isi,85,0
2026-06-14,P20,Tempe Goreng,76,0
2026-06-14,P21,Roti Bakar Coklat,61,0
2026-06-14,P22,Telur Dadar,100,0
2026-06-14,P23,Capcay,74,0
2026-06-14,P24,Nasi Goreng Seafood,68,1
2026-06-14,P25,Bakso Urat,92,0
2026-06-15,P01,Nasi Goreng Spesial,141,0
2026-06-15,P02,Mie Goreng Ayam,132,0
2026-06-15,P03,Nasi Kuning,92,0
2026-06-15,P04,Nasi Uduk,89,0
2026-06-15,P05,Mie Ayam Bakso,110,0
2026-06-15,P06,Soto Ayam,78,0
2026-06-15,P07,Ayam Geprek,110,0
2026-06-15,P08,Es Teh Manis,446,0
2026-06-15,P09,Es Jeruk,272,0
2026-06-15,P10,Kopi Hitam,168,1
2026-06-15,P11,Teh Anget,170,1
2026-06-15,P12,Jus Alpukat,91,1
2026-06-15,P13,Es Campur,80,1
2026-06-15,P14,Kerupuk,154,0
2026-06-15,P15,Kue Lumpur,55,0
2026-06-15,P16,Pisang Goreng,87,0
2026-06-15,P17,Lemper,55,0
2026-06-15,P18,Serabi,45,0
2026-06-15,P19,Tahu Isi,82,0
2026-06-15,P20,Tempe Goreng,64,0
2026-06-15,P21,Roti Bakar Coklat,53,0
2026-06-15,P22,Telur Dadar,98,0
2026-06-15,P23,Capcay,66,0
2026-06-15,P24,Nasi Goreng Seafood,62,0
2026-06-15,P25,Bakso Urat,80,0
2026-06-16,P01,Nasi Goreng Spesial,130,0
2026-06-16,P02,Mie Goreng Ayam,110,0
2026-06-16,P03,Nasi Kuning,83,0
2026-06-16,P04,Nasi Uduk,82,0
2026-06-16,P05,Mie Ayam Bakso,100,0
2026-06-16,P06,Soto Ayam,75,0
2026-06-16,P07,Ayam Geprek,95,0
2026-06-16,P08,Es Teh Manis,201,0
2026-06-16,P09,Es Jeruk,158,0
2026-06-16,P10,Kopi Hitam,127,0
2026-06-16,P11,Teh Anget,100,0
2026-06-16,P12,Jus Alpukat,70,0
2026-06-16,P13,Es Campur,57,0
2026-06-16,P14,Kerupuk,179,0
2026-06-16,P15,Kue Lumpur,52,0
2026-06-16,P16,Pisang Goreng,76,0
2026-06-16,P17,Lemper,58,0
2026-06-16,P18,Serabi,43,0
2026-06-16,P19,Tahu Isi,68,0
2026-06-16,P20,Tempe Goreng,59,0
2026-06-16,P21,Roti Bakar Coklat,49,0
2026-06-16,P22,Telur Dadar,88,0
2026-06-16,P23,Capcay,64,0
2026-06-16,P24,Nasi Goreng Seafood,56,0
2026-06-16,P25,Bakso Urat,79,0
2026-06-17,P01,Nasi Goreng Spesial,114,0
2026-06-17,P02,Mie Goreng Ayam,85,0
2026-06-17,P03,Nasi Kuning,71,0
2026-06-17,P04,Nasi Uduk,65,0
2026-06-17,P05,Mie Ayam Bakso,81,0
2026-06-17,P06,Soto Ayam,57,0
2026-06-17,P07,Ayam Geprek,75,0
2026-06-17,P08,Es Teh Manis,198,0
2026-06-17,P09,Es Jeruk,135,0
2026-06-17,P10,Kopi Hitam,122,0
2026-06-17,P11,Teh Anget,96,0
2026-06-17,P12,Jus Alpukat,60,0
2026-06-17,P13,Es Campur,57,0
2026-06-17,P14,Kerupuk,129,0
2026-06-17,P15,Kue Lumpur,37,0
2026-06-17,P16,Pisang Goreng,59,0
2026-06-17,P17,Lemper,44,0
2026-06-17,P18,Serabi,34,0
2026-06-17,P19,Tahu Isi,55,0
2026-06-17,P20,Tempe Goreng,57,0
2026-06-17,P21,Roti Bakar Coklat,40,0
2026-06-17,P22,Telur Dadar,72,0
2026-06-17,P23,Capcay,51,0
2026-06-17,P24,Nasi Goreng Seafood,49,0
2026-06-17,P25,Bakso Urat,62,0
2026-06-18,P01,Nasi Goreng Spesial,70,0
2026-06-18,P02,Mie Goreng Ayam,74,0
2026-06-18,P03,Nasi Kuning,48,0
2026-06-18,P04,Nasi Uduk,45,0
2026-06-18,P05,Mie Ayam Bakso,51,0
2026-06-18,P06,Soto Ayam,42,0
2026-06-18,P07,Ayam Geprek,47,0
2026-06-18,P08,Es Teh Manis,109,0
2026-06-18,P09,Es Jeruk,74,0
2026-06-18,P10,Kopi Hitam,56,0
2026-06-18,P11,Teh Anget,36,0
2026-06-18,P12,Jus Alpukat,37,0
2026-06-18,P13,Es Campur,22,0
2026-06-18,P14,Kerupuk,100,0
2026-06-18,P15,Kue Lumpur,26,0
2026-06-18,P16,Pisang Goreng,49,0
2026-06-18,P17,Lemper,31,0
2026-06-18,P18,Serabi,22,0
2026-06-18,P19,Tahu Isi,43,0
2026-06-18,P20,Tempe Goreng,32,0
2026-06-18,P21,Roti Bakar Coklat,27,0
2026-06-18,P22,Telur Dadar,52,0
2026-06-18,P23,Capcay,42,0
2026-06-18,P24,Nasi Goreng Seafood,29,0
2026-06-18,P25,Bakso Urat,42,0
2026-06-19,P01,Nasi Goreng Spesial,45,0
2026-06-19,P02,Mie Goreng Ayam,53,0
2026-06-19,P03,Nasi Kuning,39,0
2026-06-19,P04,Nasi Uduk,39,0
2026-06-19,P05,Mie Ayam Bakso,43,0
2026-06-19,P06,Soto Ayam,38,0
2026-06-19,P07,Ayam Geprek,40,0
2026-06-19,P08,Es Teh Manis,77,0
2026-06-19,P09,Es Jeruk,51,0
2026-06-19,P10,Kopi Hitam,55,0
2026-06-19,P11,Teh Anget,26,0
2026-06-19,P12,Jus Alpukat,29,0
2026-06-19,P13,Es Campur,25,0
2026-06-19,P14,Kerupuk,75,0
2026-06-19,P15,Kue Lumpur,26,0
2026-06-19,P16,Pisang Goreng,37,0
2026-06-19,P17,Lemper,32,0
2026-06-19,P18,Serabi,22,0
2026-06-19,P19,Tahu Isi,42,0
2026-06-19,P20,Tempe Goreng,24,0
2026-06-19,P21,Roti Bakar Coklat,24,0
2026-06-19,P22,Telur Dadar,32,0
2026-06-19,P23,Capcay,28,0
2026-06-19,P24,Nasi Goreng Seafood,34,0
2026-06-19,P25,Bakso Urat,39,0
2026-06-20,P01,Nasi Goreng Spesial,91,0
2026-06-20,P02,Mie Goreng Ayam,65,0
2026-06-20,P03,Nasi Kuning,48,0
2026-06-20,P04,Nasi Uduk,45,0
2026-06-20,P05,Mie Ayam Bakso,56,0
2026-06-20,P06,Soto Ayam,43,0
2026-06-20,P07,Ayam Geprek,52,0
2026-06-20,P08,Es Teh Manis,86,0
2026-06-20,P09,Es Jeruk,69,0
2026-06-20,P10,Kopi Hitam,61,0
2026-06-20,P11,Teh Anget,40,0
2026-06-20,P12,Jus Alpukat,31,0
2026-06-20,P13,Es Campur,29,0
2026-06-20,P14,Kerupuk,119,0
2026-06-20,P15,Kue Lumpur,31,0
2026-06-20,P16,Pisang Goreng,40,0
2026-06-20,P17,Lemper,37,0
2026-06-20,P18,Serabi,28,0
2026-06-20,P19,Tahu Isi,40,0
2026-06-20,P20,Tempe Goreng,39,0
2026-06-20,P21,Roti Bakar Coklat,31,0
2026-06-20,P22,Telur Dadar,58,0
2026-06-20,P23,Capcay,36,0
2026-06-20,P24,Nasi Goreng Seafood,36,0
2026-06-20,P25,Bakso Urat,47,0
2026-06-21,P01,Nasi Goreng Spesial,133,1
2026-06-21,P02,Mie Goreng Ayam,129,0
2026-06-21,P03,Nasi Kuning,85,0
2026-06-21,P04,Nasi Uduk,74,0
2026-06-21,P05,Mie Ayam Bakso,113,0
2026-06-21,P06,Soto Ayam,75,0
2026-06-21,P07,Ayam Geprek,97,0
2026-06-21,P08,Es Teh Manis,224,1
2026-06-21,P09,Es Jeruk,160,0
2026-06-21,P10,Kopi Hitam,132,0
2026-06-21,P11,Teh Anget,115,0
2026-06-21,P12,Jus Alpukat,68,0
2026-06-21,P13,Es Campur,54,0
2026-06-21,P14,Kerupuk,191,0
2026-06-21,P15,Kue Lumpur,49,0
2026-06-21,P16,Pisang Goreng,85,0
2026-06-21,P17,Lemper,56,0
2026-06-21,P18,Serabi,44,0
2026-06-21,P19,Tahu Isi,76,0
2026-06-21,P20,Tempe Goreng,68,0
2026-06-21,P21,Roti Bakar Coklat,50,0
2026-06-21,P22,Telur Dadar,89,0
2026-06-21,P23,Capcay,68,0
2026-06-21,P24,Nasi Goreng Seafood,57,0
2026-06-21,P25,Bakso Urat,75,0
2026-06-22,P01,Nasi Goreng Spesial,120,0
2026-06-22,P02,Mie Goreng Ayam,93,0
2026-06-22,P03,Nasi Kuning,67,0
2026-06-22,P04,Nasi Uduk,68,0
2026-06-22,P05,Mie Ayam Bakso,85,0
2026-06-22,P06,Soto Ayam,52,0
2026-06-22,P07,Ayam Geprek,78,0
2026-06-22,P08,Es Teh Manis,211,0
2026-06-22,P09,Es Jeruk,150,0
2026-06-22,P10,Kopi Hitam,118,0
2026-06-22,P11,Teh Anget,101,0
2026-06-22,P12,Jus Alpukat,52,0
2026-06-22,P13,Es Campur,49,0
2026-06-22,P14,Kerupuk,141,0
2026-06-22,P15,Kue Lumpur,46,0
2026-06-22,P16,Pisang Goreng,63,0
2026-06-22,P17,Lemper,42,0
2026-06-22,P18,Serabi,33,0
2026-06-22,P19,Tahu Isi,52,0
2026-06-22,P20,Tempe Goreng,54,0
2026-06-22,P21,Roti Bakar Coklat,39,0
2026-06-22,P22,Telur Dadar,74,0
2026-06-22,P23,Capcay,51,0
2026-06-22,P24,Nasi Goreng Seafood,49,0
2026-06-22,P25,Bakso Urat,56,0
2026-06-23,P01,Nasi Goreng Spesial,74,0
2026-06-23,P02,Mie Goreng Ayam,62,0
2026-06-23,P03,Nasi Kuning,48,0
2026-06-23,P04,Nasi Uduk,41,0
2026-06-23,P05,Mie Ayam Bakso,54,0
2026-06-23,P06,Soto Ayam,43,0
2026-06-23,P07,Ayam Geprek,64,0
2026-06-23,P08,Es Teh Manis,96,0
2026-06-23,P09,Es Jeruk,78,0
2026-06-23,P10,Kopi Hitam,59,0
2026-06-23,P11,Teh Anget,37,0
2026-06-23,P12,Jus Alpukat,28,0
2026-06-23,P13,Es Campur,24,0
2026-06-23,P14,Kerupuk,112,0
2026-06-23,P15,Kue Lumpur,33,0
2026-06-23,P16,Pisang Goreng,46,0
2026-06-23,P17,Lemper,36,0
2026-06-23,P18,Serabi,24,0
2026-06-23,P19,Tahu Isi,45,0
2026-06-23,P20,Tempe Goreng,37,0
2026-06-23,P21,Roti Bakar Coklat,31,0
2026-06-23,P22,Telur Dadar,55,0
2026-06-23,P23,Capcay,39,0
2026-06-23,P24,Nasi Goreng Seafood,30,0
2026-06-23,P25,Bakso Urat,43,0
2026-06-24,P01,Nasi Goreng Spesial,115,0
2026-06-24,P02,Mie Goreng Ayam,91,0
2026-06-24,P03,Nasi Kuning,68,0
2026-06-24,P04,Nasi Uduk,69,0
2026-06-24,P05,Mie Ayam Bakso,88,0
2026-06-24,P06,Soto Ayam,57,0
2026-06-24,P07,Ayam Geprek,82,0
2026-06-24,P08,Es Teh Manis,224,0
2026-06-24,P09,Es Jeruk,145,0
2026-06-24,P10,Kopi Hitam,112,0
2026-06-24,P11,Teh Anget,101,0
2026-06-24,P12,Jus Alpukat,62,0
2026-06-24,P13,Es Campur,54,0
2026-06-24,P14,Kerupuk,135,0
2026-06-24,P15,Kue Lumpur,42,0
2026-06-24,P16,Pisang Goreng,70,0
2026-06-24,P17,Lemper,44,0
2026-06-24,P18,Serabi,34,0
2026-06-24,P19,Tahu Isi,69,0
2026-06-24,P20,Tempe Goreng,53,0
2026-06-24,P21,Roti Bakar Coklat,37,0
2026-06-24,P22,Telur Dadar,70,0
2026-06-24,P23,Capcay,52,0
2026-06-24,P24,Nasi Goreng Seafood,50,0
2026-06-24,P25,Bakso Urat,68,0
2026-06-25,P01,Nasi Goreng Spesial,111,0
2026-06-25,P02,Mie Goreng Ayam,91,0
2026-06-25,P03,Nasi Kuning,76,0
2026-06-25,P04,Nasi Uduk,66,0
2026-06-25,P05,Mie Ayam Bakso,83,0
2026-06-25,P06,Soto Ayam,58,0
2026-06-25,P07,Ayam Geprek,76,0
2026-06-25,P08,Es Teh Manis,215,0
2026-06-25,P09,Es Jeruk,150,0
2026-06-25,P10,Kopi Hitam,136,0
2026-06-25,P11,Teh Anget,101,0
2026-06-25,P12,Jus Alpukat,56,0
2026-06-25,P13,Es Campur,56,0
2026-06-25,P14,Kerupuk,141,0
2026-06-25,P15,Kue Lumpur,39,0
2026-06-25,P16,Pisang Goreng,52,0
2026-06-25,P17,Lemper,48,0
2026-06-25,P18,Serabi,33,0
2026-06-25,P19,Tahu Isi,54,0
2026-06-25,P20,Tempe Goreng,54,0
2026-06-25,P21,Roti Bakar Coklat,33,0
2026-06-25,P22,Telur Dadar,68,0
2026-06-25,P23,Capcay,49,0
2026-06-25,P24,Nasi Goreng Seafood,50,0
2026-06-25,P25,Bakso Urat,63,0
2026-06-26,P01,Nasi Goreng Spesial,112,0
2026-06-26,P02,Mie Goreng Ayam,93,0
2026-06-26,P03,Nasi Kuning,74,0
2026-06-26,P04,Nasi Uduk,61,0
2026-06-26,P05,Mie Ayam Bakso,85,0
2026-06-26,P06,Soto Ayam,58,0
2026-06-26,P07,Ayam Geprek,93,0
2026-06-26,P08,Es Teh Manis,203,0
2026-06-26,P09,Es Jeruk,165,0
2026-06-26,P10,Kopi Hitam,112,0
2026-06-26,P11,Teh Anget,102,0
2026-06-26,P12,Jus Alpukat,62,0
2026-06-26,P13,Es Campur,54,0
2026-06-26,P14,Kerupuk,142,0
2026-06-26,P15,Kue Lumpur,43,0
2026-06-26,P16,Pisang Goreng,66,0
2026-06-26,P17,Lemper,46,0
2026-06-26,P18,Serabi,33,0
2026-06-26,P19,Tahu Isi,58,0
2026-06-26,P20,Tempe Goreng,52,0
2026-06-26,P21,Roti Bakar Coklat,40,0
2026-06-26,P22,Telur Dadar,73,0
2026-06-26,P23,Capcay,50,0
2026-06-26,P24,Nasi Goreng Seafood,45,0
2026-06-26,P25,Bakso Urat,71,0
2026-06-27,P01,Nasi Goreng Spesial,114,0
2026-06-27,P02,Mie Goreng Ayam,91,0
2026-06-27,P03,Nasi Kuning,71,0
2026-06-27,P04,Nasi Uduk,71,0
2026-06-27,P05,Mie Ayam Bakso,92,0
2026-06-27,P06,Soto Ayam,58,0
2026-06-27,P07,Ayam Geprek,81,0
2026-06-27,P08,Es Teh Manis,135,0
2026-06-27,P09,Es Jeruk,90,0
2026-06-27,P10,Kopi Hitam,69,0
2026-06-27,P11,Teh Anget,64,0
2026-06-27,P12,Jus Alpukat,42,0
2026-06-27,P13,Es Campur,30,0
2026-06-27,P14,Kerupuk,150,0
2026-06-27,P15,Kue Lumpur,43,0
2026-06-27,P16,Pisang Goreng,71,0
2026-06-27,P17,Lemper,52,0
2026-06-27,P18,Serabi,39,0
2026-06-27,P19,Tahu Isi,71,0
2026-06-27,P20,Tempe Goreng,54,0
2026-06-27,P21,Roti Bakar Coklat,42,0
2026-06-27,P22,Telur Dadar,71,0
2026-06-27,P23,Capcay,58,0
2026-06-27,P24,Nasi Goreng Seafood,42,0
2026-06-27,P25,Bakso Urat,66,0
2026-06-28,P01,Nasi Goreng Spesial,129,0
2026-06-28,P02,Mie Goreng Ayam,113,0
2026-06-28,P03,Nasi Kuning,82,0
2026-06-28,P04,Nasi Uduk,74,0
2026-06-28,P05,Mie Ayam Bakso,98,1
2026-06-28,P06,Soto Ayam,73,0
2026-06-28,P07,Ayam Geprek,80,0
2026-06-28,P08,Es Teh Manis,234,1
2026-06-28,P09,Es Jeruk,171,0
2026-06-28,P10,Kopi Hitam,149,0
2026-06-28,P11,Teh Anget,128,1
2026-06-28,P12,Jus Alpukat,79,0
2026-06-28,P13,Es Campur,65,0
2026-06-28,P14,Kerupuk,173,0
2026-06-28,P15,Kue Lumpur,45,0
2026-06-28,P16,Pisang Goreng,75,0
2026-06-28,P17,Lemper,58,0
2026-06-28,P18,Serabi,39,0
2026-06-28,P19,Tahu Isi,76,0
2026-06-28,P20,Tempe Goreng,66,0
2026-06-28,P21,Roti Bakar Coklat,47,0
2026-06-28,P22,Telur Dadar,77,0
2026-06-28,P23,Capcay,60,0
2026-06-28,P24,Nasi Goreng Seafood,53,0
2026-06-28,P25,Bakso Urat,72,0
2026-06-29,P01,Nasi Goreng Spesial,64,0
2026-06-29,P02,Mie Goreng Ayam,78,0
2026-06-29,P03,Nasi Kuning,41,0
2026-06-29,P04,Nasi Uduk,44,0
2026-06-29,P05,Mie Ayam Bakso,62,0
2026-06-29,P06,Soto Ayam,34,0
2026-06-29,P07,Ayam Geprek,48,0
2026-06-29,P08,Es Teh Manis,84,0
2026-06-29,P09,Es Jeruk,85,0
2026-06-29,P10,Kopi Hitam,71,0
2026-06-29,P11,Teh Anget,42,0
2026-06-29,P12,Jus Alpukat,30,0
2026-06-29,P13,Es Campur,26,0
2026-06-29,P14,Kerupuk,96,0
2026-06-29,P15,Kue Lumpur,24,0
2026-06-29,P16,Pisang Goreng,55,0
2026-06-29,P17,Lemper,27,0
2026-06-29,P18,Serabi,25,0
2026-06-29,P19,Tahu Isi,38,0
2026-06-29,P20,Tempe Goreng,40,0
2026-06-29,P21,Roti Bakar Coklat,31,0
2026-06-29,P22,Telur Dadar,45,0
2026-06-29,P23,Capcay,34,0
2026-06-29,P24,Nasi Goreng Seafood,28,0
2026-06-29,P25,Bakso Urat,46,0
2026-06-30,P01,Nasi Goreng Spesial,80,0
2026-06-30,P02,Mie Goreng Ayam,62,0
2026-06-30,P03,Nasi Kuning,53,0
2026-06-30,P04,Nasi Uduk,41,0
2026-06-30,P05,Mie Ayam Bakso,54,0
2026-06-30,P06,Soto Ayam,42,0
2026-06-30,P07,Ayam Geprek,53,0
2026-06-30,P08,Es Teh Manis,99,0
2026-06-30,P09,Es Jeruk,60,0
2026-06-30,P10,Kopi Hitam,60,0
2026-06-30,P11,Teh Anget,46,0
2026-06-30,P12,Jus Alpukat,30,0
2026-06-30,P13,Es Campur,25,0
2026-06-30,P14,Kerupuk,91,0
2026-06-30,P15,Kue Lumpur,27,0
2026-06-30,P16,Pisang Goreng,44,0
2026-06-30,P17,Lemper,34,0
2026-06-30,P18,Serabi,25,0
2026-06-30,P19,Tahu Isi,49,0
2026-06-30,P20,Tempe Goreng,37,0
2026-06-30,P21,Roti Bakar Coklat,26,0
2026-06-30,P22,Telur Dadar,47,0
2026-06-30,P23,Capcay,38,0
2026-06-30,P24,Nasi Goreng Seafood,35,0
2026-06-30,P25,Bakso Urat,50,0
2026-07-01,P01,Nasi Goreng Spesial,132,0
2026-07-01,P02,Mie Goreng Ayam,93,0
2026-07-01,P03,Nasi Kuning,80,0
2026-07-01,P04,Nasi Uduk,71,0
2026-07-01,P05,Mie Ayam Bakso,87,0
2026-07-01,P06,Soto Ayam,63,0
2026-07-01,P07,Ayam Geprek,94,0
2026-07-01,P08,Es Teh Manis,223,0
2026-07-01,P09,Es Jeruk,163,0
2026-07-01,P10,Kopi Hitam,147,0
2026-07-01,P11,Teh Anget,105,0
2026-07-01,P12,Jus Alpukat,66,0
2026-07-01,P13,Es Campur,60,0
2026-07-01,P14,Kerupuk,156,0
2026-07-01,P15,Kue Lumpur,44,0
2026-07-01,P16,Pisang Goreng,65,0
2026-07-01,P17,Lemper,52,0
2026-07-01,P18,Serabi,37,0
2026-07-01,P19,Tahu Isi,65,0
2026-07-01,P20,Tempe Goreng,60,0
2026-07-01,P21,Roti Bakar Coklat,40,0
2026-07-01,P22,Telur Dadar,83,0
2026-07-01,P23,Capcay,57,0
2026-07-01,P24,Nasi Goreng Seafood,54,0
2026-07-01,P25,Bakso Urat,74,0
2026-07-02,P01,Nasi Goreng Spesial,73,0
2026-07-02,P02,Mie Goreng Ayam,56,0
2026-07-02,P03,Nasi Kuning,50,0
2026-07-02,P04,Nasi Uduk,35,0
2026-07-02,P05,Mie Ayam Bakso,44,0
2026-07-02,P06,Soto Ayam,40,0
2026-07-02,P07,Ayam Geprek,36,0
2026-07-02,P08,Es Teh Manis,91,0
2026-07-02,P09,Es Jeruk,71,0
2026-07-02,P10,Kopi Hitam,36,0
2026-07-02,P11,Teh Anget,44,0
2026-07-02,P12,Jus Alpukat,20,0
2026-07-02,P13,Es Campur,17,0
2026-07-02,P14,Kerupuk,77,0
2026-07-02,P15,Kue Lumpur,25,0
2026-07-02,P16,Pisang Goreng,37,0
2026-07-02,P17,Lemper,32,0
2026-07-02,P18,Serabi,22,0
2026-07-02,P19,Tahu Isi,34,0
2026-07-02,P20,Tempe Goreng,28,0
2026-07-02,P21,Roti Bakar Coklat,26,0
2026-07-02,P22,Telur Dadar,53,0
2026-07-02,P23,Capcay,30,0
2026-07-02,P24,Nasi Goreng Seafood,27,0
2026-07-02,P25,Bakso Urat,35,0
2026-07-03,P01,Nasi Goreng Spesial,86,0
2026-07-03,P02,Mie Goreng Ayam,79,0
2026-07-03,P03,Nasi Kuning,45,0
2026-07-03,P04,Nasi Uduk,49,0
2026-07-03,P05,Mie Ayam Bakso,50,0
2026-07-03,P06,Soto Ayam,43,0
2026-07-03,P07,Ayam Geprek,49,0
2026-07-03,P08,Es Teh Manis,119,0
2026-07-03,P09,Es Jeruk,70,0
2026-07-03,P10,Kopi Hitam,71,0
2026-07-03,P11,Teh Anget,49,0
2026-07-03,P12,Jus Alpukat,29,0
2026-07-03,P13,Es Campur,22,0
2026-07-03,P14,Kerupuk,110,0
2026-07-03,P15,Kue Lumpur,32,0
2026-07-03,P16,Pisang Goreng,52,0
2026-07-03,P17,Lemper,37,0
2026-07-03,P18,Serabi,27,0
2026-07-03,P19,Tahu Isi,46,0
2026-07-03,P20,Tempe Goreng,42,0
2026-07-03,P21,Roti Bakar Coklat,33,0
2026-07-03,P22,Telur Dadar,45,0
2026-07-03,P23,Capcay,38,0
2026-07-03,P24,Nasi Goreng Seafood,30,0
2026-07-03,P25,Bakso Urat,50,0
2026-07-04,P01,Nasi Goreng Spesial,157,0
2026-07-04,P02,Mie Goreng Ayam,132,0
2026-07-04,P03,Nasi Kuning,94,0
2026-07-04,P04,Nasi Uduk,95,0
2026-07-04,P05,Mie Ayam Bakso,118,1
2026-07-04,P06,Soto Ayam,84,1
2026-07-04,P07,Ayam Geprek,107,0
2026-07-04,P08,Es Teh Manis,278,0
2026-07-04,P09,Es Jeruk,187,0
2026-07-04,P10,Kopi Hitam,153,0
2026-07-04,P11,Teh Anget,136,0
2026-07-04,P12,Jus Alpukat,82,0
2026-07-04,P13,Es Campur,66,0
2026-07-04,P14,Kerupuk,202,0
2026-07-04,P15,Kue Lumpur,61,0
2026-07-04,P16,Pisang Goreng,89,0
2026-07-04,P17,Lemper,65,0
2026-07-04,P18,Serabi,49,1
2026-07-04,P19,Tahu Isi,85,0
2026-07-04,P20,Tempe Goreng,76,0
2026-07-04,P21,Roti Bakar Coklat,58,0
2026-07-04,P22,Telur Dadar,96,1
2026-07-04,P23,Capcay,69,1
2026-07-04,P24,Nasi Goreng Seafood,62,0
2026-07-04,P25,Bakso Urat,84,0
2026-07-05,P01,Nasi Goreng Spesial,144,0
2026-07-05,P02,Mie Goreng Ayam,124,0
2026-07-05,P03,Nasi Kuning,90,0
2026-07-05,P04,Nasi Uduk,83,0
2026-07-05,P05,Mie Ayam Bakso,96,0
2026-07-05,P06,Soto Ayam,80,0
2026-07-05,P07,Ayam Geprek,95,0
2026-07-05,P08,Es Teh Manis,284,0
2026-07-05,P09,Es Jeruk,200,1
2026-07-05,P10,Kopi Hitam,165,0
2026-07-05,P11,Teh Anget,135,0
2026-07-05,P12,Jus Alpukat,87,0
2026-07-05,P13,Es Campur,68,1
2026-07-05,P14,Kerupuk,167,0
2026-07-05,P15,Kue Lumpur,52,0
2026-07-05,P16,Pisang Goreng,83,0
2026-07-05,P17,Lemper,61,0
2026-07-05,P18,Serabi,50,0
2026-07-05,P19,Tahu Isi,74,0
2026-07-05,P20,Tempe Goreng,73,1
2026-07-05,P21,Roti Bakar Coklat,53,0
2026-07-05,P22,Telur Dadar,96,1
2026-07-05,P23,Capcay,66,0
2026-07-05,P24,Nasi Goreng Seafood,58,0
2026-07-05,P25,Bakso Urat,82,0
2026-07-06,P01,Nasi Goreng Spesial,119,0
2026-07-06,P02,Mie Goreng Ayam,79,0
2026-07-06,P03,Nasi Kuning,73,0
2026-07-06,P04,Nasi Uduk,57,0
2026-07-06,P05,Mie Ayam Bakso,80,0
2026-07-06,P06,Soto Ayam,62,0
2026-07-06,P07,Ayam Geprek,77,0
2026-07-06,P08,Es Teh Manis,261,1
2026-07-06,P09,Es Jeruk,172,0
2026-07-06,P10,Kopi Hitam,140,0
2026-07-06,P11,Teh Anget,124,0
2026-07-06,P12,Jus Alpukat,69,0
2026-07-06,P13,Es Campur,62,1
2026-07-06,P14,Kerupuk,143,0
2026-07-06,P15,Kue Lumpur,41,0
2026-07-06,P16,Pisang Goreng,70,0
2026-07-06,P17,Lemper,45,0
2026-07-06,P18,Serabi,33,0
2026-07-06,P19,Tahu Isi,55,0
2026-07-06,P20,Tempe Goreng,45,0
2026-07-06,P21,Roti Bakar Coklat,45,0
2026-07-06,P22,Telur Dadar,67,0
2026-07-06,P23,Capcay,53,0
2026-07-06,P24,Nasi Goreng Seafood,52,0
2026-07-06,P25,Bakso Urat,65,0
2026-07-07,P01,Nasi Goreng Spesial,129,0
2026-07-07,P02,Mie Goreng Ayam,108,0
2026-07-07,P03,Nasi Kuning,78,0
2026-07-07,P04,Nasi Uduk,67,0
2026-07-07,P05,Mie Ayam Bakso,93,0
2026-07-07,P06,Soto Ayam,66,0
2026-07-07,P07,Ayam Geprek,78,0
2026-07-07,P08,Es Teh Manis,234,0
2026-07-07,P09,Es Jeruk,167,0
2026-07-07,P10,Kopi Hitam,133,0
2026-07-07,P11,Teh Anget,100,0
2026-07-07,P12,Jus Alpukat,64,0
2026-07-07,P13,Es Campur,57,0
2026-07-07,P14,Kerupuk,157,0
2026-07-07,P15,Kue Lumpur,51,0
2026-07-07,P16,Pisang Goreng,70,0
2026-07-07,P17,Lemper,46,0
2026-07-07,P18,Serabi,37,0
2026-07-07,P19,Tahu Isi,63,0
2026-07-07,P20,Tempe Goreng,59,0
2026-07-07,P21,Roti Bakar Coklat,47,0
2026-07-07,P22,Telur Dadar,85,0
2026-07-07,P23,Capcay,61,0
2026-07-07,P24,Nasi Goreng Seafood,52,0
2026-07-07,P25,Bakso Urat,78,0
2026-07-08,P01,Nasi Goreng Spesial,81,0
2026-07-08,P02,Mie Goreng Ayam,63,0
2026-07-08,P03,Nasi Kuning,50,0
2026-07-08,P04,Nasi Uduk,49,0
2026-07-08,P05,Mie Ayam Bakso,57,0
2026-07-08,P06,Soto Ayam,45,0
2026-07-08,P07,Ayam Geprek,64,0
2026-07-08,P08,Es Teh Manis,109,0
2026-07-08,P09,Es Jeruk,67,0
2026-07-08,P10,Kopi Hitam,61,0
2026-07-08,P11,Teh Anget,45,0
2026-07-08,P12,Jus Alpukat,37,0
2026-07-08,P13,Es Campur,28,0
2026-07-08,P14,Kerupuk,99,0
2026-07-08,P15,Kue Lumpur,29,0
2026-07-08,P16,Pisang Goreng,43,0
2026-07-08,P17,Lemper,38,0
2026-07-08,P18,Serabi,30,0
2026-07-08,P19,Tahu Isi,38,0
2026-07-08,P20,Tempe Goreng,43,0
2026-07-08,P21,Roti Bakar Coklat,30,0
2026-07-08,P22,Telur Dadar,58,0
2026-07-08,P23,Capcay,33,0
2026-07-08,P24,Nasi Goreng Seafood,35,0
2026-07-08,P25,Bakso Urat,46,0
2026-07-09,P01,Nasi Goreng Spesial,78,0
2026-07-09,P02,Mie Goreng Ayam,68,0
2026-07-09,P03,Nasi Kuning,54,0
2026-07-09,P04,Nasi Uduk,43,0
2026-07-09,P05,Mie Ayam Bakso,59,0
2026-07-09,P06,Soto Ayam,41,0
2026-07-09,P07,Ayam Geprek,50,0
2026-07-09,P08,Es Teh Manis,107,0
2026-07-09,P09,Es Jeruk,84,0
2026-07-09,P10,Kopi Hitam,68,0
2026-07-09,P11,Teh Anget,52,0
2026-07-09,P12,Jus Alpukat,34,0
2026-07-09,P13,Es Campur,28,0
2026-07-09,P14,Kerupuk,118,0
2026-07-09,P15,Kue Lumpur,30,0
2026-07-09,P16,Pisang Goreng,53,0
2026-07-09,P17,Lemper,29,0
2026-07-09,P18,Serabi,27,0
2026-07-09,P19,Tahu Isi,46,0
2026-07-09,P20,Tempe Goreng,39,0
2026-07-09,P21,Roti Bakar Coklat,29,0
2026-07-09,P22,Telur Dadar,51,0
2026-07-09,P23,Capcay,41,0
2026-07-09,P24,Nasi Goreng Seafood,30,0
2026-07-09,P25,Bakso Urat,50,0
2026-07-10,P01,Nasi Goreng Spesial,68,0
2026-07-10,P02,Mie Goreng Ayam,36,0
2026-07-10,P03,Nasi Kuning,46,0
2026-07-10,P04,Nasi Uduk,45,0
2026-07-10,P05,Mie Ayam Bakso,47,0
2026-07-10,P06,Soto Ayam,39,0
2026-07-10,P07,Ayam Geprek,47,0
2026-07-10,P08,Es Teh Manis,61,0
2026-07-10,P09,Es Jeruk,77,0
2026-07-10,P10,Kopi Hitam,48,0
2026-07-10,P11,Teh Anget,42,0
2026-07-10,P12,Jus Alpukat,22,0
2026-07-10,P13,Es Campur,21,0
2026-07-10,P14,Kerupuk,89,0
2026-07-10,P15,Kue Lumpur,22,0
2026-07-10,P16,Pisang Goreng,47,0
2026-07-10,P17,Lemper,32,0
2026-07-10,P18,Serabi,23,0
2026-07-10,P19,Tahu Isi,36,0
2026-07-10,P20,Tempe Goreng,30,0
2026-07-10,P21,Roti Bakar Coklat,28,0
2026-07-10,P22,Telur Dadar,47,0
2026-07-10,P23,Capcay,32,0
2026-07-10,P24,Nasi Goreng Seafood,26,0
2026-07-10,P25,Bakso Urat,33,0
2026-07-11,P01,Nasi Goreng Spesial,80,0
2026-07-11,P02,Mie Goreng Ayam,74,0
2026-07-11,P03,Nasi Kuning,57,0
2026-07-11,P04,Nasi Uduk,54,0
2026-07-11,P05,Mie Ayam Bakso,69,0
2026-07-11,P06,Soto Ayam,47,0
2026-07-11,P07,Ayam Geprek,59,0
2026-07-11,P08,Es Teh Manis,121,0
2026-07-11,P09,Es Jeruk,75,0
2026-07-11,P10,Kopi Hitam,52,0
2026-07-11,P11,Teh Anget,42,0
2026-07-11,P12,Jus Alpukat,29,0
2026-07-11,P13,Es Campur,27,0
2026-07-11,P14,Kerupuk,138,0
2026-07-11,P15,Kue Lumpur,33,0
2026-07-11,P16,Pisang Goreng,52,0
2026-07-11,P17,Lemper,36,0
2026-07-11,P18,Serabi,30,0
2026-07-11,P19,Tahu Isi,48,0
2026-07-11,P20,Tempe Goreng,40,0
2026-07-11,P21,Roti Bakar Coklat,30,0
2026-07-11,P22,Telur Dadar,53,0
2026-07-11,P23,Capcay,38,0
2026-07-11,P24,Nasi Goreng Seafood,35,0
2026-07-11,P25,Bakso Urat,51,0
2026-07-12,P01,Nasi Goreng Spesial,89,0
2026-07-12,P02,Mie Goreng Ayam,99,0
2026-07-12,P03,Nasi Kuning,61,0
2026-07-12,P04,Nasi Uduk,60,0
2026-07-12,P05,Mie Ayam Bakso,77,0
2026-07-12,P06,Soto Ayam,54,0
2026-07-12,P07,Ayam Geprek,75,0
2026-07-12,P08,Es Teh Manis,121,0
2026-07-12,P09,Es Jeruk,93,0
2026-07-12,P10,Kopi Hitam,75,0
2026-07-12,P11,Teh Anget,53,0
2026-07-12,P12,Jus Alpukat,37,0
2026-07-12,P13,Es Campur,29,0
2026-07-12,P14,Kerupuk,128,0
2026-07-12,P15,Kue Lumpur,41,0
2026-07-12,P16,Pisang Goreng,62,0
2026-07-12,P17,Lemper,47,0
2026-07-12,P18,Serabi,35,0
2026-07-12,P19,Tahu Isi,52,0
2026-07-12,P20,Tempe Goreng,54,0
2026-07-12,P21,Roti Bakar Coklat,41,0
2026-07-12,P22,Telur Dadar,64,0
2026-07-12,P23,Capcay,50,0
2026-07-12,P24,Nasi Goreng Seafood,47,0
2026-07-12,P25,Bakso Urat,60,0
2026-07-13,P01,Nasi Goreng Spesial,113,0
2026-07-13,P02,Mie Goreng Ayam,100,0
2026-07-13,P03,Nasi Kuning,78,0
2026-07-13,P04,Nasi Uduk,79,0
2026-07-13,P05,Mie Ayam Bakso,107,0
2026-07-13,P06,Soto Ayam,66,0
2026-07-13,P07,Ayam Geprek,87,0
2026-07-13,P08,Es Teh Manis,197,0
2026-07-13,P09,Es Jeruk,165,0
2026-07-13,P10,Kopi Hitam,132,0
2026-07-13,P11,Teh Anget,109,0
2026-07-13,P12,Jus Alpukat,59,0
2026-07-13,P13,Es Campur,63,0
2026-07-13,P14,Kerupuk,168,0
2026-07-13,P15,Kue Lumpur,45,0
2026-07-13,P16,Pisang Goreng,74,0
2026-07-13,P17,Lemper,51,0
2026-07-13,P18,Serabi,40,0
2026-07-13,P19,Tahu Isi,58,0
2026-07-13,P20,Tempe Goreng,49,0
2026-07-13,P21,Roti Bakar Coklat,41,0
2026-07-13,P22,Telur Dadar,76,0
2026-07-13,P23,Capcay,57,0
2026-07-13,P24,Nasi Goreng Seafood,55,0
2026-07-13,P25,Bakso Urat,72,0
2026-07-14,P01,Nasi Goreng Spesial,75,0
2026-07-14,P02,Mie Goreng Ayam,71,0
2026-07-14,P03,Nasi Kuning,53,0
2026-07-14,P04,Nasi Uduk,51,0
2026-07-14,P05,Mie Ayam Bakso,56,0
2026-07-14,P06,Soto Ayam,46,0
2026-07-14,P07,Ayam Geprek,51,0
2026-07-14,P08,Es Teh Manis,130,0
2026-07-14,P09,Es Jeruk,69,0
2026-07-14,P10,Kopi Hitam,78,0
2026-07-14,P11,Teh Anget,53,0
2026-07-14,P12,Jus Alpukat,35,0
2026-07-14,P13,Es Campur,32,0
2026-07-14,P14,Kerupuk,93,0
2026-07-14,P15,Kue Lumpur,33,0
2026-07-14,P16,Pisang Goreng,46,0
2026-07-14,P17,Lemper,34,0
2026-07-14,P18,Serabi,24,0
2026-07-14,P19,Tahu Isi,50,0
2026-07-14,P20,Tempe Goreng,35,0
2026-07-14,P21,Roti Bakar Coklat,32,0
2026-07-14,P22,Telur Dadar,49,0
2026-07-14,P23,Capcay,43,0
2026-07-14,P24,Nasi Goreng Seafood,42,0
2026-07-14,P25,Bakso Urat,45,0
2026-07-15,P01,Nasi Goreng Spesial,130,0
2026-07-15,P02,Mie Goreng Ayam,95,0
2026-07-15,P03,Nasi Kuning,72,0
2026-07-15,P04,Nasi Uduk,81,0
2026-07-15,P05,Mie Ayam Bakso,84,0
2026-07-15,P06,Soto Ayam,65,0
2026-07-15,P07,Ayam Geprek,78,0
2026-07-15,P08,Es Teh Manis,237,0
2026-07-15,P09,Es Jeruk,151,0
2026-07-15,P10,Kopi Hitam,124,0
2026-07-15,P11,Teh Anget,106,0
2026-07-15,P12,Jus Alpukat,63,0
2026-07-15,P13,Es Campur,56,0
2026-07-15,P14,Kerupuk,150,0
2026-07-15,P15,Kue Lumpur,47,0
2026-07-15,P16,Pisang Goreng,63,0
2026-07-15,P17,Lemper,45,0
2026-07-15,P18,Serabi,36,0
2026-07-15,P19,Tahu Isi,57,0
2026-07-15,P20,Tempe Goreng,48,0
2026-07-15,P21,Roti Bakar Coklat,45,0
2026-07-15,P22,Telur Dadar,75,0
2026-07-15,P23,Capcay,56,0
2026-07-15,P24,Nasi Goreng Seafood,43,0
2026-07-15,P25,Bakso Urat,66,0
2026-07-16,P01,Nasi Goreng Spesial,129,0
2026-07-16,P02,Mie Goreng Ayam,108,0
2026-07-16,P03,Nasi Kuning,76,0
2026-07-16,P04,Nasi Uduk,72,0
2026-07-16,P05,Mie Ayam Bakso,95,0
2026-07-16,P06,Soto Ayam,63,0
2026-07-16,P07,Ayam Geprek,93,0
2026-07-16,P08,Es Teh Manis,237,0
2026-07-16,P09,Es Jeruk,177,0
2026-07-16,P10,Kopi Hitam,123,0
2026-07-16,P11,Teh Anget,115,1
2026-07-16,P12,Jus Alpukat,63,0
2026-07-16,P13,Es Campur,57,0
2026-07-16,P14,Kerupuk,161,0
2026-07-16,P15,Kue Lumpur,43,0
2026-07-16,P16,Pisang Goreng,81,0
2026-07-16,P17,Lemper,52,0
2026-07-16,P18,Serabi,36,0
2026-07-16,P19,Tahu Isi,65,0
2026-07-16,P20,Tempe Goreng,56,0
2026-07-16,P21,Roti Bakar Coklat,46,0
2026-07-16,P22,Telur Dadar,77,0
2026-07-16,P23,Capcay,60,0
2026-07-16,P24,Nasi Goreng Seafood,53,0
2026-07-16,P25,Bakso Urat,73,0
2026-07-17,P01,Nasi Goreng Spesial,81,0
2026-07-17,P02,Mie Goreng Ayam,67,0
2026-07-17,P03,Nasi Kuning,52,0
2026-07-17,P04,Nasi Uduk,44,0
2026-07-17,P05,Mie Ayam Bakso,48,0
2026-07-17,P06,Soto Ayam,42,0
2026-07-17,P07,Ayam Geprek,40,0
2026-07-17,P08,Es Teh Manis,122,0
2026-07-17,P09,Es Jeruk,54,0
2026-07-17,P10,Kopi Hitam,58,0
2026-07-17,P11,Teh Anget,51,0
2026-07-17,P12,Jus Alpukat,27,0
2026-07-17,P13,Es Campur,16,0
2026-07-17,P14,Kerupuk,78,0
2026-07-17,P15,Kue Lumpur,26,0
2026-07-17,P16,Pisang Goreng,43,0
2026-07-17,P17,Lemper,28,0
2026-07-17,P18,Serabi,22,0
2026-07-17,P19,Tahu Isi,30,0
2026-07-17,P20,Tempe Goreng,39,0
2026-07-17,P21,Roti Bakar Coklat,24,0
2026-07-17,P22,Telur Dadar,47,0
2026-07-17,P23,Capcay,38,0
2026-07-17,P24,Nasi Goreng Seafood,25,0
2026-07-17,P25,Bakso Urat,40,0
2026-07-18,P01,Nasi Goreng Spesial,198,0
2026-07-18,P02,Mie Goreng Ayam,140,1
2026-07-18,P03,Nasi Kuning,130,0
2026-07-18,P04,Nasi Uduk,118,0
2026-07-18,P05,Mie Ayam Bakso,141,0
2026-07-18,P06,Soto Ayam,79,1
2026-07-18,P07,Ayam Geprek,140,1
2026-07-18,P08,Es Teh Manis,264,1
2026-07-18,P09,Es Jeruk,224,1
2026-07-18,P10,Kopi Hitam,180,0
2026-07-18,P11,Teh Anget,117,1
2026-07-18,P12,Jus Alpukat,82,1
2026-07-18,P13,Es Campur,77,0
2026-07-18,P14,Kerupuk,244,1
2026-07-18,P15,Kue Lumpur,63,1
2026-07-18,P16,Pisang Goreng,110,0
2026-07-18,P17,Lemper,68,1
2026-07-18,P18,Serabi,64,0
2026-07-18,P19,Tahu Isi,87,1
2026-07-18,P20,Tempe Goreng,90,0
2026-07-18,P21,Roti Bakar Coklat,68,0
2026-07-18,P22,Telur Dadar,112,1
2026-07-18,P23,Capcay,89,0
2026-07-18,P24,Nasi Goreng Seafood,66,1
2026-07-18,P25,Bakso Urat,112,0
2026-07-19,P01,Nasi Goreng Spesial,160,0
2026-07-19,P02,Mie Goreng Ayam,130,0
2026-07-19,P03,Nasi Kuning,98,0
2026-07-19,P04,Nasi Uduk,85,1
2026-07-19,P05,Mie Ayam Bakso,109,0
2026-07-19,P06,Soto Ayam,82,0
2026-07-19,P07,Ayam Geprek,108,0
2026-07-19,P08,Es Teh Manis,269,0
2026-07-19,P09,Es Jeruk,185,0
2026-07-19,P10,Kopi Hitam,154,0
2026-07-19,P11,Teh Anget,134,0
2026-07-19,P12,Jus Alpukat,73,1
2026-07-19,P13,Es Campur,63,0
2026-07-19,P14,Kerupuk,188,0
2026-07-19,P15,Kue Lumpur,60,0
2026-07-19,P16,Pisang Goreng,88,0
2026-07-19,P17,Lemper,66,0
2026-07-19,P18,Serabi,54,0
2026-07-19,P19,Tahu Isi,85,0
2026-07-19,P20,Tempe Goreng,67,0
2026-07-19,P21,Roti Bakar Coklat,62,0
2026-07-19,P22,Telur Dadar,101,0
2026-07-19,P23,Capcay,75,1
2026-07-19,P24,Nasi Goreng Seafood,67,0
2026-07-19,P25,Bakso Urat,96,0
2026-07-20,P01,Nasi Goreng Spesial,120,0
2026-07-20,P02,Mie Goreng Ayam,89,0
2026-07-20,P03,Nasi Kuning,70,0
2026-07-20,P04,Nasi Uduk,70,0
2026-07-20,P05,Mie Ayam Bakso,95,0
2026-07-20,P06,Soto Ayam,57,0
2026-07-20,P07,Ayam Geprek,73,0
2026-07-20,P08,Es Teh Manis,260,0
2026-07-20,P09,Es Jeruk,159,0
2026-07-20,P10,Kopi Hitam,130,0
2026-07-20,P11,Teh Anget,117,0
2026-07-20,P12,Jus Alpukat,77,0
2026-07-20,P13,Es Campur,59,0
2026-07-20,P14,Kerupuk,140,0
2026-07-20,P15,Kue Lumpur,42,0
2026-07-20,P16,Pisang Goreng,63,0
2026-07-20,P17,Lemper,42,0
2026-07-20,P18,Serabi,37,0
2026-07-20,P19,Tahu Isi,60,0
2026-07-20,P20,Tempe Goreng,55,0
2026-07-20,P21,Roti Bakar Coklat,41,0
2026-07-20,P22,Telur Dadar,80,0
2026-07-20,P23,Capcay,52,0
2026-07-20,P24,Nasi Goreng Seafood,45,0
2026-07-20,P25,Bakso Urat,74,0
2026-07-21,P01,Nasi Goreng Spesial,78,0
2026-07-21,P02,Mie Goreng Ayam,70,0
2026-07-21,P03,Nasi Kuning,55,0
2026-07-21,P04,Nasi Uduk,41,0
2026-07-21,P05,Mie Ayam Bakso,45,0
2026-07-21,P06,Soto Ayam,35,0
2026-07-21,P07,Ayam Geprek,51,0
2026-07-21,P08,Es Teh Manis,106,0
2026-07-21,P09,Es Jeruk,51,0
2026-07-21,P10,Kopi Hitam,51,0
2026-07-21,P11,Teh Anget,36,0
2026-07-21,P12,Jus Alpukat,24,0
2026-07-21,P13,Es Campur,21,0
2026-07-21,P14,Kerupuk,92,0
2026-07-21,P15,Kue Lumpur,31,0
2026-07-21,P16,Pisang Goreng,42,0
2026-07-21,P17,Lemper,28,0
2026-07-21,P18,Serabi,20,0
2026-07-21,P19,Tahu Isi,36,0
2026-07-21,P20,Tempe Goreng,30,0
2026-07-21,P21,Roti Bakar Coklat,26,0
2026-07-21,P22,Telur Dadar,33,0
2026-07-21,P23,Capcay,32,0
2026-07-21,P24,Nasi Goreng Seafood,29,0
2026-07-21,P25,Bakso Urat,36,0
2026-07-22,P01,Nasi Goreng Spesial,108,0
2026-07-22,P02,Mie Goreng Ayam,101,0
2026-07-22,P03,Nasi Kuning,66,0
2026-07-22,P04,Nasi Uduk,63,0
2026-07-22,P05,Mie Ayam Bakso,80,0
2026-07-22,P06,Soto Ayam,59,0
2026-07-22,P07,Ayam Geprek,85,0
2026-07-22,P08,Es Teh Manis,261,0
2026-07-22,P09,Es Jeruk,168,1
2026-07-22,P10,Kopi Hitam,137,0
2026-07-22,P11,Teh Anget,122,0
2026-07-22,P12,Jus Alpukat,66,0
2026-07-22,P13,Es Campur,61,1
2026-07-22,P14,Kerupuk,137,0
2026-07-22,P15,Kue Lumpur,41,0
2026-07-22,P16,Pisang Goreng,69,0
2026-07-22,P17,Lemper,45,0
2026-07-22,P18,Serabi,38,0
2026-07-22,P19,Tahu Isi,68,0
2026-07-22,P20,Tempe Goreng,55,0
2026-07-22,P21,Roti Bakar Coklat,41,0
2026-07-22,P22,Telur Dadar,77,0
2026-07-22,P23,Capcay,50,0
2026-07-22,P24,Nasi Goreng Seafood,53,0
2026-07-22,P25,Bakso Urat,63,0
2026-07-23,P01,Nasi Goreng Spesial,134,0
2026-07-23,P02,Mie Goreng Ayam,101,0
2026-07-23,P03,Nasi Kuning,68,0
2026-07-23,P04,Nasi Uduk,66,0
2026-07-23,P05,Mie Ayam Bakso,91,0
2026-07-23,P06,Soto Ayam,61,0
2026-07-23,P07,Ayam Geprek,77,0
2026-07-23,P08,Es Teh Manis,212,0
2026-07-23,P09,Es Jeruk,154,0
2026-07-23,P10,Kopi Hitam,115,0
2026-07-23,P11,Teh Anget,104,0
2026-07-23,P12,Jus Alpukat,63,0
2026-07-23,P13,Es Campur,54,0
2026-07-23,P14,Kerupuk,136,0
2026-07-23,P15,Kue Lumpur,45,0
2026-07-23,P16,Pisang Goreng,61,0
2026-07-23,P17,Lemper,49,0
2026-07-23,P18,Serabi,38,0
2026-07-23,P19,Tahu Isi,61,0
2026-07-23,P20,Tempe Goreng,59,0
2026-07-23,P21,Roti Bakar Coklat,39,0
2026-07-23,P22,Telur Dadar,72,0
2026-07-23,P23,Capcay,55,0
2026-07-23,P24,Nasi Goreng Seafood,61,0
2026-07-23,P25,Bakso Urat,71,0
2026-07-24,P01,Nasi Goreng Spesial,128,0
2026-07-24,P02,Mie Goreng Ayam,106,0
2026-07-24,P03,Nasi Kuning,81,0
2026-07-24,P04,Nasi Uduk,77,0
2026-07-24,P05,Mie Ayam Bakso,97,0
2026-07-24,P06,Soto Ayam,67,0
2026-07-24,P07,Ayam Geprek,88,0
2026-07-24,P08,Es Teh Manis,228,0
2026-07-24,P09,Es Jeruk,167,0
2026-07-24,P10,Kopi Hitam,129,0
2026-07-24,P11,Teh Anget,114,0
2026-07-24,P12,Jus Alpukat,72,0
2026-07-24,P13,Es Campur,61,0
2026-07-24,P14,Kerupuk,128,0
2026-07-24,P15,Kue Lumpur,41,0
2026-07-24,P16,Pisang Goreng,72,0
2026-07-24,P17,Lemper,49,0
2026-07-24,P18,Serabi,40,0
2026-07-24,P19,Tahu Isi,58,0
2026-07-24,P20,Tempe Goreng,58,0
2026-07-24,P21,Roti Bakar Coklat,45,0
2026-07-24,P22,Telur Dadar,82,0
2026-07-24,P23,Capcay,56,0
2026-07-24,P24,Nasi Goreng Seafood,54,0
2026-07-24,P25,Bakso Urat,78,0
2026-07-25,P01,Nasi Goreng Spesial,140,0
2026-07-25,P02,Mie Goreng Ayam,124,0
2026-07-25,P03,Nasi Kuning,97,0
2026-07-25,P04,Nasi Uduk,78,0
2026-07-25,P05,Mie Ayam Bakso,99,0
2026-07-25,P06,Soto Ayam,70,0
2026-07-25,P07,Ayam Geprek,90,0
2026-07-25,P08,Es Teh Manis,278,0
2026-07-25,P09,Es Jeruk,196,0
2026-07-25,P10,Kopi Hitam,175,0
2026-07-25,P11,Teh Anget,134,0
2026-07-25,P12,Jus Alpukat,68,1
2026-07-25,P13,Es Campur,61,1
2026-07-25,P14,Kerupuk,185,0
2026-07-25,P15,Kue Lumpur,52,0
2026-07-25,P16,Pisang Goreng,83,0
2026-07-25,P17,Lemper,65,0
2026-07-25,P18,Serabi,43,0
2026-07-25,P19,Tahu Isi,71,0
2026-07-25,P20,Tempe Goreng,72,0
2026-07-25,P21,Roti Bakar Coklat,53,0
2026-07-25,P22,Telur Dadar,99,0
2026-07-25,P23,Capcay,68,0
2026-07-25,P24,Nasi Goreng Seafood,60,0
2026-07-25,P25,Bakso Urat,87,0
2026-07-26,P01,Nasi Goreng Spesial,95,0
2026-07-26,P02,Mie Goreng Ayam,79,0
2026-07-26,P03,Nasi Kuning,56,0
2026-07-26,P04,Nasi Uduk,50,0
2026-07-26,P05,Mie Ayam Bakso,71,0
2026-07-26,P06,Soto Ayam,43,0
2026-07-26,P07,Ayam Geprek,60,0
2026-07-26,P08,Es Teh Manis,90,0
2026-07-26,P09,Es Jeruk,78,0
2026-07-26,P10,Kopi Hitam,68,0
2026-07-26,P11,Teh Anget,43,0
2026-07-26,P12,Jus Alpukat,29,0
2026-07-26,P13,Es Campur,24,0
2026-07-26,P14,Kerupuk,125,0
2026-07-26,P15,Kue Lumpur,37,0
2026-07-26,P16,Pisang Goreng,50,0
2026-07-26,P17,Lemper,28,0
2026-07-26,P18,Serabi,31,0
2026-07-26,P19,Tahu Isi,48,0
2026-07-26,P20,Tempe Goreng,43,0
2026-07-26,P21,Roti Bakar Coklat,36,0
2026-07-26,P22,Telur Dadar,54,0
2026-07-26,P23,Capcay,39,0
2026-07-26,P24,Nasi Goreng Seafood,36,0
2026-07-26,P25,Bakso Urat,53,0
2026-07-27,P01,Nasi Goreng Spesial,138,0
2026-07-27,P02,Mie Goreng Ayam,106,0
2026-07-27,P03,Nasi Kuning,83,0
2026-07-27,P04,Nasi Uduk,72,0
2026-07-27,P05,Mie Ayam Bakso,96,0
2026-07-27,P06,Soto Ayam,70,0
2026-07-27,P07,Ayam Geprek,86,0
2026-07-27,P08,Es Teh Manis,381,1
2026-07-27,P09,Es Jeruk,168,1
2026-07-27,P10,Kopi Hitam,197,1
2026-07-27,P11,Teh Anget,148,1
2026-07-27,P12,Jus Alpukat,115,1
2026-07-27,P13,Es Campur,66,1
2026-07-27,P14,Kerupuk,145,0
2026-07-27,P15,Kue Lumpur,47,0
2026-07-27,P16,Pisang Goreng,83,0
2026-07-27,P17,Lemper,62,0
2026-07-27,P18,Serabi,39,0
2026-07-27,P19,Tahu Isi,66,0
2026-07-27,P20,Tempe Goreng,63,0
2026-07-27,P21,Roti Bakar Coklat,47,0
2026-07-27,P22,Telur Dadar,84,0
2026-07-27,P23,Capcay,66,0
2026-07-27,P24,Nasi Goreng Seafood,65,0
2026-07-27,P25,Bakso Urat,83,0
2026-07-28,P01,Nasi Goreng Spesial,61,0
2026-07-28,P02,Mie Goreng Ayam,71,0
2026-07-28,P03,Nasi Kuning,32,0
2026-07-28,P04,Nasi Uduk,40,0
2026-07-28,P05,Mie Ayam Bakso,46,0
2026-07-28,P06,Soto Ayam,42,0
2026-07-28,P07,Ayam Geprek,48,0
2026-07-28,P08,Es Teh Manis,128,0
2026-07-28,P09,Es Jeruk,66,0
2026-07-28,P10,Kopi Hitam,48,0
2026-07-28,P11,Teh Anget,34,0
2026-07-28,P12,Jus Alpukat,30,0
2026-07-28,P13,Es Campur,21,0
2026-07-28,P14,Kerupuk,83,0
2026-07-28,P15,Kue Lumpur,29,0
2026-07-28,P16,Pisang Goreng,44,0
2026-07-28,P17,Lemper,27,0
2026-07-28,P18,Serabi,20,0
2026-07-28,P19,Tahu Isi,29,0
2026-07-28,P20,Tempe Goreng,25,0
2026-07-28,P21,Roti Bakar Coklat,27,0
2026-07-28,P22,Telur Dadar,47,0
2026-07-28,P23,Capcay,34,0
2026-07-28,P24,Nasi Goreng Seafood,29,0
2026-07-28,P25,Bakso Urat,36,0
2026-07-29,P01,Nasi Goreng Spesial,107,0
2026-07-29,P02,Mie Goreng Ayam,100,0
2026-07-29,P03,Nasi Kuning,71,0
2026-07-29,P04,Nasi Uduk,74,0
2026-07-29,P05,Mie Ayam Bakso,85,0
2026-07-29,P06,Soto Ayam,50,0
2026-07-29,P07,Ayam Geprek,69,0
2026-07-29,P08,Es Teh Manis,274,0
2026-07-29,P09,Es Jeruk,166,0
2026-07-29,P10,Kopi Hitam,140,0
2026-07-29,P11,Teh Anget,115,0
2026-07-29,P12,Jus Alpukat,72,1
2026-07-29,P13,Es Campur,55,0
2026-07-29,P14,Kerupuk,156,0
2026-07-29,P15,Kue Lumpur,45,0
2026-07-29,P16,Pisang Goreng,66,0
2026-07-29,P17,Lemper,49,0
2026-07-29,P18,Serabi,35,0
2026-07-29,P19,Tahu Isi,53,0
2026-07-29,P20,Tempe Goreng,56,0
2026-07-29,P21,Roti Bakar Coklat,42,0
2026-07-29,P22,Telur Dadar,74,0
2026-07-29,P23,Capcay,56,0
2026-07-29,P24,Nasi Goreng Seafood,46,0
2026-07-29,P25,Bakso Urat,73,0
2026-07-30,P01,Nasi Goreng Spesial,99,0
2026-07-30,P02,Mie Goreng Ayam,93,0
2026-07-30,P03,Nasi Kuning,82,0
2026-07-30,P04,Nasi Uduk,63,0
2026-07-30,P05,Mie Ayam Bakso,97,0
2026-07-30,P06,Soto Ayam,55,0
2026-07-30,P07,Ayam Geprek,73,0
2026-07-30,P08,Es Teh Manis,151,0
2026-07-30,P09,Es Jeruk,99,0
2026-07-30,P10,Kopi Hitam,78,0
2026-07-30,P11,Teh Anget,74,0
2026-07-30,P12,Jus Alpukat,45,0
2026-07-30,P13,Es Campur,37,0
2026-07-30,P14,Kerupuk,138,0
2026-07-30,P15,Kue Lumpur,45,0
2026-07-30,P16,Pisang Goreng,70,0
2026-07-30,P17,Lemper,47,0
2026-07-30,P18,Serabi,36,0
2026-07-30,P19,Tahu Isi,53,0
2026-07-30,P20,Tempe Goreng,54,0
2026-07-30,P21,Roti Bakar Coklat,41,0
2026-07-30,P22,Telur Dadar,69,0
2026-07-30,P23,Capcay,53,0
2026-07-30,P24,Nasi Goreng Seafood,46,0
2026-07-30,P25,Bakso Urat,59,0
2026-07-31,P01,Nasi Goreng Spesial,179,0
2026-07-31,P02,Mie Goreng Ayam,152,0
2026-07-31,P03,Nasi Kuning,99,0
2026-07-31,P04,Nasi Uduk,84,1
2026-07-31,P05,Mie Ayam Bakso,115,0
2026-07-31,P06,Soto Ayam,93,0
2026-07-31,P07,Ayam Geprek,122,0
2026-07-31,P08,Es Teh Manis,343,0
2026-07-31,P09,Es Jeruk,215,1
2026-07-31,P10,Kopi Hitam,147,1
2026-07-31,P11,Teh Anget,138,1
2026-07-31,P12,Jus Alpukat,72,1
2026-07-31,P13,Es Campur,82,0
2026-07-31,P14,Kerupuk,187,0
2026-07-31,P15,Kue Lumpur,53,1
2026-07-31,P16,Pisang Goreng,99,1
2026-07-31,P17,Lemper,64,1
2026-07-31,P18,Serabi,51,0
2026-07-31,P19,Tahu Isi,85,0
2026-07-31,P20,Tempe Goreng,69,1
2026-07-31,P21,Roti Bakar Coklat,60,0
2026-07-31,P22,Telur Dadar,104,0
2026-07-31,P23,Capcay,71,0
2026-07-31,P24,Nasi Goreng Seafood,73,0
2026-07-31,P25,Bakso Urat,104,0
2026-08-01,P01,Nasi Goreng Spesial,110,0
2026-08-01,P02,Mie Goreng Ayam,88,0
2026-08-01,P03,Nasi Kuning,69,0
2026-08-01,P04,Nasi Uduk,71,0
2026-08-01,P05,Mie Ayam Bakso,87,0
2026-08-01,P06,Soto Ayam,60,0
2026-08-01,P07,Ayam Geprek,85,0
2026-08-01,P08,Es Teh Manis,157,0
2026-08-01,P09,Es Jeruk,85,0
2026-08-01,P10,Kopi Hitam,90,0
2026-08-01,P11,Teh Anget,79,0
2026-08-01,P12,Jus Alpukat,42,0
2026-08-01,P13,Es Campur,37,0
2026-08-01,P14,Kerupuk,175,0
2026-08-01,P15,Kue Lumpur,44,0
2026-08-01,P16,Pisang Goreng,71,0
2026-08-01,P17,Lemper,53,0
2026-08-01,P18,Serabi,39,0
2026-08-01,P19,Tahu Isi,64,0
2026-08-01,P20,Tempe Goreng,59,0
2026-08-01,P21,Roti Bakar Coklat,50,0
2026-08-01,P22,Telur Dadar,79,0
2026-08-01,P23,Capcay,56,0
2026-08-01,P24,Nasi Goreng Seafood,47,0
2026-08-01,P25,Bakso Urat,66,0
2026-08-02,P01,Nasi Goreng Spesial,230,0
2026-08-02,P02,Mie Goreng Ayam,166,1
2026-08-02,P03,Nasi Kuning,100,1
2026-08-02,P04,Nasi Uduk,134,1
2026-08-02,P05,Mie Ayam Bakso,124,1
2026-08-02,P06,Soto Ayam,129,1
2026-08-02,P07,Ayam Geprek,128,1
2026-08-02,P08,Es Teh Manis,406,1
2026-08-02,P09,Es Jeruk,239,1
2026-08-02,P10,Kopi Hitam,202,1
2026-08-02,P11,Teh Anget,188,1
2026-08-02,P12,Jus Alpukat,108,1
2026-08-02,P13,Es Campur,96,1
2026-08-02,P14,Kerupuk,289,1
2026-08-02,P15,Kue Lumpur,80,1
2026-08-02,P16,Pisang Goreng,131,0
2026-08-02,P17,Lemper,77,1
2026-08-02,P18,Serabi,53,1
2026-08-02,P19,Tahu Isi,124,0
2026-08-02,P20,Tempe Goreng,101,1
2026-08-02,P21,Roti Bakar Coklat,85,0
2026-08-02,P22,Telur Dadar,143,0
2026-08-02,P23,Capcay,111,0
2026-08-02,P24,Nasi Goreng Seafood,90,1
2026-08-02,P25,Bakso Urat,128,0
2026-08-03,P01,Nasi Goreng Spesial,118,0
2026-08-03,P02,Mie Goreng Ayam,94,0
2026-08-03,P03,Nasi Kuning,64,0
2026-08-03,P04,Nasi Uduk,68,0
2026-08-03,P05,Mie Ayam Bakso,84,0
2026-08-03,P06,Soto Ayam,57,0
2026-08-03,P07,Ayam Geprek,78,0
2026-08-03,P08,Es Teh Manis,149,0
2026-08-03,P09,Es Jeruk,106,0
2026-08-03,P10,Kopi Hitam,84,0
2026-08-03,P11,Teh Anget,73,0
2026-08-03,P12,Jus Alpukat,43,0
2026-08-03,P13,Es Campur,41,0
2026-08-03,P14,Kerupuk,162,0
2026-08-03,P15,Kue Lumpur,42,0
2026-08-03,P16,Pisang Goreng,64,0
2026-08-03,P17,Lemper,44,0
2026-08-03,P18,Serabi,38,0
2026-08-03,P19,Tahu Isi,57,0
2026-08-03,P20,Tempe Goreng,63,0
2026-08-03,P21,Roti Bakar Coklat,50,0
2026-08-03,P22,Telur Dadar,73,0
2026-08-03,P23,Capcay,49,0
2026-08-03,P24,Nasi Goreng Seafood,51,0
2026-08-03,P25,Bakso Urat,77,0
2026-08-04,P01,Nasi Goreng Spesial,166,0
2026-08-04,P02,Mie Goreng Ayam,154,0
2026-08-04,P03,Nasi Kuning,115,1
2026-08-04,P04,Nasi Uduk,104,0
2026-08-04,P05,Mie Ayam Bakso,128,0
2026-08-04,P06,Soto Ayam,95,0
2026-08-04,P07,Ayam Geprek,115,0
2026-08-04,P08,Es Teh Manis,315,1
2026-08-04,P09,Es Jeruk,192,1
2026-08-04,P10,Kopi Hitam,146,1
2026-08-04,P11,Teh Anget,139,0
2026-08-04,P12,Jus Alpukat,97,0
2026-08-04,P13,Es Campur,85,0
2026-08-04,P14,Kerupuk,198,1
2026-08-04,P15,Kue Lumpur,63,0
2026-08-04,P16,Pisang Goreng,90,0
2026-08-04,P17,Lemper,67,1
2026-08-04,P18,Serabi,47,0
2026-08-04,P19,Tahu Isi,87,0
2026-08-04,P20,Tempe Goreng,77,0
2026-08-04,P21,Roti Bakar Coklat,64,0
2026-08-04,P22,Telur Dadar,118,0
2026-08-04,P23,Capcay,89,0
2026-08-04,P24,Nasi Goreng Seafood,75,1
2026-08-04,P25,Bakso Urat,101,0
2026-08-05,P01,Nasi Goreng Spesial,123,0
2026-08-05,P02,Mie Goreng Ayam,93,0
2026-08-05,P03,Nasi Kuning,74,0
2026-08-05,P04,Nasi Uduk,68,0
2026-08-05,P05,Mie Ayam Bakso,83,0
2026-08-05,P06,Soto Ayam,64,0
2026-08-05,P07,Ayam Geprek,79,0
2026-08-05,P08,Es Teh Manis,149,0
2026-08-05,P09,Es Jeruk,119,0
2026-08-05,P10,Kopi Hitam,89,0
2026-08-05,P11,Teh Anget,75,0
2026-08-05,P12,Jus Alpukat,45,0
2026-08-05,P13,Es Campur,43,0
2026-08-05,P14,Kerupuk,156,0
2026-08-05,P15,Kue Lumpur,42,0
2026-08-05,P16,Pisang Goreng,66,0
2026-08-05,P17,Lemper,42,0
2026-08-05,P18,Serabi,34,0
2026-08-05,P19,Tahu Isi,57,0
2026-08-05,P20,Tempe Goreng,55,0
2026-08-05,P21,Roti Bakar Coklat,42,0
2026-08-05,P22,Telur Dadar,68,0
2026-08-05,P23,Capcay,54,0
2026-08-05,P24,Nasi Goreng Seafood,48,0
2026-08-05,P25,Bakso Urat,55,0
2026-08-06,P01,Nasi Goreng Spesial,112,0
2026-08-06,P02,Mie Goreng Ayam,108,0
2026-08-06,P03,Nasi Kuning,71,0
2026-08-06,P04,Nasi Uduk,65,0
2026-08-06,P05,Mie Ayam Bakso,92,0
2026-08-06,P06,Soto Ayam,56,0
2026-08-06,P07,Ayam Geprek,78,0
2026-08-06,P08,Es Teh Manis,173,0
2026-08-06,P09,Es Jeruk,117,0
2026-08-06,P10,Kopi Hitam,93,0
2026-08-06,P11,Teh Anget,77,0
2026-08-06,P12,Jus Alpukat,49,0
2026-08-06,P13,Es Campur,42,0
2026-08-06,P14,Kerupuk,155,0
2026-08-06,P15,Kue Lumpur,43,0
2026-08-06,P16,Pisang Goreng,69,0
2026-08-06,P17,Lemper,52,0
2026-08-06,P18,Serabi,35,0
2026-08-06,P19,Tahu Isi,65,0
2026-08-06,P20,Tempe Goreng,54,0
2026-08-06,P21,Roti Bakar Coklat,38,0
2026-08-06,P22,Telur Dadar,70,0
2026-08-06,P23,Capcay,51,0
2026-08-06,P24,Nasi Goreng Seafood,49,0
2026-08-06,P25,Bakso Urat,64,0
2026-08-07,P01,Nasi Goreng Spesial,122,0
2026-08-07,P02,Mie Goreng Ayam,110,0
2026-08-07,P03,Nasi Kuning,77,0
2026-08-07,P04,Nasi Uduk,66,0
2026-08-07,P05,Mie Ayam Bakso,79,0
2026-08-07,P06,Soto Ayam,62,0
2026-08-07,P07,Ayam Geprek,84,0
2026-08-07,P08,Es Teh Manis,161,0
2026-08-07,P09,Es Jeruk,110,0
2026-08-07,P10,Kopi Hitam,91,0
2026-08-07,P11,Teh Anget,63,0
2026-08-07,P12,Jus Alpukat,45,0
2026-08-07,P13,Es Campur,42,0
2026-08-07,P14,Kerupuk,146,0
2026-08-07,P15,Kue Lumpur,46,0
2026-08-07,P16,Pisang Goreng,72,0
2026-08-07,P17,Lemper,47,0
2026-08-07,P18,Serabi,37,0
2026-08-07,P19,Tahu Isi,61,0
2026-08-07,P20,Tempe Goreng,47,0
2026-08-07,P21,Roti Bakar Coklat,42,0
2026-08-07,P22,Telur Dadar,68,0
2026-08-07,P23,Capcay,55,0
2026-08-07,P24,Nasi Goreng Seafood,51,0
2026-08-07,P25,Bakso Urat,66,0
2026-08-08,P01,Nasi Goreng Spesial,110,0
2026-08-08,P02,Mie Goreng Ayam,76,0
2026-08-08,P03,Nasi Kuning,71,0
2026-08-08,P04,Nasi Uduk,63,0
2026-08-08,P05,Mie Ayam Bakso,81,0
2026-08-08,P06,Soto Ayam,56,0
2026-08-08,P07,Ayam Geprek,67,0
2026-08-08,P08,Es Teh Manis,122,0
2026-08-08,P09,Es Jeruk,107,0
2026-08-08,P10,Kopi Hitam,72,0
2026-08-08,P11,Teh Anget,68,0
2026-08-08,P12,Jus Alpukat,34,0
2026-08-08,P13,Es Campur,34,0
2026-08-08,P14,Kerupuk,138,0
2026-08-08,P15,Kue Lumpur,40,0
2026-08-08,P16,Pisang Goreng,63,0
2026-08-08,P17,Lemper,52,0
2026-08-08,P18,Serabi,40,0
2026-08-08,P19,Tahu Isi,60,0
2026-08-08,P20,Tempe Goreng,51,0
2026-08-08,P21,Roti Bakar Coklat,37,0
2026-08-08,P22,Telur Dadar,62,0
2026-08-08,P23,Capcay,56,0
2026-08-08,P24,Nasi Goreng Seafood,41,0
2026-08-08,P25,Bakso Urat,61,0
2026-08-09,P01,Nasi Goreng Spesial,99,0
2026-08-09,P02,Mie Goreng Ayam,69,0
2026-08-09,P03,Nasi Kuning,58,0
2026-08-09,P04,Nasi Uduk,51,0
2026-08-09,P05,Mie Ayam Bakso,58,0
2026-08-09,P06,Soto Ayam,51,0
2026-08-09,P07,Ayam Geprek,66,0
2026-08-09,P08,Es Teh Manis,97,0
2026-08-09,P09,Es Jeruk,80,0
2026-08-09,P10,Kopi Hitam,67,0
2026-08-09,P11,Teh Anget,42,0
2026-08-09,P12,Jus Alpukat,25,0
2026-08-09,P13,Es Campur,26,0
2026-08-09,P14,Kerupuk,103,0
2026-08-09,P15,Kue Lumpur,31,0
2026-08-09,P16,Pisang Goreng,47,0
2026-08-09,P17,Lemper,38,0
2026-08-09,P18,Serabi,26,0
2026-08-09,P19,Tahu Isi,52,0
2026-08-09,P20,Tempe Goreng,44,0
2026-08-09,P21,Roti Bakar Coklat,36,0
2026-08-09,P22,Telur Dadar,47,0
2026-08-09,P23,Capcay,39,0
2026-08-09,P24,Nasi Goreng Seafood,37,0
2026-08-09,P25,Bakso Urat,53,0
2026-08-10,P01,Nasi Goreng Spesial,81,0
2026-08-10,P02,Mie Goreng Ayam,66,0
2026-08-10,P03,Nasi Kuning,47,0
2026-08-10,P04,Nasi Uduk,40,0
2026-08-10,P05,Mie Ayam Bakso,66,0
2026-08-10,P06,Soto Ayam,42,0
2026-08-10,P07,Ayam Geprek,55,0
2026-08-10,P08,Es Teh Manis,133,0
2026-08-10,P09,Es Jeruk,85,0
2026-08-10,P10,Kopi Hitam,58,0
2026-08-10,P11,Teh Anget,61,0
2026-08-10,P12,Jus Alpukat,39,0
2026-08-10,P13,Es Campur,32,0
2026-08-10,P14,Kerupuk,100,0
2026-08-10,P15,Kue Lumpur,27,0
2026-08-10,P16,Pisang Goreng,45,0
2026-08-10,P17,Lemper,36,0
2026-08-10,P18,Serabi,30,0
2026-08-10,P19,Tahu Isi,42,0
2026-08-10,P20,Tempe Goreng,38,0
2026-08-10,P21,Roti Bakar Coklat,34,0
2026-08-10,P22,Telur Dadar,51,0
2026-08-10,P23,Capcay,46,0
2026-08-10,P24,Nasi Goreng Seafood,35,0
2026-08-10,P25,Bakso Urat,54,0
2026-08-11,P01,Nasi Goreng Spesial,114,0
2026-08-11,P02,Mie Goreng Ayam,112,0
2026-08-11,P03,Nasi Kuning,83,0
2026-08-11,P04,Nasi Uduk,73,0
2026-08-11,P05,Mie Ayam Bakso,91,0
2026-08-11,P06,Soto Ayam,62,0
2026-08-11,P07,Ayam Geprek,87,0
2026-08-11,P08,Es Teh Manis,222,0
2026-08-11,P09,Es Jeruk,169,0
2026-08-11,P10,Kopi Hitam,135,0
2026-08-11,P11,Teh Anget,106,0
2026-08-11,P12,Jus Alpukat,67,0
2026-08-11,P13,Es Campur,58,0
2026-08-11,P14,Kerupuk,154,0
2026-08-11,P15,Kue Lumpur,45,0
2026-08-11,P16,Pisang Goreng,79,0
2026-08-11,P17,Lemper,54,0
2026-08-11,P18,Serabi,38,0
2026-08-11,P19,Tahu Isi,69,0
2026-08-11,P20,Tempe Goreng,62,0
2026-08-11,P21,Roti Bakar Coklat,46,0
2026-08-11,P22,Telur Dadar,81,0
2026-08-11,P23,Capcay,60,0
2026-08-11,P24,Nasi Goreng Seafood,51,0
2026-08-11,P25,Bakso Urat,76,0
2026-08-12,P01,Nasi Goreng Spesial,67,0
2026-08-12,P02,Mie Goreng Ayam,59,0
2026-08-12,P03,Nasi Kuning,35,0
2026-08-12,P04,Nasi Uduk,45,0
2026-08-12,P05,Mie Ayam Bakso,63,0
2026-08-12,P06,Soto Ayam,35,0
2026-08-12,P07,Ayam Geprek,54,0
2026-08-12,P08,Es Teh Manis,95,0
2026-08-12,P09,Es Jeruk,61,0
2026-08-12,P10,Kopi Hitam,51,0
2026-08-12,P11,Teh Anget,46,0
2026-08-12,P12,Jus Alpukat,24,0
2026-08-12,P13,Es Campur,26,0
2026-08-12,P14,Kerupuk,84,0
2026-08-12,P15,Kue Lumpur,23,0
2026-08-12,P16,Pisang Goreng,41,0
2026-08-12,P17,Lemper,27,0
2026-08-12,P18,Serabi,21,0
2026-08-12,P19,Tahu Isi,37,0
2026-08-12,P20,Tempe Goreng,28,0
2026-08-12,P21,Roti Bakar Coklat,30,0
2026-08-12,P22,Telur Dadar,48,0
2026-08-12,P23,Capcay,31,0
2026-08-12,P24,Nasi Goreng Seafood,29,0
2026-08-12,P25,Bakso Urat,43,0
2026-08-13,P01,Nasi Goreng Spesial,133,0
2026-08-13,P02,Mie Goreng Ayam,105,0
2026-08-13,P03,Nasi Kuning,84,0
2026-08-13,P04,Nasi Uduk,73,0
2026-08-13,P05,Mie Ayam Bakso,86,0
2026-08-13,P06,Soto Ayam,71,0
2026-08-13,P07,Ayam Geprek,88,0
2026-08-13,P08,Es Teh Manis,238,0
2026-08-13,P09,Es Jeruk,169,0
2026-08-13,P10,Kopi Hitam,126,0
2026-08-13,P11,Teh Anget,116,0
2026-08-13,P12,Jus Alpukat,66,0
2026-08-13,P13,Es Campur,60,0
2026-08-13,P14,Kerupuk,167,0
2026-08-13,P15,Kue Lumpur,47,0
2026-08-13,P16,Pisang Goreng,71,0
2026-08-13,P17,Lemper,51,0
2026-08-13,P18,Serabi,33,0
2026-08-13,P19,Tahu Isi,62,0
2026-08-13,P20,Tempe Goreng,59,0
2026-08-13,P21,Roti Bakar Coklat,43,0
2026-08-13,P22,Telur Dadar,75,0
2026-08-13,P23,Capcay,62,0
2026-08-13,P24,Nasi Goreng Seafood,58,0
2026-08-13,P25,Bakso Urat,71,0
2026-08-14,P01,Nasi Goreng Spesial,136,0
2026-08-14,P02,Mie Goreng Ayam,106,0
2026-08-14,P03,Nasi Kuning,77,0
2026-08-14,P04,Nasi Uduk,81,0
2026-08-14,P05,Mie Ayam Bakso,99,0
2026-08-14,P06,Soto Ayam,67,0
2026-08-14,P07,Ayam Geprek,94,0
2026-08-14,P08,Es Teh Manis,253,0
2026-08-14,P09,Es Jeruk,188,0
2026-08-14,P10,Kopi Hitam,145,0
2026-08-14,P11,Teh Anget,109,0
2026-08-14,P12,Jus Alpukat,68,0
2026-08-14,P13,Es Campur,60,0
2026-08-14,P14,Kerupuk,162,0
2026-08-14,P15,Kue Lumpur,45,0
2026-08-14,P16,Pisang Goreng,68,0
2026-08-14,P17,Lemper,55,0
2026-08-14,P18,Serabi,42,0
2026-08-14,P19,Tahu Isi,66,0
2026-08-14,P20,Tempe Goreng,60,0
2026-08-14,P21,Roti Bakar Coklat,43,0
2026-08-14,P22,Telur Dadar,80,0
2026-08-14,P23,Capcay,60,0
2026-08-14,P24,Nasi Goreng Seafood,57,0
2026-08-14,P25,Bakso Urat,77,0
2026-08-15,P01,Nasi Goreng Spesial,111,0
2026-08-15,P02,Mie Goreng Ayam,86,0
2026-08-15,P03,Nasi Kuning,81,0
2026-08-15,P04,Nasi Uduk,65,0
2026-08-15,P05,Mie Ayam Bakso,79,0
2026-08-15,P06,Soto Ayam,51,0
2026-08-15,P07,Ayam Geprek,75,0
2026-08-15,P08,Es Teh Manis,137,0
2026-08-15,P09,Es Jeruk,111,0
2026-08-15,P10,Kopi Hitam,67,0
2026-08-15,P11,Teh Anget,79,0
2026-08-15,P12,Jus Alpukat,41,0
2026-08-15,P13,Es Campur,32,0
2026-08-15,P14,Kerupuk,143,0
2026-08-15,P15,Kue Lumpur,41,0
2026-08-15,P16,Pisang Goreng,65,0
2026-08-15,P17,Lemper,52,0
2026-08-15,P18,Serabi,36,0
2026-08-15,P19,Tahu Isi,63,0
2026-08-15,P20,Tempe Goreng,52,0
2026-08-15,P21,Roti Bakar Coklat,43,0
2026-08-15,P22,Telur Dadar,61,0
2026-08-15,P23,Capcay,52,0
2026-08-15,P24,Nasi Goreng Seafood,43,0
2026-08-15,P25,Bakso Urat,68,0
2026-08-16,P01,Nasi Goreng Spesial,167,0
2026-08-16,P02,Mie Goreng Ayam,127,0
2026-08-16,P03,Nasi Kuning,104,0
2026-08-16,P04,Nasi Uduk,92,0
2026-08-16,P05,Mie Ayam Bakso,121,0
2026-08-16,P06,Soto Ayam,94,0
2026-08-16,P07,Ayam Geprek,116,0
2026-08-16,P08,Es Teh Manis,308,0
2026-08-16,P09,Es Jeruk,206,0
2026-08-16,P10,Kopi Hitam,172,0
2026-08-16,P11,Teh Anget,136,0
2026-08-16,P12,Jus Alpukat,75,1
2026-08-16,P13,Es Campur,74,0
2026-08-16,P14,Kerupuk,199,0
2026-08-16,P15,Kue Lumpur,58,1
2026-08-16,P16,Pisang Goreng,85,0
2026-08-16,P17,Lemper,67,0
2026-08-16,P18,Serabi,50,1
2026-08-16,P19,Tahu Isi,91,0
2026-08-16,P20,Tempe Goreng,76,1
2026-08-16,P21,Roti Bakar Coklat,58,0
2026-08-16,P22,Telur Dadar,103,0
2026-08-16,P23,Capcay,78,0
2026-08-16,P24,Nasi Goreng Seafood,74,0
2026-08-16,P25,Bakso Urat,99,0
2026-08-17,P01,Nasi Goreng Spesial,132,0
2026-08-17,P02,Mie Goreng Ayam,124,0
2026-08-17,P03,Nasi Kuning,90,0
2026-08-17,P04,Nasi Uduk,78,0
2026-08-17,P05,Mie Ayam Bakso,103,0
2026-08-17,P06,Soto Ayam,82,0
2026-08-17,P07,Ayam Geprek,104,0
2026-08-17,P08,Es Teh Manis,264,0
2026-08-17,P09,Es Jeruk,189,0
2026-08-17,P10,Kopi Hitam,150,0
2026-08-17,P11,Teh Anget,113,0
2026-08-17,P12,Jus Alpukat,67,0
2026-08-17,P13,Es Campur,63,0
2026-08-17,P14,Kerupuk,167,0
2026-08-17,P15,Kue Lumpur,53,0
2026-08-17,P16,Pisang Goreng,81,0
2026-08-17,P17,Lemper,62,0
2026-08-17,P18,Serabi,46,0
2026-08-17,P19,Tahu Isi,78,0
2026-08-17,P20,Tempe Goreng,64,0
2026-08-17,P21,Roti Bakar Coklat,54,0
2026-08-17,P22,Telur Dadar,85,0
2026-08-17,P23,Capcay,70,0
2026-08-17,P24,Nasi Goreng Seafood,64,0
2026-08-17,P25,Bakso Urat,86,0
2026-08-18,P01,Nasi Goreng Spesial,79,0
2026-08-18,P02,Mie Goreng Ayam,60,0
2026-08-18,P03,Nasi Kuning,45,0
2026-08-18,P04,Nasi Uduk,46,0
2026-08-18,P05,Mie Ayam Bakso,55,0
2026-08-18,P06,Soto Ayam,37,0
2026-08-18,P07,Ayam Geprek,52,0
2026-08-18,P08,Es Teh Manis,102,0
2026-08-18,P09,Es Jeruk,71,0
2026-08-18,P10,Kopi Hitam,41,0
2026-08-18,P11,Teh Anget,34,0
2026-08-18,P12,Jus Alpukat,28,0
2026-08-18,P13,Es Campur,21,0
2026-08-18,P14,Kerupuk,71,0
2026-08-18,P15,Kue Lumpur,25,0
2026-08-18,P16,Pisang Goreng,40,0
2026-08-18,P17,Lemper,29,0
2026-08-18,P18,Serabi,25,0
2026-08-18,P19,Tahu Isi,34,0
2026-08-18,P20,Tempe Goreng,38,0
2026-08-18,P21,Roti Bakar Coklat,27,0
2026-08-18,P22,Telur Dadar,41,0
2026-08-18,P23,Capcay,34,0
2026-08-18,P24,Nasi Goreng Seafood,33,0
2026-08-18,P25,Bakso Urat,43,0
2026-08-19,P01,Nasi Goreng Spesial,127,0
2026-08-19,P02,Mie Goreng Ayam,101,0
2026-08-19,P03,Nasi Kuning,88,0
2026-08-19,P04,Nasi Uduk,76,0
2026-08-19,P05,Mie Ayam Bakso,95,0
2026-08-19,P06,Soto Ayam,70,0
2026-08-19,P07,Ayam Geprek,87,0
2026-08-19,P08,Es Teh Manis,240,0
2026-08-19,P09,Es Jeruk,171,0
2026-08-19,P10,Kopi Hitam,133,0
2026-08-19,P11,Teh Anget,112,0
2026-08-19,P12,Jus Alpukat,68,0
2026-08-19,P13,Es Campur,61,0
2026-08-19,P14,Kerupuk,166,0
2026-08-19,P15,Kue Lumpur,48,0
2026-08-19,P16,Pisang Goreng,66,0
2026-08-19,P17,Lemper,57,0
2026-08-19,P18,Serabi,40,0
2026-08-19,P19,Tahu Isi,65,0
2026-08-19,P20,Tempe Goreng,56,0
2026-08-19,P21,Roti Bakar Coklat,52,0
2026-08-19,P22,Telur Dadar,95,0
2026-08-19,P23,Capcay,69,0
2026-08-19,P24,Nasi Goreng Seafood,56,0
2026-08-19,P25,Bakso Urat,78,0
2026-08-20,P01,Nasi Goreng Spesial,93,0
2026-08-20,P02,Mie Goreng Ayam,74,0
2026-08-20,P03,Nasi Kuning,51,0
2026-08-20,P04,Nasi Uduk,48,0
2026-08-20,P05,Mie Ayam Bakso,64,0
2026-08-20,P06,Soto Ayam,38,0
2026-08-20,P07,Ayam Geprek,65,0
2026-08-20,P08,Es Teh Manis,102,0
2026-08-20,P09,Es Jeruk,73,0
2026-08-20,P10,Kopi Hitam,74,0
2026-08-20,P11,Teh Anget,59,0
2026-08-20,P12,Jus Alpukat,33,0
2026-08-20,P13,Es Campur,24,0
2026-08-20,P14,Kerupuk,105,0
2026-08-20,P15,Kue Lumpur,31,0
2026-08-20,P16,Pisang Goreng,50,0
2026-08-20,P17,Lemper,40,0
2026-08-20,P18,Serabi,32,0
2026-08-20,P19,Tahu Isi,48,0
2026-08-20,P20,Tempe Goreng,39,0
2026-08-20,P21,Roti Bakar Coklat,35,0
2026-08-20,P22,Telur Dadar,52,0
2026-08-20,P23,Capcay,32,0
2026-08-20,P24,Nasi Goreng Seafood,33,0
2026-08-20,P25,Bakso Urat,40,0
2026-08-21,P01,Nasi Goreng Spesial,162,0
2026-08-21,P02,Mie Goreng Ayam,148,0
2026-08-21,P03,Nasi Kuning,99,0
2026-08-21,P04,Nasi Uduk,85,0
2026-08-21,P05,Mie Ayam Bakso,122,0
2026-08-21,P06,Soto Ayam,82,0
2026-08-21,P07,Ayam Geprek,111,1
2026-08-21,P08,Es Teh Manis,339,1
2026-08-21,P09,Es Jeruk,230,0
2026-08-21,P10,Kopi Hitam,186,0
2026-08-21,P11,Teh Anget,156,0
2026-08-21,P12,Jus Alpukat,96,1
2026-08-21,P13,Es Campur,80,0
2026-08-21,P14,Kerupuk,211,0
2026-08-21,P15,Kue Lumpur,56,0
2026-08-21,P16,Pisang Goreng,96,0
2026-08-21,P17,Lemper,63,0
2026-08-21,P18,Serabi,52,0
2026-08-21,P19,Tahu Isi,84,0
2026-08-21,P20,Tempe Goreng,76,0
2026-08-21,P21,Roti Bakar Coklat,62,0
2026-08-21,P22,Telur Dadar,100,0
2026-08-21,P23,Capcay,78,0
2026-08-21,P24,Nasi Goreng Seafood,70,0
2026-08-21,P25,Bakso Urat,94,0
2026-08-22,P01,Nasi Goreng Spesial,204,1
2026-08-22,P02,Mie Goreng Ayam,176,1
2026-08-22,P03,Nasi Kuning,139,0
2026-08-22,P04,Nasi Uduk,104,1
2026-08-22,P05,Mie Ayam Bakso,167,1
2026-08-22,P06,Soto Ayam,98,1
2026-08-22,P07,Ayam Geprek,113,1
2026-08-22,P08,Es Teh Manis,313,1
2026-08-22,P09,Es Jeruk,254,1
2026-08-22,P10,Kopi Hitam,214,1
2026-08-22,P11,Teh Anget,144,1
2026-08-22,P12,Jus Alpukat,104,0
2026-08-22,P13,Es Campur,82,1
2026-08-22,P14,Kerupuk,265,0
2026-08-22,P15,Kue Lumpur,56,1
2026-08-22,P16,Pisang Goreng,128,0
2026-08-22,P17,Lemper,79,1
2026-08-22,P18,Serabi,68,1
2026-08-22,P19,Tahu Isi,107,0
2026-08-22,P20,Tempe Goreng,104,0
2026-08-22,P21,Roti Bakar Coklat,71,1
2026-08-22,P22,Telur Dadar,136,0
2026-08-22,P23,Capcay,95,1
2026-08-22,P24,Nasi Goreng Seafood,66,1
2026-08-22,P25,Bakso Urat,131,0
2026-08-23,P01,Nasi Goreng Spesial,147,0
2026-08-23,P02,Mie Goreng Ayam,127,0
2026-08-23,P03,Nasi Kuning,98,1
2026-08-23,P04,Nasi Uduk,87,0
2026-08-23,P05,Mie Ayam Bakso,110,0
2026-08-23,P06,Soto Ayam,74,0
2026-08-23,P07,Ayam Geprek,98,0
2026-08-23,P08,Es Teh Manis,210,0
2026-08-23,P09,Es Jeruk,137,0
2026-08-23,P10,Kopi Hitam,118,0
2026-08-23,P11,Teh Anget,91,0
2026-08-23,P12,Jus Alpukat,64,0
2026-08-23,P13,Es Campur,51,0
2026-08-23,P14,Kerupuk,195,0
2026-08-23,P15,Kue Lumpur,55,0
2026-08-23,P16,Pisang Goreng,97,0
2026-08-23,P17,Lemper,60,0
2026-08-23,P18,Serabi,46,0
2026-08-23,P19,Tahu Isi,84,0
2026-08-23,P20,Tempe Goreng,73,0
2026-08-23,P21,Roti Bakar Coklat,55,0
2026-08-23,P22,Telur Dadar,89,0
2026-08-23,P23,Capcay,68,0
2026-08-23,P24,Nasi Goreng Seafood,61,0
2026-08-23,P25,Bakso Urat,91,0
2026-08-24,P01,Nasi Goreng Spesial,99,0
2026-08-24,P02,Mie Goreng Ayam,82,0
2026-08-24,P03,Nasi Kuning,63,0
2026-08-24,P04,Nasi Uduk,59,0
2026-08-24,P05,Mie Ayam Bakso,71,0
2026-08-24,P06,Soto Ayam,52,0
2026-08-24,P07,Ayam Geprek,69,0
2026-08-24,P08,Es Teh Manis,131,0
2026-08-24,P09,Es Jeruk,85,0
2026-08-24,P10,Kopi Hitam,64,0
2026-08-24,P11,Teh Anget,59,0
2026-08-24,P12,Jus Alpukat,37,0
2026-08-24,P13,Es Campur,27,0
2026-08-24,P14,Kerupuk,112,0
2026-08-24,P15,Kue Lumpur,34,0
2026-08-24,P16,Pisang Goreng,56,0
2026-08-24,P17,Lemper,34,0
2026-08-24,P18,Serabi,32,0
2026-08-24,P19,Tahu Isi,51,0
2026-08-24,P20,Tempe Goreng,38,0
2026-08-24,P21,Roti Bakar Coklat,33,0
2026-08-24,P22,Telur Dadar,62,0
2026-08-24,P23,Capcay,41,0
2026-08-24,P24,Nasi Goreng Seafood,45,0
2026-08-24,P25,Bakso Urat,58,0
2026-08-25,P01,Nasi Goreng Spesial,104,0
2026-08-25,P02,Mie Goreng Ayam,97,0
2026-08-25,P03,Nasi Kuning,60,0
2026-08-25,P04,Nasi Uduk,67,0
2026-08-25,P05,Mie Ayam Bakso,85,0
2026-08-25,P06,Soto Ayam,68,0
2026-08-25,P07,Ayam Geprek,87,0
2026-08-25,P08,Es Teh Manis,182,0
2026-08-25,P09,Es Jeruk,108,0
2026-08-25,P10,Kopi Hitam,88,0
2026-08-25,P11,Teh Anget,73,0
2026-08-25,P12,Jus Alpukat,53,0
2026-08-25,P13,Es Campur,39,0
2026-08-25,P14,Kerupuk,145,0
2026-08-25,P15,Kue Lumpur,41,0
2026-08-25,P16,Pisang Goreng,63,0
2026-08-25,P17,Lemper,50,0
2026-08-25,P18,Serabi,37,0
2026-08-25,P19,Tahu Isi,53,0
2026-08-25,P20,Tempe Goreng,51,0
2026-08-25,P21,Roti Bakar Coklat,44,0
2026-08-25,P22,Telur Dadar,73,0
2026-08-25,P23,Capcay,54,0
2026-08-25,P24,Nasi Goreng Seafood,51,0
2026-08-25,P25,Bakso Urat,61,0
2026-08-26,P01,Nasi Goreng Spesial,169,0
2026-08-26,P02,Mie Goreng Ayam,128,1
2026-08-26,P03,Nasi Kuning,111,0
2026-08-26,P04,Nasi Uduk,96,0
2026-08-26,P05,Mie Ayam Bakso,116,0
2026-08-26,P06,Soto Ayam,93,0
2026-08-26,P07,Ayam Geprek,111,0
2026-08-26,P08,Es Teh Manis,344,1
2026-08-26,P09,Es Jeruk,210,1
2026-08-26,P10,Kopi Hitam,164,0
2026-08-26,P11,Teh Anget,159,0
2026-08-26,P12,Jus Alpukat,89,0
2026-08-26,P13,Es Campur,80,0
2026-08-26,P14,Kerupuk,209,0
2026-08-26,P15,Kue Lumpur,56,0
2026-08-26,P16,Pisang Goreng,84,0
2026-08-26,P17,Lemper,74,0
2026-08-26,P18,Serabi,47,0
2026-08-26,P19,Tahu Isi,82,1
2026-08-26,P20,Tempe Goreng,78,0
2026-08-26,P21,Roti Bakar Coklat,60,0
2026-08-26,P22,Telur Dadar,104,0
2026-08-26,P23,Capcay,88,0
2026-08-26,P24,Nasi Goreng Seafood,69,0
2026-08-26,P25,Bakso Urat,90,1
2026-08-27,P01,Nasi Goreng Spesial,111,0
2026-08-27,P02,Mie Goreng Ayam,76,0
2026-08-27,P03,Nasi Kuning,68,0
2026-08-27,P04,Nasi Uduk,50,0
2026-08-27,P05,Mie Ayam Bakso,79,0
2026-08-27,P06,Soto Ayam,50,0
2026-08-27,P07,Ayam Geprek,72,0
2026-08-27,P08,Es Teh Manis,145,0
2026-08-27,P09,Es Jeruk,89,0
2026-08-27,P10,Kopi Hitam,71,0
2026-08-27,P11,Teh Anget,59,0
2026-08-27,P12,Jus Alpukat,34,0
2026-08-27,P13,Es Campur,35,0
2026-08-27,P14,Kerupuk,123,0
2026-08-27,P15,Kue Lumpur,30,0
2026-08-27,P16,Pisang Goreng,61,0
2026-08-27,P17,Lemper,44,0
2026-08-27,P18,Serabi,31,0
2026-08-27,P19,Tahu Isi,48,0
2026-08-27,P20,Tempe Goreng,42,0
2026-08-27,P21,Roti Bakar Coklat,34,0
2026-08-27,P22,Telur Dadar,64,0
2026-08-27,P23,Capcay,40,0
2026-08-27,P24,Nasi Goreng Seafood,43,0
2026-08-27,P25,Bakso Urat,58,0
2026-08-28,P01,Nasi Goreng Spesial,175,0
2026-08-28,P02,Mie Goreng Ayam,146,0
2026-08-28,P03,Nasi Kuning,109,0
2026-08-28,P04,Nasi Uduk,97,0
2026-08-28,P05,Mie Ayam Bakso,118,0
2026-08-28,P06,Soto Ayam,83,0
2026-08-28,P07,Ayam Geprek,122,0
2026-08-28,P08,Es Teh Manis,253,1
2026-08-28,P09,Es Jeruk,193,1
2026-08-28,P10,Kopi Hitam,155,1
2026-08-28,P11,Teh Anget,149,1
2026-08-28,P12,Jus Alpukat,92,0
2026-08-28,P13,Es Campur,83,0
2026-08-28,P14,Kerupuk,198,0
2026-08-28,P15,Kue Lumpur,58,1
2026-08-28,P16,Pisang Goreng,91,0
2026-08-28,P17,Lemper,69,0
2026-08-28,P18,Serabi,48,0
2026-08-28,P19,Tahu Isi,85,0
2026-08-28,P20,Tempe Goreng,74,0
2026-08-28,P21,Roti Bakar Coklat,60,0
2026-08-28,P22,Telur Dadar,110,0
2026-08-28,P23,Capcay,80,0
2026-08-28,P24,Nasi Goreng Seafood,77,0
2026-08-28,P25,Bakso Urat,95,1
2026-08-29,P01,Nasi Goreng Spesial,168,0
2026-08-29,P02,Mie Goreng Ayam,148,0
2026-08-29,P03,Nasi Kuning,95,0
2026-08-29,P04,Nasi Uduk,97,0
2026-08-29,P05,Mie Ayam Bakso,124,0
2026-08-29,P06,Soto Ayam,90,0
2026-08-29,P07,Ayam Geprek,120,0
2026-08-29,P08,Es Teh Manis,199,0
2026-08-29,P09,Es Jeruk,158,0
2026-08-29,P10,Kopi Hitam,124,0
2026-08-29,P11,Teh Anget,97,0
2026-08-29,P12,Jus Alpukat,56,0
2026-08-29,P13,Es Campur,53,0
2026-08-29,P14,Kerupuk,218,0
2026-08-29,P15,Kue Lumpur,63,0
2026-08-29,P16,Pisang Goreng,96,0
2026-08-29,P17,Lemper,72,1
2026-08-29,P18,Serabi,52,0
2026-08-29,P19,Tahu Isi,85,1
2026-08-29,P20,Tempe Goreng,86,0
2026-08-29,P21,Roti Bakar Coklat,60,0
2026-08-29,P22,Telur Dadar,104,0
2026-08-29,P23,Capcay,79,1
2026-08-29,P24,Nasi Goreng Seafood,67,1
2026-08-29,P25,Bakso Urat,89,0
2026-08-30,P01,Nasi Goreng Spesial,250,1
2026-08-30,P02,Mie Goreng Ayam,144,1
2026-08-30,P03,Nasi Kuning,158,1
2026-08-30,P04,Nasi Uduk,148,1
2026-08-30,P05,Mie Ayam Bakso,114,1
2026-08-30,P06,Soto Ayam,107,1
2026-08-30,P07,Ayam Geprek,118,1
2026-08-30,P08,Es Teh Manis,278,1
2026-08-30,P09,Es Jeruk,291,1
2026-08-30,P10,Kopi Hitam,176,1
2026-08-30,P11,Teh Anget,182,1
2026-08-30,P12,Jus Alpukat,70,1
2026-08-30,P13,Es Campur,67,1
2026-08-30,P14,Kerupuk,287,1
2026-08-30,P15,Kue Lumpur,72,1
2026-08-30,P16,Pisang Goreng,151,1
2026-08-30,P17,Lemper,67,1
2026-08-30,P18,Serabi,72,1
2026-08-30,P19,Tahu Isi,125,1
2026-08-30,P20,Tempe Goreng,107,1
2026-08-30,P21,Roti Bakar Coklat,87,1
2026-08-30,P22,Telur Dadar,114,1
2026-08-30,P23,Capcay,117,1
2026-08-30,P24,Nasi Goreng Seafood,92,1
2026-08-30,P25,Bakso Urat,144,1
2026-08-31,P01,Nasi Goreng Spesial,213,0
2026-08-31,P02,Mie Goreng Ayam,130,1
2026-08-31,P03,Nasi Kuning,114,1
2026-08-31,P04,Nasi Uduk,112,1
2026-08-31,P05,Mie Ayam Bakso,146,1
2026-08-31,P06,Soto Ayam,113,0
2026-08-31,P07,Ayam Geprek,105,1
2026-08-31,P08,Es Teh Manis,383,1
2026-08-31,P09,Es Jeruk,251,1
2026-08-31,P10,Kopi Hitam,242,1
2026-08-31,P11,Teh Anget,148,1
2026-08-31,P12,Jus Alpukat,76,1
2026-08-31,P13,Es Campur,69,1
2026-08-31,P14,Kerupuk,284,0
2026-08-31,P15,Kue Lumpur,80,1
2026-08-31,P16,Pisang Goreng,120,0
2026-08-31,P17,Lemper,70,1
2026-08-31,P18,Serabi,48,1
2026-08-31,P19,Tahu Isi,113,0
2026-08-31,P20,Tempe Goreng,75,1
2026-08-31,P21,Roti Bakar Coklat,79,0
2026-08-31,P22,Telur Dadar,137,0
2026-08-31,P23,Capcay,81,1
2026-08-31,P24,Nasi Goreng Seafood,92,0
2026-08-31,P25,Bakso Urat,96,1
2026-09-01,P01,Nasi Goreng Spesial,216,0
2026-09-01,P02,Mie Goreng Ayam,167,0
2026-09-01,P03,Nasi Kuning,127,0
2026-09-01,P04,Nasi Uduk,101,1
2026-09-01,P05,Mie Ayam Bakso,157,1
2026-09-01,P06,Soto Ayam,103,0
2026-09-01,P07,Ayam Geprek,137,0
2026-09-01,P08,Es Teh Manis,266,1
2026-09-01,P09,Es Jeruk,279,1
2026-09-01,P10,Kopi Hitam,169,1
2026-09-01,P11,Teh Anget,150,1
2026-09-01,P12,Jus Alpukat,99,1
2026-09-01,P13,Es Campur,109,0
2026-09-01,P14,Kerupuk,228,1
2026-09-01,P15,Kue Lumpur,54,1
2026-09-01,P16,Pisang Goreng,112,0
2026-09-01,P17,Lemper,83,0
2026-09-01,P18,Serabi,52,1
2026-09-01,P19,Tahu Isi,106,0
2026-09-01,P20,Tempe Goreng,103,0
2026-09-01,P21,Roti Bakar Coklat,53,1
2026-09-01,P22,Telur Dadar,124,0
2026-09-01,P23,Capcay,77,1
2026-09-01,P24,Nasi Goreng Seafood,84,0
2026-09-01,P25,Bakso Urat,83,1
2026-09-02,P01,Nasi Goreng Spesial,201,1
2026-09-02,P02,Mie Goreng Ayam,145,1
2026-09-02,P03,Nasi Kuning,118,1
2026-09-02,P04,Nasi Uduk,102,1
2026-09-02,P05,Mie Ayam Bakso,151,0
2026-09-02,P06,Soto Ayam,82,1
2026-09-02,P07,Ayam Geprek,134,0
2026-09-02,P08,Es Teh Manis,270,1
2026-09-02,P09,Es Jeruk,204,1
2026-09-02,P10,Kopi Hitam,207,1
2026-09-02,P11,Teh Anget,146,1
2026-09-02,P12,Jus Alpukat,96,1
2026-09-02,P13,Es Campur,89,1
2026-09-02,P14,Kerupuk,219,1
2026-09-02,P15,Kue Lumpur,76,1
2026-09-02,P16,Pisang Goreng,116,0
2026-09-02,P17,Lemper,60,1
2026-09-02,P18,Serabi,67,1
2026-09-02,P19,Tahu Isi,95,1
2026-09-02,P20,Tempe Goreng,98,0
2026-09-02,P21,Roti Bakar Coklat,56,1
2026-09-02,P22,Telur Dadar,94,1
2026-09-02,P23,Capcay,90,1
2026-09-02,P24,Nasi Goreng Seafood,89,0
2026-09-02,P25,Bakso Urat,82,1
2026-09-03,P01,Nasi Goreng Spesial,253,1
2026-09-03,P02,Mie Goreng Ayam,203,1
2026-09-03,P03,Nasi Kuning,156,1
2026-09-03,P04,Nasi Uduk,137,1
2026-09-03,P05,Mie Ayam Bakso,181,0
2026-09-03,P06,Soto Ayam,82,1
2026-09-03,P07,Ayam Geprek,137,1
2026-09-03,P08,Es Teh Manis,310,1
2026-09-03,P09,Es Jeruk,205,1
2026-09-03,P10,Kopi Hitam,186,1
2026-09-03,P11,Teh Anget,158,1
2026-09-03,P12,Jus Alpukat,124,1
2026-09-03,P13,Es Campur,73,1
2026-09-03,P14,Kerupuk,295,0
2026-09-03,P15,Kue Lumpur,59,1
2026-09-03,P16,Pisang Goreng,129,1
2026-09-03,P17,Lemper,75,1
2026-09-03,P18,Serabi,73,0
2026-09-03,P19,Tahu Isi,115,1
2026-09-03,P20,Tempe Goreng,71,1
2026-09-03,P21,Roti Bakar Coklat,88,0
2026-09-03,P22,Telur Dadar,112,1
2026-09-03,P23,Capcay,114,0
2026-09-03,P24,Nasi Goreng Seafood,60,1
2026-09-03,P25,Bakso Urat,97,1
2026-09-04,P01,Nasi Goreng Spesial,115,0
2026-09-04,P02,Mie Goreng Ayam,97,0
2026-09-04,P03,Nasi Kuning,73,0
2026-09-04,P04,Nasi Uduk,69,0
2026-09-04,P05,Mie Ayam Bakso,80,0
2026-09-04,P06,Soto Ayam,56,0
2026-09-04,P07,Ayam Geprek,83,0
2026-09-04,P08,Es Teh Manis,250,0
2026-09-04,P09,Es Jeruk,154,0
2026-09-04,P10,Kopi Hitam,137,0
2026-09-04,P11,Teh Anget,126,0
2026-09-04,P12,Jus Alpukat,70,0
2026-09-04,P13,Es Campur,61,0
2026-09-04,P14,Kerupuk,129,0
2026-09-04,P15,Kue Lumpur,40,0
2026-09-04,P16,Pisang Goreng,60,0
2026-09-04,P17,Lemper,49,0
2026-09-04,P18,Serabi,36,0
2026-09-04,P19,Tahu Isi,58,0
2026-09-04,P20,Tempe Goreng,51,0
2026-09-04,P21,Roti Bakar Coklat,46,0
2026-09-04,P22,Telur Dadar,69,0
2026-09-04,P23,Capcay,52,0
2026-09-04,P24,Nasi Goreng Seafood,47,0
2026-09-04,P25,Bakso Urat,66,0
2026-09-05,P01,Nasi Goreng Spesial,88,0
2026-09-05,P02,Mie Goreng Ayam,59,0
2026-09-05,P03,Nasi Kuning,54,0
2026-09-05,P04,Nasi Uduk,51,0
2026-09-05,P05,Mie Ayam Bakso,71,0
2026-09-05,P06,Soto Ayam,47,0
2026-09-05,P07,Ayam Geprek,54,0
2026-09-05,P08,Es Teh Manis,119,0
2026-09-05,P09,Es Jeruk,78,0
2026-09-05,P10,Kopi Hitam,55,0
2026-09-05,P11,Teh Anget,54,0
2026-09-05,P12,Jus Alpukat,28,0
2026-09-05,P13,Es Campur,25,0
2026-09-05,P14,Kerupuk,110,0
2026-09-05,P15,Kue Lumpur,32,0
2026-09-05,P16,Pisang Goreng,56,0
2026-09-05,P17,Lemper,32,0
2026-09-05,P18,Serabi,31,0
2026-09-05,P19,Tahu Isi,48,0
2026-09-05,P20,Tempe Goreng,41,0
2026-09-05,P21,Roti Bakar Coklat,33,0
2026-09-05,P22,Telur Dadar,51,0
2026-09-05,P23,Capcay,36,0
2026-09-05,P24,Nasi Goreng Seafood,34,0
2026-09-05,P25,Bakso Urat,43,0
2026-09-06,P01,Nasi Goreng Spesial,165,0
2026-09-06,P02,Mie Goreng Ayam,121,1
2026-09-06,P03,Nasi Kuning,108,1
2026-09-06,P04,Nasi Uduk,91,0
2026-09-06,P05,Mie Ayam Bakso,120,0
2026-09-06,P06,Soto Ayam,81,0
2026-09-06,P07,Ayam Geprek,100,0
2026-09-06,P08,Es Teh Manis,289,0
2026-09-06,P09,Es Jeruk,216,0
2026-09-06,P10,Kopi Hitam,164,0
2026-09-06,P11,Teh Anget,135,1
2026-09-06,P12,Jus Alpukat,70,1
2026-09-06,P13,Es Campur,72,0
2026-09-06,P14,Kerupuk,209,0
2026-09-06,P15,Kue Lumpur,63,0
2026-09-06,P16,Pisang Goreng,90,0
2026-09-06,P17,Lemper,67,0
2026-09-06,P18,Serabi,51,0
2026-09-06,P19,Tahu Isi,83,0
2026-09-06,P20,Tempe Goreng,71,0
2026-09-06,P21,Roti Bakar Coklat,56,0
2026-09-06,P22,Telur Dadar,100,0
2026-09-06,P23,Capcay,75,1
2026-09-06,P24,Nasi Goreng Seafood,60,0
2026-09-06,P25,Bakso Urat,88,0
2026-09-07,P01,Nasi Goreng Spesial,142,0
2026-09-07,P02,Mie Goreng Ayam,112,0
2026-09-07,P03,Nasi Kuning,86,0
2026-09-07,P04,Nasi Uduk,83,0
2026-09-07,P05,Mie Ayam Bakso,97,0
2026-09-07,P06,Soto Ayam,67,0
2026-09-07,P07,Ayam Geprek,91,0
2026-09-07,P08,Es Teh Manis,340,1
2026-09-07,P09,Es Jeruk,202,1
2026-09-07,P10,Kopi Hitam,199,1
2026-09-07,P11,Teh Anget,133,1
2026-09-07,P12,Jus Alpukat,87,1
2026-09-07,P13,Es Campur,87,1
2026-09-07,P14,Kerupuk,158,0
2026-09-07,P15,Kue Lumpur,47,0
2026-09-07,P16,Pisang Goreng,71,0
2026-09-07,P17,Lemper,58,0
2026-09-07,P18,Serabi,39,0
2026-09-07,P19,Tahu Isi,66,0
2026-09-07,P20,Tempe Goreng,59,0
2026-09-07,P21,Roti Bakar Coklat,51,0
2026-09-07,P22,Telur Dadar,86,0
2026-09-07,P23,Capcay,69,1
2026-09-07,P24,Nasi Goreng Seafood,59,0
2026-09-07,P25,Bakso Urat,84,0
2026-09-08,P01,Nasi Goreng Spesial,130,0
2026-09-08,P02,Mie Goreng Ayam,108,0
2026-09-08,P03,Nasi Kuning,85,0
2026-09-08,P04,Nasi Uduk,77,0
2026-09-08,P05,Mie Ayam Bakso,93,0
2026-09-08,P06,Soto Ayam,64,0
2026-09-08,P07,Ayam Geprek,87,0
2026-09-08,P08,Es Teh Manis,237,0
2026-09-08,P09,Es Jeruk,167,0
2026-09-08,P10,Kopi Hitam,141,0
2026-09-08,P11,Teh Anget,114,0
2026-09-08,P12,Jus Alpukat,67,0
2026-09-08,P13,Es Campur,57,0
2026-09-08,P14,Kerupuk,156,0
2026-09-08,P15,Kue Lumpur,39,0
2026-09-08,P16,Pisang Goreng,66,0
2026-09-08,P17,Lemper,53,0
2026-09-08,P18,Serabi,40,0
2026-09-08,P19,Tahu Isi,63,0
2026-09-08,P20,Tempe Goreng,58,0
2026-09-08,P21,Roti Bakar Coklat,45,0
2026-09-08,P22,Telur Dadar,83,0
2026-09-08,P23,Capcay,59,0
2026-09-08,P24,Nasi Goreng Seafood,50,0
2026-09-08,P25,Bakso Urat,74,0
2026-09-09,P01,Nasi Goreng Spesial,131,0
2026-09-09,P02,Mie Goreng Ayam,116,0
2026-09-09,P03,Nasi Kuning,77,0
2026-09-09,P04,Nasi Uduk,67,0
2026-09-09,P05,Mie Ayam Bakso,93,0
2026-09-09,P06,Soto Ayam,68,0
2026-09-09,P07,Ayam Geprek,79,0
2026-09-09,P08,Es Teh Manis,217,0
2026-09-09,P09,Es Jeruk,165,0
2026-09-09,P10,Kopi Hitam,130,0
2026-09-09,P11,Teh Anget,106,0
2026-09-09,P12,Jus Alpukat,59,0
2026-09-09,P13,Es Campur,60,0
2026-09-09,P14,Kerupuk,150,0
2026-09-09,P15,Kue Lumpur,45,0
2026-09-09,P16,Pisang Goreng,72,0
2026-09-09,P17,Lemper,52,0
2026-09-09,P18,Serabi,42,0
2026-09-09,P19,Tahu Isi,66,0
2026-09-09,P20,Tempe Goreng,59,0
2026-09-09,P21,Roti Bakar Coklat,44,0
2026-09-09,P22,Telur Dadar,83,0
2026-09-09,P23,Capcay,60,0
2026-09-09,P24,Nasi Goreng Seafood,55,0
2026-09-09,P25,Bakso Urat,73,0
2026-09-10,P01,Nasi Goreng Spesial,132,0
2026-09-10,P02,Mie Goreng Ayam,108,0
2026-09-10,P03,Nasi Kuning,74,0
2026-09-10,P04,Nasi Uduk,73,0
2026-09-10,P05,Mie Ayam Bakso,94,0
2026-09-10,P06,Soto Ayam,68,0
2026-09-10,P07,Ayam Geprek,85,0
2026-09-10,P08,Es Teh Manis,233,0
2026-09-10,P09,Es Jeruk,142,0
2026-09-10,P10,Kopi Hitam,130,0
2026-09-10,P11,Teh Anget,117,0
2026-09-10,P12,Jus Alpukat,61,0
2026-09-10,P13,Es Campur,57,0
2026-09-10,P14,Kerupuk,152,0
2026-09-10,P15,Kue Lumpur,44,0
2026-09-10,P16,Pisang Goreng,66,0
2026-09-10,P17,Lemper,57,0
2026-09-10,P18,Serabi,39,0
2026-09-10,P19,Tahu Isi,61,0
2026-09-10,P20,Tempe Goreng,55,0
2026-09-10,P21,Roti Bakar Coklat,45,0
2026-09-10,P22,Telur Dadar,71,0
2026-09-10,P23,Capcay,64,0
2026-09-10,P24,Nasi Goreng Seafood,52,0
2026-09-10,P25,Bakso Urat,76,0
2026-09-11,P01,Nasi Goreng Spesial,133,0
2026-09-11,P02,Mie Goreng Ayam,108,0
2026-09-11,P03,Nasi Kuning,85,0
2026-09-11,P04,Nasi Uduk,78,0
2026-09-11,P05,Mie Ayam Bakso,106,0
2026-09-11,P06,Soto Ayam,66,0
2026-09-11,P07,Ayam Geprek,99,0
2026-09-11,P08,Es Teh Manis,383,1
2026-09-11,P09,Es Jeruk,229,1
2026-09-11,P10,Kopi Hitam,162,1
2026-09-11,P11,Teh Anget,170,1
2026-09-11,P12,Jus Alpukat,101,1
2026-09-11,P13,Es Campur,87,1
2026-09-11,P14,Kerupuk,153,0
2026-09-11,P15,Kue Lumpur,45,0
2026-09-11,P16,Pisang Goreng,70,0
2026-09-11,P17,Lemper,55,0
2026-09-11,P18,Serabi,41,0
2026-09-11,P19,Tahu Isi,71,0
2026-09-11,P20,Tempe Goreng,55,0
2026-09-11,P21,Roti Bakar Coklat,46,0
2026-09-11,P22,Telur Dadar,96,0
2026-09-11,P23,Capcay,67,0
2026-09-11,P24,Nasi Goreng Seafood,56,0
2026-09-11,P25,Bakso Urat,75,0
2026-09-12,P01,Nasi Goreng Spesial,91,0
2026-09-12,P02,Mie Goreng Ayam,81,0
2026-09-12,P03,Nasi Kuning,62,0
2026-09-12,P04,Nasi Uduk,60,0
2026-09-12,P05,Mie Ayam Bakso,74,0
2026-09-12,P06,Soto Ayam,53,0
2026-09-12,P07,Ayam Geprek,85,0
2026-09-12,P08,Es Teh Manis,132,0
2026-09-12,P09,Es Jeruk,107,0
2026-09-12,P10,Kopi Hitam,77,0
2026-09-12,P11,Teh Anget,52,0
2026-09-12,P12,Jus Alpukat,39,0
2026-09-12,P13,Es Campur,38,0
2026-09-12,P14,Kerupuk,141,0
2026-09-12,P15,Kue Lumpur,40,0
2026-09-12,P16,Pisang Goreng,62,0
2026-09-12,P17,Lemper,43,0
2026-09-12,P18,Serabi,36,0
2026-09-12,P19,Tahu Isi,54,0
2026-09-12,P20,Tempe Goreng,48,0
2026-09-12,P21,Roti Bakar Coklat,40,0
2026-09-12,P22,Telur Dadar,63,0
2026-09-12,P23,Capcay,53,0
2026-09-12,P24,Nasi Goreng Seafood,44,0
2026-09-12,P25,Bakso Urat,56,0
2026-09-13,P01,Nasi Goreng Spesial,91,0
2026-09-13,P02,Mie Goreng Ayam,78,0
2026-09-13,P03,Nasi Kuning,63,0
2026-09-13,P04,Nasi Uduk,63,0
2026-09-13,P05,Mie Ayam Bakso,75,0
2026-09-13,P06,Soto Ayam,53,0
2026-09-13,P07,Ayam Geprek,70,0
2026-09-13,P08,Es Teh Manis,112,0
2026-09-13,P09,Es Jeruk,102,0
2026-09-13,P10,Kopi Hitam,87,0
2026-09-13,P11,Teh Anget,69,0
2026-09-13,P12,Jus Alpukat,37,0
2026-09-13,P13,Es Campur,31,0
2026-09-13,P14,Kerupuk,125,0
2026-09-13,P15,Kue Lumpur,36,0
2026-09-13,P16,Pisang Goreng,72,0
2026-09-13,P17,Lemper,45,0
2026-09-13,P18,Serabi,36,0
2026-09-13,P19,Tahu Isi,60,0
2026-09-13,P20,Tempe Goreng,51,0
2026-09-13,P21,Roti Bakar Coklat,37,0
2026-09-13,P22,Telur Dadar,67,0
2026-09-13,P23,Capcay,45,0
2026-09-13,P24,Nasi Goreng Seafood,45,0
2026-09-13,P25,Bakso Urat,55,0
2026-09-14,P01,Nasi Goreng Spesial,57,0
2026-09-14,P02,Mie Goreng Ayam,42,0
2026-09-14,P03,Nasi Kuning,40,0
2026-09-14,P04,Nasi Uduk,46,0
2026-09-14,P05,Mie Ayam Bakso,60,0
2026-09-14,P06,Soto Ayam,30,0
2026-09-14,P07,Ayam Geprek,40,0
2026-09-14,P08,Es Teh Manis,95,0
2026-09-14,P09,Es Jeruk,54,0
2026-09-14,P10,Kopi Hitam,57,0
2026-09-14,P11,Teh Anget,44,0
2026-09-14,P12,Jus Alpukat,27,0
2026-09-14,P13,Es Campur,18,0
2026-09-14,P14,Kerupuk,91,0
2026-09-14,P15,Kue Lumpur,31,0
2026-09-14,P16,Pisang Goreng,40,0
2026-09-14,P17,Lemper,28,0
2026-09-14,P18,Serabi,20,0
2026-09-14,P19,Tahu Isi,29,0
2026-09-14,P20,Tempe Goreng,28,0
2026-09-14,P21,Roti Bakar Coklat,22,0
2026-09-14,P22,Telur Dadar,36,0
2026-09-14,P23,Capcay,27,0
2026-09-14,P24,Nasi Goreng Seafood,21,0
2026-09-14,P25,Bakso Urat,37,0
2026-09-15,P01,Nasi Goreng Spesial,108,0
2026-09-15,P02,Mie Goreng Ayam,94,0
2026-09-15,P03,Nasi Kuning,72,0
2026-09-15,P04,Nasi Uduk,63,0
2026-09-15,P05,Mie Ayam Bakso,85,0
2026-09-15,P06,Soto Ayam,61,0
2026-09-15,P07,Ayam Geprek,79,0
2026-09-15,P08,Es Teh Manis,244,0
2026-09-15,P09,Es Jeruk,166,0
2026-09-15,P10,Kopi Hitam,136,0
2026-09-15,P11,Teh Anget,114,0
2026-09-15,P12,Jus Alpukat,65,0
2026-09-15,P13,Es Campur,64,0
2026-09-15,P14,Kerupuk,140,0
2026-09-15,P15,Kue Lumpur,40,0
2026-09-15,P16,Pisang Goreng,66,0
2026-09-15,P17,Lemper,46,0
2026-09-15,P18,Serabi,38,0
2026-09-15,P19,Tahu Isi,62,0
2026-09-15,P20,Tempe Goreng,53,0
2026-09-15,P21,Roti Bakar Coklat,43,0
2026-09-15,P22,Telur Dadar,73,0
2026-09-15,P23,Capcay,49,0
2026-09-15,P24,Nasi Goreng Seafood,50,0
2026-09-15,P25,Bakso Urat,57,0
2026-09-16,P01,Nasi Goreng Spesial,109,0
2026-09-16,P02,Mie Goreng Ayam,93,0
2026-09-16,P03,Nasi Kuning,80,0
2026-09-16,P04,Nasi Uduk,69,0
2026-09-16,P05,Mie Ayam Bakso,88,0
2026-09-16,P06,Soto Ayam,64,0
2026-09-16,P07,Ayam Geprek,80,0
2026-09-16,P08,Es Teh Manis,219,0
2026-09-16,P09,Es Jeruk,155,0
2026-09-16,P10,Kopi Hitam,129,0
2026-09-16,P11,Teh Anget,106,0
2026-09-16,P12,Jus Alpukat,67,0
2026-09-16,P13,Es Campur,55,0
2026-09-16,P14,Kerupuk,130,0
2026-09-16,P15,Kue Lumpur,44,0
2026-09-16,P16,Pisang Goreng,64,0
2026-09-16,P17,Lemper,45,0
2026-09-16,P18,Serabi,37,0
2026-09-16,P19,Tahu Isi,61,0
2026-09-16,P20,Tempe Goreng,49,0
2026-09-16,P21,Roti Bakar Coklat,43,0
2026-09-16,P22,Telur Dadar,84,0
2026-09-16,P23,Capcay,57,0
2026-09-16,P24,Nasi Goreng Seafood,49,0
2026-09-16,P25,Bakso Urat,61,0
