date,item_id,item_name,units_sold,stockout_flag,is_weekend,is_rainy,lag_1,lag_7,rolling_7_avg
2024-09-17,M01,Nasi Goreng Spesial,69,0,0,1,76.0,88.0,90.0
2024-09-18,M01,Nasi Goreng Spesial,105,0,0,0,69.0,82.0,87.28571428571429
2024-09-19,M01,Nasi Goreng Spesial,78,0,0,1,105.0,73.0,90.57142857142857
2024-09-20,M01,Nasi Goreng Spesial,93,0,0,1,78.0,92.0,91.28571428571429
2024-09-21,M01,Nasi Goreng Spesial,118,0,1,1,93.0,123.0,91.42857142857143
2024-09-22,M01,Nasi Goreng Spesial,115,0,1,0,118.0,96.0,90.71428571428571
2024-09-23,M01,Nasi Goreng Spesial,85,0,0,0,115.0,76.0,93.42857142857143
2024-09-24,M01,Nasi Goreng Spesial,102,0,0,0,85.0,69.0,94.71428571428571
2024-09-25,M01,Nasi Goreng Spesial,101,0,0,0,102.0,105.0,99.42857142857143
2024-09-26,M01,Nasi Goreng Spesial,73,0,0,0,101.0,78.0,98.85714285714286
2024-09-27,M01,Nasi Goreng Spesial,98,0,0,0,73.0,93.0,98.14285714285714
2024-09-28,M01,Nasi Goreng Spesial,119,0,1,0,98.0,118.0,98.85714285714286
2024-09-29,M01,Nasi Goreng Spesial,110,0,1,1,119.0,115.0,99.0
2024-09-30,M01,Nasi Goreng Spesial,92,0,0,0,110.0,85.0,98.28571428571429
2024-10-01,M01,Nasi Goreng Spesial,113,0,0,0,92.0,102.0,99.28571428571429
2024-10-02,M01,Nasi Goreng Spesial,100,0,0,0,113.0,101.0,100.85714285714286
2024-10-03,M01,Nasi Goreng Spesial,75,0,0,1,100.0,73.0,100.71428571428571
2024-10-04,M01,Nasi Goreng Spesial,110,0,0,0,75.0,98.0,101.0
2024-10-05,M01,Nasi Goreng Spesial,108,0,1,1,110.0,119.0,102.71428571428571
2024-10-06,M01,Nasi Goreng Spesial,116,0,1,1,108.0,110.0,101.14285714285714
2024-10-07,M01,Nasi Goreng Spesial,108,0,0,0,116.0,92.0,102.0
2024-10-08,M01,Nasi Goreng Spesial,77,0,0,1,108.0,113.0,104.28571428571429
2024-10-09,M01,Nasi Goreng Spesial,109,0,0,0,77.0,100.0,99.14285714285714
2024-10-10,M01,Nasi Goreng Spesial,97,0,0,1,109.0,75.0,100.42857142857143
2024-10-11,M01,Nasi Goreng Spesial,99,0,0,0,97.0,110.0,103.57142857142857
2024-10-12,M01,Nasi Goreng Spesial,81,1,1,1,99.0,108.0,102.0
2024-10-13,M01,Nasi Goreng Spesial,118,0,1,1,81.0,116.0,98.14285714285714
2024-10-14,M01,Nasi Goreng Spesial,76,1,0,0,118.0,108.0,98.42857142857143
2024-10-15,M01,Nasi Goreng Spesial,100,0,0,0,76.0,77.0,93.85714285714286
2024-10-16,M01,Nasi Goreng Spesial,85,0,0,1,100.0,109.0,97.14285714285714
2024-10-17,M01,Nasi Goreng Spesial,94,0,0,1,85.0,97.0,93.71428571428571
2024-10-18,M01,Nasi Goreng Spesial,82,0,0,0,94.0,99.0,93.28571428571429
2024-10-19,M01,Nasi Goreng Spesial,107,0,1,1,82.0,81.0,90.85714285714286
2024-10-20,M01,Nasi Goreng Spesial,107,1,1,0,107.0,118.0,94.57142857142857
2024-10-21,M01,Nasi Goreng Spesial,93,0,0,0,107.0,76.0,93.0
2024-10-22,M01,Nasi Goreng Spesial,103,0,0,0,93.0,100.0,95.42857142857143
2024-10-23,M01,Nasi Goreng Spesial,116,0,0,0,103.0,85.0,95.85714285714286
2024-10-24,M01,Nasi Goreng Spesial,97,0,0,0,116.0,94.0,100.28571428571429
2024-10-25,M01,Nasi Goreng Spesial,98,0,0,0,97.0,82.0,100.71428571428571
2024-10-26,M01,Nasi Goreng Spesial,134,0,1,0,98.0,107.0,103.0
2024-10-27,M01,Nasi Goreng Spesial,111,0,1,1,134.0,107.0,106.85714285714286
2024-10-28,M01,Nasi Goreng Spesial,66,1,0,1,111.0,93.0,107.42857142857143
2024-10-29,M01,Nasi Goreng Spesial,87,0,0,1,66.0,103.0,103.57142857142857
2024-10-30,M01,Nasi Goreng Spesial,103,0,0,0,87.0,116.0,101.28571428571429
2024-10-31,M01,Nasi Goreng Spesial,77,0,0,1,103.0,97.0,99.42857142857143
2024-11-01,M01,Nasi Goreng Spesial,100,0,0,1,77.0,98.0,96.57142857142857
2024-11-02,M01,Nasi Goreng Spesial,139,0,1,0,100.0,134.0,96.85714285714286
2024-11-03,M01,Nasi Goreng Spesial,112,0,1,0,139.0,111.0,97.57142857142857
2024-11-04,M01,Nasi Goreng Spesial,106,0,0,0,112.0,66.0,97.71428571428571
2024-11-05,M01,Nasi Goreng Spesial,106,0,0,0,106.0,87.0,103.42857142857143
2024-11-06,M01,Nasi Goreng Spesial,87,0,0,1,106.0,103.0,106.14285714285714
2024-11-07,M01,Nasi Goreng Spesial,78,0,0,1,87.0,77.0,103.85714285714286
2024-11-08,M01,Nasi Goreng Spesial,115,0,0,0,78.0,100.0,104.0
2024-11-09,M01,Nasi Goreng Spesial,142,0,1,0,115.0,139.0,106.14285714285714
2024-11-10,M01,Nasi Goreng Spesial,90,1,1,0,142.0,112.0,106.57142857142857
2024-11-11,M01,Nasi Goreng Spesial,107,0,0,1,90.0,106.0,103.42857142857143
2024-11-12,M01,Nasi Goreng Spesial,118,0,0,0,107.0,106.0,103.57142857142857
2024-11-13,M01,Nasi Goreng Spesial,110,0,0,0,118.0,87.0,105.28571428571429
2024-11-14,M01,Nasi Goreng Spesial,103,0,0,0,110.0,78.0,108.57142857142857
2024-11-15,M01,Nasi Goreng Spesial,99,0,0,0,103.0,115.0,112.14285714285714
2024-11-16,M01,Nasi Goreng Spesial,99,0,1,1,99.0,142.0,109.85714285714286
2024-11-17,M01,Nasi Goreng Spesial,99,1,1,0,99.0,90.0,103.71428571428571
2024-11-18,M01,Nasi Goreng Spesial,88,0,0,1,99.0,107.0,105.0
2024-11-19,M01,Nasi Goreng Spesial,110,0,0,0,88.0,118.0,102.28571428571429
2024-11-20,M01,Nasi Goreng Spesial,120,0,0,0,110.0,110.0,101.14285714285714
2024-11-21,M01,Nasi Goreng Spesial,114,0,0,0,120.0,103.0,102.57142857142857
2024-11-22,M01,Nasi Goreng Spesial,99,0,0,1,114.0,99.0,104.14285714285714
2024-11-23,M01,Nasi Goreng Spesial,110,0,1,1,99.0,99.0,104.14285714285714
2024-11-24,M01,Nasi Goreng Spesial,134,0,1,0,110.0,99.0,105.71428571428571
2024-11-25,M01,Nasi Goreng Spesial,105,0,0,1,134.0,88.0,110.71428571428571
2024-11-26,M01,Nasi Goreng Spesial,94,0,0,0,105.0,110.0,113.14285714285714
2024-11-27,M01,Nasi Goreng Spesial,105,0,0,0,94.0,120.0,110.85714285714286
2024-11-28,M01,Nasi Goreng Spesial,93,0,0,0,105.0,114.0,108.71428571428571
2024-11-29,M01,Nasi Goreng Spesial,108,0,0,0,93.0,99.0,105.71428571428571
2024-11-30,M01,Nasi Goreng Spesial,130,0,1,0,108.0,110.0,107.0
2024-12-01,M01,Nasi Goreng Spesial,122,0,1,0,130.0,134.0,109.85714285714286
2024-12-02,M01,Nasi Goreng Spesial,106,0,0,0,122.0,105.0,108.14285714285714
2024-12-03,M01,Nasi Goreng Spesial,113,0,0,0,106.0,94.0,108.28571428571429
2024-12-04,M01,Nasi Goreng Spesial,101,0,0,0,113.0,105.0,111.0
2024-12-05,M01,Nasi Goreng Spesial,55,1,0,0,101.0,93.0,110.42857142857143
2024-12-06,M01,Nasi Goreng Spesial,84,0,0,1,55.0,108.0,105.0
2024-12-07,M01,Nasi Goreng Spesial,139,0,1,0,84.0,130.0,101.57142857142857
2024-12-08,M01,Nasi Goreng Spesial,102,0,1,0,139.0,122.0,102.85714285714286
2024-12-09,M01,Nasi Goreng Spesial,98,0,0,0,102.0,106.0,100.0
2024-12-10,M01,Nasi Goreng Spesial,92,0,0,1,98.0,113.0,98.85714285714286
2024-12-11,M01,Nasi Goreng Spesial,86,0,0,1,92.0,101.0,95.85714285714286
2024-12-12,M01,Nasi Goreng Spesial,115,0,0,0,86.0,55.0,93.71428571428571
2024-12-13,M01,Nasi Goreng Spesial,77,0,0,0,115.0,84.0,102.28571428571429
2024-12-14,M01,Nasi Goreng Spesial,143,0,1,0,77.0,139.0,101.28571428571429
2024-12-15,M01,Nasi Goreng Spesial,138,0,1,0,143.0,102.0,101.85714285714286
2024-12-16,M01,Nasi Goreng Spesial,105,0,0,0,138.0,98.0,107.0
2024-12-17,M01,Nasi Goreng Spesial,89,0,0,0,105.0,92.0,108.0
2024-12-18,M01,Nasi Goreng Spesial,104,0,0,0,89.0,86.0,107.57142857142857
2024-12-19,M01,Nasi Goreng Spesial,109,0,0,0,104.0,115.0,110.14285714285714
2024-12-20,M01,Nasi Goreng Spesial,76,1,0,0,109.0,77.0,109.28571428571429
2024-12-21,M01,Nasi Goreng Spesial,131,0,1,0,76.0,143.0,109.14285714285714
2024-12-22,M01,Nasi Goreng Spesial,116,0,1,1,131.0,138.0,107.42857142857143
2024-12-23,M01,Nasi Goreng Spesial,84,0,0,1,116.0,105.0,104.28571428571429
2024-12-24,M01,Nasi Goreng Spesial,105,0,0,0,84.0,89.0,101.28571428571429
2024-12-25,M01,Nasi Goreng Spesial,112,0,0,0,105.0,104.0,103.57142857142857
2024-12-26,M01,Nasi Goreng Spesial,98,0,0,0,112.0,109.0,104.71428571428571
2024-12-27,M01,Nasi Goreng Spesial,66,1,0,0,98.0,76.0,103.14285714285714
2024-12-28,M01,Nasi Goreng Spesial,128,0,1,0,66.0,131.0,101.71428571428571
2024-12-29,M01,Nasi Goreng Spesial,155,0,1,0,128.0,116.0,101.28571428571429
2024-12-30,M01,Nasi Goreng Spesial,73,0,0,0,155.0,84.0,106.85714285714286
2024-12-31,M01,Nasi Goreng Spesial,108,0,0,0,73.0,105.0,105.28571428571429
2025-01-01,M01,Nasi Goreng Spesial,92,0,0,0,108.0,112.0,105.71428571428571
2025-01-02,M01,Nasi Goreng Spesial,90,0,0,1,92.0,98.0,102.85714285714286
2025-01-03,M01,Nasi Goreng Spesial,75,0,0,1,90.0,66.0,101.71428571428571
2025-01-04,M01,Nasi Goreng Spesial,113,0,1,0,75.0,128.0,103.0
2025-01-05,M01,Nasi Goreng Spesial,121,0,1,0,113.0,155.0,100.85714285714286
2025-01-06,M01,Nasi Goreng Spesial,109,0,0,0,121.0,73.0,96.0
2025-01-07,M01,Nasi Goreng Spesial,106,0,0,0,109.0,108.0,101.14285714285714
2025-01-08,M01,Nasi Goreng Spesial,83,0,0,0,106.0,92.0,100.85714285714286
2025-01-09,M01,Nasi Goreng Spesial,78,1,0,0,83.0,90.0,99.57142857142857
2025-01-10,M01,Nasi Goreng Spesial,98,0,0,0,78.0,75.0,97.85714285714286
2025-01-11,M01,Nasi Goreng Spesial,131,0,1,0,98.0,113.0,101.14285714285714
2025-01-12,M01,Nasi Goreng Spesial,112,1,1,0,131.0,121.0,103.71428571428571
2025-01-13,M01,Nasi Goreng Spesial,84,0,0,0,112.0,109.0,102.42857142857143
2025-01-14,M01,Nasi Goreng Spesial,104,0,0,1,84.0,106.0,98.85714285714286
2025-01-15,M01,Nasi Goreng Spesial,105,0,0,0,104.0,83.0,98.57142857142857
2025-01-16,M01,Nasi Goreng Spesial,71,0,0,1,105.0,78.0,101.71428571428571
2025-01-17,M01,Nasi Goreng Spesial,106,0,0,0,71.0,98.0,100.71428571428571
2025-01-18,M01,Nasi Goreng Spesial,118,0,1,1,106.0,131.0,101.85714285714286
2025-01-19,M01,Nasi Goreng Spesial,108,0,1,1,118.0,112.0,100.0
2025-01-20,M01,Nasi Goreng Spesial,85,0,0,0,108.0,84.0,99.42857142857143
2025-01-21,M01,Nasi Goreng Spesial,112,0,0,0,85.0,104.0,99.57142857142857
2025-01-22,M01,Nasi Goreng Spesial,71,0,0,1,112.0,105.0,100.71428571428571
2025-01-23,M01,Nasi Goreng Spesial,85,0,0,1,71.0,71.0,95.85714285714286
2025-01-24,M01,Nasi Goreng Spesial,68,0,0,1,85.0,106.0,97.85714285714286
2025-01-25,M01,Nasi Goreng Spesial,121,0,1,0,68.0,118.0,92.42857142857143
2025-01-26,M01,Nasi Goreng Spesial,128,0,1,0,121.0,108.0,92.85714285714286
2025-01-27,M01,Nasi Goreng Spesial,78,0,0,1,128.0,85.0,95.71428571428571
2025-01-28,M01,Nasi Goreng Spesial,94,0,0,0,78.0,112.0,94.71428571428571
2025-01-29,M01,Nasi Goreng Spesial,62,1,0,1,94.0,71.0,92.14285714285714
2025-01-30,M01,Nasi Goreng Spesial,77,0,0,1,62.0,85.0,90.85714285714286
2025-01-31,M01,Nasi Goreng Spesial,101,0,0,0,77.0,68.0,89.71428571428571
2025-02-01,M01,Nasi Goreng Spesial,112,0,1,0,101.0,121.0,94.42857142857143
2025-02-02,M01,Nasi Goreng Spesial,129,0,1,0,112.0,128.0,93.14285714285714
2025-02-03,M01,Nasi Goreng Spesial,98,0,0,1,129.0,78.0,93.28571428571429
2025-02-04,M01,Nasi Goreng Spesial,88,0,0,1,98.0,94.0,96.14285714285714
2025-02-05,M01,Nasi Goreng Spesial,93,0,0,0,88.0,62.0,95.28571428571429
2025-02-06,M01,Nasi Goreng Spesial,91,0,0,0,93.0,77.0,99.71428571428571
2025-02-07,M01,Nasi Goreng Spesial,100,0,0,0,91.0,101.0,101.71428571428571
2025-02-08,M01,Nasi Goreng Spesial,112,0,1,1,100.0,112.0,101.57142857142857
2025-02-09,M01,Nasi Goreng Spesial,131,0,1,0,112.0,129.0,101.57142857142857
2025-02-10,M01,Nasi Goreng Spesial,101,0,0,0,131.0,98.0,101.85714285714286
2025-02-11,M01,Nasi Goreng Spesial,98,0,0,0,101.0,88.0,102.28571428571429
2025-02-12,M01,Nasi Goreng Spesial,95,0,0,0,98.0,93.0,103.71428571428571
2025-02-13,M01,Nasi Goreng Spesial,111,0,0,0,95.0,91.0,104.0
2025-02-14,M01,Nasi Goreng Spesial,88,0,0,0,111.0,100.0,106.85714285714286
2025-02-15,M01,Nasi Goreng Spesial,103,0,1,1,88.0,112.0,105.14285714285714
2025-02-16,M01,Nasi Goreng Spesial,107,0,1,1,103.0,131.0,103.85714285714286
2025-02-17,M01,Nasi Goreng Spesial,75,0,0,1,107.0,101.0,100.42857142857143
2025-02-18,M01,Nasi Goreng Spesial,104,0,0,0,75.0,98.0,96.71428571428571
2025-02-19,M01,Nasi Goreng Spesial,84,0,0,0,104.0,95.0,97.57142857142857
2025-02-20,M01,Nasi Goreng Spesial,99,0,0,0,84.0,111.0,96.0
2025-02-21,M01,Nasi Goreng Spesial,84,0,0,1,99.0,88.0,94.28571428571429
2025-02-22,M01,Nasi Goreng Spesial,129,0,1,0,84.0,103.0,93.71428571428571
2025-02-23,M01,Nasi Goreng Spesial,128,0,1,0,129.0,107.0,97.42857142857143
2025-02-24,M01,Nasi Goreng Spesial,106,0,0,0,128.0,75.0,100.42857142857143
2025-02-25,M01,Nasi Goreng Spesial,118,0,0,0,106.0,104.0,104.85714285714286
2025-02-26,M01,Nasi Goreng Spesial,110,0,0,0,118.0,84.0,106.85714285714286
2025-02-27,M01,Nasi Goreng Spesial,96,0,0,0,110.0,99.0,110.57142857142857
2025-02-28,M01,Nasi Goreng Spesial,94,0,0,0,96.0,84.0,110.14285714285714
2025-03-01,M01,Nasi Goreng Spesial,99,0,1,1,94.0,129.0,111.57142857142857
2025-03-02,M01,Nasi Goreng Spesial,109,0,1,1,99.0,128.0,107.28571428571429
2025-03-03,M01,Nasi Goreng Spesial,69,0,0,1,109.0,106.0,104.57142857142857
2025-03-04,M01,Nasi Goreng Spesial,79,0,0,1,69.0,118.0,99.28571428571429
2025-03-05,M01,Nasi Goreng Spesial,88,0,0,1,79.0,110.0,93.71428571428571
2025-03-06,M01,Nasi Goreng Spesial,110,0,0,0,88.0,96.0,90.57142857142857
2025-03-07,M01,Nasi Goreng Spesial,111,0,0,0,110.0,94.0,92.57142857142857
2025-03-08,M01,Nasi Goreng Spesial,127,0,1,0,111.0,99.0,95.0
2025-03-09,M01,Nasi Goreng Spesial,121,0,1,0,127.0,109.0,99.0
2025-03-10,M01,Nasi Goreng Spesial,97,0,0,1,121.0,69.0,100.71428571428571
2025-03-11,M01,Nasi Goreng Spesial,75,1,0,0,97.0,79.0,104.71428571428571
2025-03-12,M01,Nasi Goreng Spesial,89,0,0,0,75.0,88.0,104.14285714285714
2025-03-13,M01,Nasi Goreng Spesial,91,0,0,0,89.0,110.0,104.28571428571429
2025-03-14,M01,Nasi Goreng Spesial,91,0,0,1,91.0,111.0,101.57142857142857
2025-03-15,M01,Nasi Goreng Spesial,129,0,1,0,91.0,127.0,98.71428571428571
2025-03-16,M01,Nasi Goreng Spesial,130,0,1,0,129.0,121.0,99.0
2025-03-17,M01,Nasi Goreng Spesial,110,0,0,0,130.0,97.0,100.28571428571429
2025-03-18,M01,Nasi Goreng Spesial,103,0,0,0,110.0,75.0,102.14285714285714
2025-03-19,M01,Nasi Goreng Spesial,86,0,0,1,103.0,89.0,106.14285714285714
2025-03-20,M01,Nasi Goreng Spesial,83,0,0,0,86.0,91.0,105.71428571428571
2025-03-21,M01,Nasi Goreng Spesial,110,0,0,0,83.0,91.0,104.57142857142857
2025-03-22,M01,Nasi Goreng Spesial,141,0,1,0,110.0,129.0,107.28571428571429
2025-03-23,M01,Nasi Goreng Spesial,136,0,1,0,141.0,130.0,109.0
2025-03-24,M01,Nasi Goreng Spesial,77,1,0,0,136.0,110.0,109.85714285714286
2025-03-25,M01,Nasi Goreng Spesial,109,0,0,0,77.0,103.0,105.14285714285714
2025-03-26,M01,Nasi Goreng Spesial,107,0,0,0,109.0,86.0,106.0
2025-03-27,M01,Nasi Goreng Spesial,86,0,0,1,107.0,83.0,109.0
2025-03-28,M01,Nasi Goreng Spesial,99,0,0,0,86.0,110.0,109.42857142857143
2025-03-29,M01,Nasi Goreng Spesial,134,0,1,0,99.0,141.0,107.85714285714286
2025-03-30,M01,Nasi Goreng Spesial,118,0,1,1,134.0,136.0,106.85714285714286
2025-03-31,M01,Nasi Goreng Spesial,122,0,0,0,118.0,77.0,104.28571428571429
2025-04-01,M01,Nasi Goreng Spesial,104,0,0,0,122.0,109.0,110.71428571428571
2025-04-02,M01,Nasi Goreng Spesial,103,0,0,0,104.0,107.0,110.0
2025-04-03,M01,Nasi Goreng Spesial,60,1,0,0,103.0,86.0,109.42857142857143
2025-04-04,M01,Nasi Goreng Spesial,88,0,0,0,60.0,99.0,105.71428571428571
2025-04-05,M01,Nasi Goreng Spesial,130,0,1,0,88.0,134.0,104.14285714285714
2025-04-06,M01,Nasi Goreng Spesial,136,0,1,0,130.0,118.0,103.57142857142857
2025-04-07,M01,Nasi Goreng Spesial,93,0,0,0,136.0,122.0,106.14285714285714
2025-04-08,M01,Nasi Goreng Spesial,98,0,0,1,93.0,104.0,102.0
2025-04-09,M01,Nasi Goreng Spesial,52,1,0,1,98.0,103.0,101.14285714285714
2025-04-10,M01,Nasi Goreng Spesial,94,0,0,0,52.0,60.0,93.85714285714286
2025-04-11,M01,Nasi Goreng Spesial,68,1,0,0,94.0,88.0,98.71428571428571
2025-04-12,M01,Nasi Goreng Spesial,138,0,1,0,68.0,130.0,95.85714285714286
2025-04-13,M01,Nasi Goreng Spesial,134,0,1,0,138.0,136.0,97.0
2025-04-14,M01,Nasi Goreng Spesial,79,0,0,1,134.0,93.0,96.71428571428571
2025-04-15,M01,Nasi Goreng Spesial,113,0,0,0,79.0,98.0,94.71428571428571
2025-04-16,M01,Nasi Goreng Spesial,74,0,0,0,113.0,52.0,96.85714285714286
2025-04-17,M01,Nasi Goreng Spesial,100,0,0,0,74.0,94.0,100.0
2025-04-18,M01,Nasi Goreng Spesial,90,0,0,0,100.0,68.0,100.85714285714286
2025-04-19,M01,Nasi Goreng Spesial,129,0,1,0,90.0,138.0,104.0
2025-04-20,M01,Nasi Goreng Spesial,114,0,1,0,129.0,134.0,102.71428571428571
2025-04-21,M01,Nasi Goreng Spesial,97,0,0,0,114.0,79.0,99.85714285714286
2025-04-22,M01,Nasi Goreng Spesial,84,0,0,1,97.0,113.0,102.42857142857143
2025-04-23,M01,Nasi Goreng Spesial,92,0,0,0,84.0,74.0,98.28571428571429
2025-04-24,M01,Nasi Goreng Spesial,88,0,0,0,92.0,100.0,100.85714285714286
2025-04-25,M01,Nasi Goreng Spesial,95,0,0,0,88.0,90.0,99.14285714285714
2025-04-26,M01,Nasi Goreng Spesial,129,0,1,0,95.0,129.0,99.85714285714286
2025-04-27,M01,Nasi Goreng Spesial,137,0,1,0,129.0,114.0,99.85714285714286
2025-04-28,M01,Nasi Goreng Spesial,102,0,0,0,137.0,97.0,103.14285714285714
2025-04-29,M01,Nasi Goreng Spesial,112,0,0,0,102.0,84.0,103.85714285714286
2025-04-30,M01,Nasi Goreng Spesial,92,0,0,0,112.0,92.0,107.85714285714286
2025-05-01,M01,Nasi Goreng Spesial,113,0,0,0,92.0,88.0,107.85714285714286
2025-05-02,M01,Nasi Goreng Spesial,114,0,0,0,113.0,95.0,111.42857142857143
2025-05-03,M01,Nasi Goreng Spesial,114,0,1,1,114.0,129.0,114.14285714285714
2025-05-04,M01,Nasi Goreng Spesial,105,0,1,1,114.0,137.0,112.0
2025-05-05,M01,Nasi Goreng Spesial,94,0,0,1,105.0,102.0,107.42857142857143
2025-05-06,M01,Nasi Goreng Spesial,93,0,0,1,94.0,112.0,106.28571428571429
2025-05-07,M01,Nasi Goreng Spesial,100,0,0,0,93.0,92.0,103.57142857142857
2025-05-08,M01,Nasi Goreng Spesial,104,0,0,0,100.0,113.0,104.71428571428571
2025-05-09,M01,Nasi Goreng Spesial,100,0,0,0,104.0,114.0,103.42857142857143
2025-05-10,M01,Nasi Goreng Spesial,103,1,1,0,100.0,114.0,101.42857142857143
2025-05-11,M01,Nasi Goreng Spesial,125,0,1,0,103.0,105.0,99.85714285714286
2025-05-12,M01,Nasi Goreng Spesial,85,0,0,0,125.0,94.0,102.71428571428571
2025-05-13,M01,Nasi Goreng Spesial,64,0,0,1,85.0,93.0,101.42857142857143
2025-05-14,M01,Nasi Goreng Spesial,111,0,0,0,64.0,100.0,97.28571428571429
2025-05-15,M01,Nasi Goreng Spesial,97,0,0,0,111.0,104.0,98.85714285714286
2025-05-16,M01,Nasi Goreng Spesial,99,0,0,0,97.0,100.0,97.85714285714286
2025-05-17,M01,Nasi Goreng Spesial,104,0,1,1,99.0,103.0,97.71428571428571
2025-05-18,M01,Nasi Goreng Spesial,134,0,1,0,104.0,125.0,97.85714285714286
2025-05-19,M01,Nasi Goreng Spesial,105,0,0,0,134.0,85.0,99.14285714285714
2025-05-20,M01,Nasi Goreng Spesial,87,0,0,0,105.0,64.0,102.0
2025-05-21,M01,Nasi Goreng Spesial,80,1,0,0,87.0,111.0,105.28571428571429
2025-05-22,M01,Nasi Goreng Spesial,98,0,0,0,80.0,97.0,100.85714285714286
2025-05-23,M01,Nasi Goreng Spesial,96,0,0,0,98.0,99.0,101.0
2025-05-24,M01,Nasi Goreng Spesial,114,0,1,1,96.0,104.0,100.57142857142857
2025-05-25,M01,Nasi Goreng Spesial,101,0,1,1,114.0,134.0,102.0
2025-05-26,M01,Nasi Goreng Spesial,94,0,0,0,101.0,105.0,97.28571428571429
2025-05-27,M01,Nasi Goreng Spesial,88,0,0,0,94.0,87.0,95.71428571428571
2025-05-28,M01,Nasi Goreng Spesial,81,1,0,0,88.0,80.0,95.85714285714286
2025-05-29,M01,Nasi Goreng Spesial,78,1,0,0,81.0,98.0,96.0
2025-05-30,M01,Nasi Goreng Spesial,106,0,0,0,78.0,96.0,93.14285714285714
2025-05-31,M01,Nasi Goreng Spesial,131,0,1,0,106.0,114.0,94.57142857142857
2025-06-01,M01,Nasi Goreng Spesial,106,0,1,1,131.0,101.0,97.0
2025-06-02,M01,Nasi Goreng Spesial,85,0,0,1,106.0,94.0,97.71428571428571
2025-06-03,M01,Nasi Goreng Spesial,70,0,0,1,85.0,88.0,96.42857142857143
2025-06-04,M01,Nasi Goreng Spesial,90,0,0,1,70.0,81.0,93.85714285714286
2025-06-05,M01,Nasi Goreng Spesial,110,0,0,0,90.0,78.0,95.14285714285714
2025-06-06,M01,Nasi Goreng Spesial,102,0,0,0,110.0,106.0,99.71428571428571
2025-06-07,M01,Nasi Goreng Spesial,139,0,1,0,102.0,131.0,99.14285714285714
2025-06-08,M01,Nasi Goreng Spesial,134,0,1,0,139.0,106.0,100.28571428571429
2025-06-09,M01,Nasi Goreng Spesial,101,0,0,0,134.0,85.0,104.28571428571429
2025-06-10,M01,Nasi Goreng Spesial,99,0,0,0,101.0,70.0,106.57142857142857
2025-06-11,M01,Nasi Goreng Spesial,117,0,0,0,99.0,90.0,110.71428571428571
2025-06-12,M01,Nasi Goreng Spesial,90,0,0,1,117.0,110.0,114.57142857142857
2025-06-13,M01,Nasi Goreng Spesial,99,0,0,0,90.0,102.0,111.71428571428571
2025-06-14,M01,Nasi Goreng Spesial,121,0,1,0,99.0,139.0,111.28571428571429
2025-06-15,M01,Nasi Goreng Spesial,114,0,1,0,121.0,134.0,108.71428571428571
2025-06-16,M01,Nasi Goreng Spesial,101,0,0,0,114.0,101.0,105.85714285714286
2025-06-17,M01,Nasi Goreng Spesial,94,0,0,0,101.0,99.0,105.85714285714286
2025-06-18,M01,Nasi Goreng Spesial,101,0,0,0,94.0,117.0,105.14285714285714
2025-06-19,M01,Nasi Goreng Spesial,54,1,0,1,101.0,90.0,102.85714285714286
2025-06-20,M01,Nasi Goreng Spesial,101,0,0,0,54.0,99.0,97.71428571428571
2025-06-21,M01,Nasi Goreng Spesial,127,0,1,0,101.0,121.0,98.0
2025-06-22,M01,Nasi Goreng Spesial,99,1,1,0,127.0,114.0,98.85714285714286
2025-06-23,M01,Nasi Goreng Spesial,88,0,0,1,99.0,101.0,96.71428571428571
2025-06-24,M01,Nasi Goreng Spesial,97,0,0,0,88.0,94.0,94.85714285714286
2025-06-25,M01,Nasi Goreng Spesial,107,0,0,0,97.0,101.0,95.28571428571429
2025-06-26,M01,Nasi Goreng Spesial,100,0,0,0,107.0,54.0,96.14285714285714
2025-06-27,M01,Nasi Goreng Spesial,81,0,0,0,100.0,101.0,102.71428571428571
2025-06-28,M01,Nasi Goreng Spesial,132,0,1,0,81.0,127.0,99.85714285714286
2025-06-29,M01,Nasi Goreng Spesial,127,0,1,0,132.0,99.0,100.57142857142857
2025-06-30,M01,Nasi Goreng Spesial,106,0,0,0,127.0,88.0,104.57142857142857
2025-07-01,M01,Nasi Goreng Spesial,97,0,0,0,106.0,97.0,107.14285714285714
2025-07-02,M01,Nasi Goreng Spesial,93,0,0,0,97.0,107.0,107.14285714285714
2025-07-03,M01,Nasi Goreng Spesial,103,0,0,0,93.0,100.0,105.14285714285714
2025-07-04,M01,Nasi Goreng Spesial,102,0,0,0,103.0,81.0,105.57142857142857
2025-07-05,M01,Nasi Goreng Spesial,116,0,1,0,102.0,132.0,108.57142857142857
2025-07-06,M01,Nasi Goreng Spesial,93,1,1,1,116.0,127.0,106.28571428571429
2025-07-07,M01,Nasi Goreng Spesial,92,0,0,0,93.0,106.0,101.42857142857143
2025-07-08,M01,Nasi Goreng Spesial,81,0,0,1,92.0,97.0,99.42857142857143
2025-07-09,M01,Nasi Goreng Spesial,111,0,0,0,81.0,93.0,97.14285714285714
2025-07-10,M01,Nasi Goreng Spesial,92,0,0,1,111.0,103.0,99.71428571428571
2025-07-11,M01,Nasi Goreng Spesial,126,0,0,0,92.0,102.0,98.14285714285714
2025-07-12,M01,Nasi Goreng Spesial,137,0,1,0,126.0,116.0,101.57142857142857
2025-07-13,M01,Nasi Goreng Spesial,127,0,1,0,137.0,93.0,104.57142857142857
2025-07-14,M01,Nasi Goreng Spesial,93,0,0,0,127.0,92.0,109.42857142857143
2025-07-15,M01,Nasi Goreng Spesial,90,0,0,0,93.0,81.0,109.57142857142857
2025-07-16,M01,Nasi Goreng Spesial,112,0,0,0,90.0,111.0,110.85714285714286
2025-07-17,M01,Nasi Goreng Spesial,103,0,0,1,112.0,92.0,111.0
2025-07-18,M01,Nasi Goreng Spesial,95,0,0,0,103.0,126.0,112.57142857142857
2025-07-19,M01,Nasi Goreng Spesial,69,1,1,1,95.0,137.0,108.14285714285714
2025-07-20,M01,Nasi Goreng Spesial,132,0,1,0,69.0,127.0,98.42857142857143
2025-07-21,M01,Nasi Goreng Spesial,101,0,0,0,132.0,93.0,99.14285714285714
2025-07-22,M01,Nasi Goreng Spesial,112,0,0,0,101.0,90.0,100.28571428571429
2025-07-23,M01,Nasi Goreng Spesial,109,0,0,0,112.0,112.0,103.42857142857143
2025-07-24,M01,Nasi Goreng Spesial,108,0,0,1,109.0,103.0,103.0
2025-07-25,M01,Nasi Goreng Spesial,99,0,0,0,108.0,95.0,103.71428571428571
2025-07-26,M01,Nasi Goreng Spesial,147,0,1,0,99.0,69.0,104.28571428571429
2025-07-27,M01,Nasi Goreng Spesial,81,1,1,1,147.0,132.0,115.42857142857143
2025-07-28,M01,Nasi Goreng Spesial,110,0,0,0,81.0,101.0,108.14285714285714
2025-07-29,M01,Nasi Goreng Spesial,111,0,0,0,110.0,112.0,109.42857142857143
2025-07-30,M01,Nasi Goreng Spesial,97,0,0,0,111.0,109.0,109.28571428571429
2025-07-31,M01,Nasi Goreng Spesial,119,0,0,0,97.0,108.0,107.57142857142857
2025-08-01,M01,Nasi Goreng Spesial,77,0,0,1,119.0,99.0,109.14285714285714
2025-08-02,M01,Nasi Goreng Spesial,115,0,1,1,77.0,147.0,106.0
2025-08-03,M01,Nasi Goreng Spesial,122,0,1,1,115.0,81.0,101.42857142857143
2025-08-04,M01,Nasi Goreng Spesial,98,0,0,0,122.0,110.0,107.28571428571429
2025-08-05,M01,Nasi Goreng Spesial,106,0,0,0,98.0,111.0,105.57142857142857
2025-08-06,M01,Nasi Goreng Spesial,90,0,0,0,106.0,97.0,104.85714285714286
2025-08-07,M01,Nasi Goreng Spesial,107,0,0,0,90.0,119.0,103.85714285714286
2025-08-08,M01,Nasi Goreng Spesial,91,0,0,0,107.0,77.0,102.14285714285714
2025-08-09,M01,Nasi Goreng Spesial,117,0,1,0,91.0,115.0,104.14285714285714
2025-08-10,M01,Nasi Goreng Spesial,118,0,1,0,117.0,122.0,104.42857142857143
2025-08-11,M01,Nasi Goreng Spesial,99,0,0,0,118.0,98.0,103.85714285714286
2025-08-12,M01,Nasi Goreng Spesial,109,0,0,0,99.0,106.0,104.0
2025-08-13,M01,Nasi Goreng Spesial,111,0,0,0,109.0,90.0,104.42857142857143
2025-08-14,M01,Nasi Goreng Spesial,72,1,0,0,111.0,107.0,107.42857142857143
2025-08-15,M01,Nasi Goreng Spesial,119,0,0,0,72.0,91.0,102.42857142857143
2025-08-16,M01,Nasi Goreng Spesial,99,0,1,1,119.0,117.0,106.42857142857143
2025-08-17,M01,Nasi Goreng Spesial,111,0,1,1,99.0,118.0,103.85714285714286
2025-08-18,M01,Nasi Goreng Spesial,112,0,0,0,111.0,99.0,102.85714285714286
2025-08-19,M01,Nasi Goreng Spesial,121,0,0,0,112.0,109.0,104.71428571428571
2025-08-20,M01,Nasi Goreng Spesial,95,0,0,1,121.0,111.0,106.42857142857143
2025-08-21,M01,Nasi Goreng Spesial,98,0,0,0,95.0,72.0,104.14285714285714
2025-08-22,M01,Nasi Goreng Spesial,84,0,0,0,98.0,119.0,107.85714285714286
2025-08-23,M01,Nasi Goreng Spesial,103,0,1,0,84.0,99.0,102.85714285714286
2025-08-24,M01,Nasi Goreng Spesial,140,0,1,0,103.0,111.0,103.42857142857143
2025-08-25,M01,Nasi Goreng Spesial,101,0,0,0,140.0,112.0,107.57142857142857
2025-08-26,M01,Nasi Goreng Spesial,81,1,0,0,101.0,121.0,106.0
2025-08-27,M01,Nasi Goreng Spesial,106,0,0,0,81.0,95.0,100.28571428571429
2025-08-28,M01,Nasi Goreng Spesial,105,0,0,0,106.0,98.0,101.85714285714286
2025-08-29,M01,Nasi Goreng Spesial,94,0,0,0,105.0,84.0,102.85714285714286
2025-08-30,M01,Nasi Goreng Spesial,118,0,1,0,94.0,103.0,104.28571428571429
2025-08-31,M01,Nasi Goreng Spesial,92,0,1,1,118.0,140.0,106.42857142857143
2025-09-01,M01,Nasi Goreng Spesial,100,0,0,0,92.0,101.0,99.57142857142857
2025-09-02,M01,Nasi Goreng Spesial,93,0,0,0,100.0,81.0,99.42857142857143
2025-09-03,M01,Nasi Goreng Spesial,89,0,0,1,93.0,106.0,101.14285714285714
2025-09-04,M01,Nasi Goreng Spesial,103,0,0,0,89.0,105.0,98.71428571428571
2025-09-05,M01,Nasi Goreng Spesial,63,1,0,1,103.0,94.0,98.42857142857143
2025-09-06,M01,Nasi Goreng Spesial,117,0,1,0,63.0,118.0,94.0
2025-09-07,M01,Nasi Goreng Spesial,136,0,1,0,117.0,92.0,93.85714285714286
2025-09-08,M01,Nasi Goreng Spesial,74,0,0,1,136.0,100.0,100.14285714285714
2025-09-09,M01,Nasi Goreng Spesial,69,1,0,0,74.0,93.0,96.42857142857143
2025-09-10,M01,Nasi Goreng Spesial,51,1,0,1,69.0,89.0,93.0
2025-09-11,M01,Nasi Goreng Spesial,113,0,0,0,51.0,103.0,87.57142857142857
2025-09-12,M01,Nasi Goreng Spesial,100,0,0,0,113.0,63.0,89.0
2025-09-13,M01,Nasi Goreng Spesial,135,0,1,0,100.0,117.0,94.28571428571429
2025-09-14,M01,Nasi Goreng Spesial,107,0,1,1,135.0,136.0,96.85714285714286
2025-09-15,M01,Nasi Goreng Spesial,94,0,0,0,107.0,74.0,92.71428571428571
2025-09-16,M01,Nasi Goreng Spesial,92,0,0,1,94.0,69.0,95.57142857142857
2025-09-17,M01,Nasi Goreng Spesial,101,0,0,0,92.0,51.0,98.85714285714286
2025-09-18,M01,Nasi Goreng Spesial,59,0,0,1,101.0,113.0,106.0
2025-09-19,M01,Nasi Goreng Spesial,97,0,0,1,59.0,100.0,98.28571428571429
2025-09-20,M01,Nasi Goreng Spesial,98,0,1,1,97.0,135.0,97.85714285714286
2025-09-21,M01,Nasi Goreng Spesial,125,0,1,1,98.0,107.0,92.57142857142857
2025-09-22,M01,Nasi Goreng Spesial,88,0,0,1,125.0,94.0,95.14285714285714
2025-09-23,M01,Nasi Goreng Spesial,85,0,0,1,88.0,92.0,94.28571428571429
2025-09-24,M01,Nasi Goreng Spesial,94,0,0,1,85.0,101.0,93.28571428571429
2025-09-25,M01,Nasi Goreng Spesial,65,1,0,0,94.0,59.0,92.28571428571429
2025-09-26,M01,Nasi Goreng Spesial,94,0,0,1,65.0,97.0,93.14285714285714
2025-09-27,M01,Nasi Goreng Spesial,129,0,1,0,94.0,98.0,92.71428571428571
2025-09-28,M01,Nasi Goreng Spesial,143,0,1,0,129.0,125.0,97.14285714285714
2025-09-29,M01,Nasi Goreng Spesial,90,0,0,0,143.0,88.0,99.71428571428571
2025-09-30,M01,Nasi Goreng Spesial,89,0,0,0,90.0,85.0,100.0
2025-10-01,M01,Nasi Goreng Spesial,85,0,0,1,89.0,94.0,100.57142857142857
2025-10-02,M01,Nasi Goreng Spesial,69,0,0,1,85.0,65.0,99.28571428571429
2025-10-03,M01,Nasi Goreng Spesial,105,0,0,0,69.0,94.0,99.85714285714286
2025-10-04,M01,Nasi Goreng Spesial,115,0,1,1,105.0,129.0,101.42857142857143
2025-10-05,M01,Nasi Goreng Spesial,87,1,1,0,115.0,143.0,99.42857142857143
2025-10-06,M01,Nasi Goreng Spesial,93,0,0,0,87.0,90.0,91.42857142857143
2025-10-07,M01,Nasi Goreng Spesial,81,1,0,0,93.0,89.0,91.85714285714286
2025-10-08,M01,Nasi Goreng Spesial,101,0,0,0,81.0,85.0,90.71428571428571
2025-10-09,M01,Nasi Goreng Spesial,111,0,0,0,101.0,69.0,93.0
2025-10-10,M01,Nasi Goreng Spesial,69,0,0,1,111.0,105.0,99.0
2025-10-11,M01,Nasi Goreng Spesial,101,0,1,1,69.0,115.0,93.85714285714286
2025-10-12,M01,Nasi Goreng Spesial,113,0,1,0,101.0,87.0,91.85714285714286
2025-10-13,M01,Nasi Goreng Spesial,91,0,0,0,113.0,93.0,95.57142857142857
2025-10-14,M01,Nasi Goreng Spesial,80,0,0,1,91.0,81.0,95.28571428571429
2025-10-15,M01,Nasi Goreng Spesial,88,0,0,1,80.0,101.0,95.14285714285714
2025-10-16,M01,Nasi Goreng Spesial,91,0,0,0,88.0,111.0,93.28571428571429
2025-10-17,M01,Nasi Goreng Spesial,89,0,0,1,91.0,69.0,90.42857142857143
2025-10-18,M01,Nasi Goreng Spesial,112,0,1,1,89.0,101.0,93.28571428571429
2025-10-19,M01,Nasi Goreng Spesial,112,0,1,0,112.0,113.0,94.85714285714286
2025-10-20,M01,Nasi Goreng Spesial,106,0,0,0,112.0,91.0,94.71428571428571
2025-10-21,M01,Nasi Goreng Spesial,80,0,0,1,106.0,80.0,96.85714285714286
2025-10-22,M01,Nasi Goreng Spesial,85,0,0,1,80.0,88.0,96.85714285714286
2025-10-23,M01,Nasi Goreng Spesial,105,0,0,0,85.0,91.0,96.42857142857143
2025-10-24,M01,Nasi Goreng Spesial,103,0,0,0,105.0,89.0,98.42857142857143
2025-10-25,M01,Nasi Goreng Spesial,77,1,1,1,103.0,112.0,100.42857142857143
2025-10-26,M01,Nasi Goreng Spesial,96,0,1,1,77.0,112.0,95.42857142857143
2025-10-27,M01,Nasi Goreng Spesial,104,0,0,0,96.0,106.0,93.14285714285714
2025-10-28,M01,Nasi Goreng Spesial,115,0,0,0,104.0,80.0,92.85714285714286
2025-10-29,M01,Nasi Goreng Spesial,101,0,0,0,115.0,85.0,97.85714285714286
2025-10-30,M01,Nasi Goreng Spesial,104,0,0,0,101.0,105.0,100.14285714285714
2025-10-31,M01,Nasi Goreng Spesial,69,1,0,0,104.0,103.0,100.0
2025-11-01,M01,Nasi Goreng Spesial,144,0,1,0,69.0,77.0,95.14285714285714
2025-11-02,M01,Nasi Goreng Spesial,115,0,1,1,144.0,96.0,104.71428571428571
2025-11-03,M01,Nasi Goreng Spesial,92,0,0,0,115.0,104.0,107.42857142857143
2025-11-04,M01,Nasi Goreng Spesial,99,0,0,0,92.0,115.0,105.71428571428571
2025-11-05,M01,Nasi Goreng Spesial,93,0,0,1,99.0,101.0,103.42857142857143
2025-11-06,M01,Nasi Goreng Spesial,97,0,0,0,93.0,104.0,102.28571428571429
2025-11-07,M01,Nasi Goreng Spesial,110,0,0,0,97.0,69.0,101.28571428571429
2025-11-08,M01,Nasi Goreng Spesial,134,0,1,0,110.0,144.0,107.14285714285714
2025-11-09,M01,Nasi Goreng Spesial,92,1,1,0,134.0,115.0,105.71428571428571
2025-11-10,M01,Nasi Goreng Spesial,98,0,0,0,92.0,92.0,102.42857142857143
2025-11-11,M01,Nasi Goreng Spesial,109,0,0,0,98.0,99.0,103.28571428571429
2025-11-12,M01,Nasi Goreng Spesial,113,0,0,0,109.0,93.0,104.71428571428571
2025-11-13,M01,Nasi Goreng Spesial,100,0,0,0,113.0,97.0,107.57142857142857
2025-11-14,M01,Nasi Goreng Spesial,90,0,0,1,100.0,110.0,108.0
2025-11-15,M01,Nasi Goreng Spesial,141,0,1,0,90.0,134.0,105.14285714285714
2025-11-16,M01,Nasi Goreng Spesial,138,0,1,0,141.0,92.0,106.14285714285714
2025-11-17,M01,Nasi Goreng Spesial,80,0,0,1,138.0,98.0,112.71428571428571
2025-11-18,M01,Nasi Goreng Spesial,70,0,0,1,80.0,109.0,110.14285714285714
2025-11-19,M01,Nasi Goreng Spesial,107,0,0,0,70.0,113.0,104.57142857142857
2025-11-20,M01,Nasi Goreng Spesial,90,0,0,0,107.0,100.0,103.71428571428571
2025-11-21,M01,Nasi Goreng Spesial,104,0,0,0,90.0,90.0,102.28571428571429
2025-11-22,M01,Nasi Goreng Spesial,105,0,1,1,104.0,141.0,104.28571428571429
2025-11-23,M01,Nasi Goreng Spesial,76,1,1,1,105.0,138.0,99.14285714285714
2025-11-24,M01,Nasi Goreng Spesial,66,0,0,1,76.0,80.0,90.28571428571429
2025-11-25,M01,Nasi Goreng Spesial,91,0,0,1,66.0,70.0,88.28571428571429
2025-11-26,M01,Nasi Goreng Spesial,117,0,0,0,91.0,107.0,91.28571428571429
2025-11-27,M01,Nasi Goreng Spesial,101,0,0,0,117.0,90.0,92.71428571428571
2025-11-28,M01,Nasi Goreng Spesial,111,0,0,0,101.0,104.0,94.28571428571429
2025-11-29,M01,Nasi Goreng Spesial,117,0,1,0,111.0,105.0,95.28571428571429
2025-11-30,M01,Nasi Goreng Spesial,126,0,1,0,117.0,76.0,97.0
2025-12-01,M01,Nasi Goreng Spesial,98,0,0,1,126.0,66.0,104.14285714285714
2025-12-02,M01,Nasi Goreng Spesial,62,1,0,0,98.0,91.0,108.71428571428571
2025-12-03,M01,Nasi Goreng Spesial,111,0,0,0,62.0,117.0,104.57142857142857
2025-12-04,M01,Nasi Goreng Spesial,104,0,0,0,111.0,101.0,103.71428571428571
2025-12-05,M01,Nasi Goreng Spesial,94,0,0,1,104.0,111.0,104.14285714285714
2025-12-06,M01,Nasi Goreng Spesial,108,0,1,1,94.0,117.0,101.71428571428571
2025-12-07,M01,Nasi Goreng Spesial,133,0,1,0,108.0,126.0,100.42857142857143
2025-12-08,M01,Nasi Goreng Spesial,82,0,0,0,133.0,98.0,101.42857142857143
2025-12-09,M01,Nasi Goreng Spesial,92,0,0,0,82.0,62.0,99.14285714285714
2025-12-10,M01,Nasi Goreng Spesial,108,0,0,0,92.0,111.0,103.42857142857143
2025-12-11,M01,Nasi Goreng Spesial,83,0,0,1,108.0,104.0,103.0
2025-12-12,M01,Nasi Goreng Spesial,91,0,0,0,83.0,94.0,100.0
2025-12-13,M01,Nasi Goreng Spesial,106,0,1,0,91.0,108.0,99.57142857142857
2025-12-14,M01,Nasi Goreng Spesial,98,0,1,1,106.0,133.0,99.28571428571429
2025-12-15,M01,Nasi Goreng Spesial,85,0,0,0,98.0,82.0,94.28571428571429
2025-12-16,M01,Nasi Goreng Spesial,102,0,0,0,85.0,92.0,94.71428571428571
2025-12-17,M01,Nasi Goreng Spesial,106,0,0,0,102.0,108.0,96.14285714285714
2025-12-18,M01,Nasi Goreng Spesial,104,0,0,0,106.0,83.0,95.85714285714286
2025-12-19,M01,Nasi Goreng Spesial,104,0,0,0,104.0,91.0,98.85714285714286
2025-12-20,M01,Nasi Goreng Spesial,115,0,1,1,104.0,106.0,100.71428571428571
2025-12-21,M01,Nasi Goreng Spesial,135,0,1,0,115.0,98.0,102.0
2025-12-22,M01,Nasi Goreng Spesial,92,0,0,0,135.0,85.0,107.28571428571429
2025-12-23,M01,Nasi Goreng Spesial,92,0,0,0,92.0,102.0,108.28571428571429
2025-12-24,M01,Nasi Goreng Spesial,111,0,0,0,92.0,106.0,106.85714285714286
2025-12-25,M01,Nasi Goreng Spesial,66,1,0,0,111.0,104.0,107.57142857142857
2025-12-26,M01,Nasi Goreng Spesial,111,0,0,0,66.0,104.0,102.14285714285714
2025-12-27,M01,Nasi Goreng Spesial,107,0,1,1,111.0,115.0,103.14285714285714
2025-12-28,M01,Nasi Goreng Spesial,124,0,1,1,107.0,135.0,102.0
2025-12-29,M01,Nasi Goreng Spesial,73,0,0,1,124.0,92.0,100.42857142857143
2025-12-30,M01,Nasi Goreng Spesial,105,0,0,0,73.0,92.0,97.71428571428571
2025-12-31,M01,Nasi Goreng Spesial,96,0,0,1,105.0,111.0,99.57142857142857
2026-01-01,M01,Nasi Goreng Spesial,109,0,0,0,96.0,66.0,97.42857142857143
2026-01-02,M01,Nasi Goreng Spesial,87,0,0,0,109.0,111.0,103.57142857142857
2026-01-03,M01,Nasi Goreng Spesial,89,1,1,0,87.0,107.0,100.14285714285714
2026-01-04,M01,Nasi Goreng Spesial,130,0,1,0,89.0,124.0,97.57142857142857
2026-01-05,M01,Nasi Goreng Spesial,91,0,0,1,130.0,73.0,98.42857142857143
2026-01-06,M01,Nasi Goreng Spesial,105,0,0,0,91.0,105.0,101.0
2026-01-07,M01,Nasi Goreng Spesial,102,0,0,0,105.0,96.0,101.0
2026-01-08,M01,Nasi Goreng Spesial,83,0,0,0,102.0,109.0,101.85714285714286
2026-01-09,M01,Nasi Goreng Spesial,119,0,0,0,83.0,87.0,98.14285714285714
2026-01-10,M01,Nasi Goreng Spesial,135,0,1,0,119.0,89.0,102.71428571428571
2026-01-11,M01,Nasi Goreng Spesial,84,1,1,0,135.0,130.0,109.28571428571429
2026-01-12,M01,Nasi Goreng Spesial,104,0,0,0,84.0,91.0,102.71428571428571
2026-01-13,M01,Nasi Goreng Spesial,81,0,0,0,104.0,105.0,104.57142857142857
2026-01-14,M01,Nasi Goreng Spesial,81,0,0,1,81.0,102.0,101.14285714285714
2026-01-15,M01,Nasi Goreng Spesial,104,0,0,0,81.0,83.0,98.14285714285714
2026-01-16,M01,Nasi Goreng Spesial,83,0,0,1,104.0,119.0,101.14285714285714
2026-01-17,M01,Nasi Goreng Spesial,131,0,1,0,83.0,135.0,96.0
2026-01-18,M01,Nasi Goreng Spesial,91,1,1,0,131.0,84.0,95.42857142857143
2026-01-19,M01,Nasi Goreng Spesial,104,0,0,0,91.0,104.0,96.42857142857143
2026-01-20,M01,Nasi Goreng Spesial,97,0,0,0,104.0,81.0,96.42857142857143
2026-01-21,M01,Nasi Goreng Spesial,88,0,0,0,97.0,81.0,98.71428571428571
2026-01-22,M01,Nasi Goreng Spesial,69,0,0,1,88.0,104.0,99.71428571428571
2026-01-23,M01,Nasi Goreng Spesial,104,0,0,1,69.0,83.0,94.71428571428571
2026-01-24,M01,Nasi Goreng Spesial,132,0,1,0,104.0,131.0,97.71428571428571
2026-01-25,M01,Nasi Goreng Spesial,134,0,1,1,132.0,91.0,97.85714285714286
2026-01-26,M01,Nasi Goreng Spesial,74,1,0,0,134.0,104.0,104.0
2026-01-27,M01,Nasi Goreng Spesial,113,0,0,0,74.0,97.0,99.71428571428571
2026-01-28,M01,Nasi Goreng Spesial,96,0,0,0,113.0,88.0,102.0
2026-01-29,M01,Nasi Goreng Spesial,96,0,0,0,96.0,69.0,103.14285714285714
2026-01-30,M01,Nasi Goreng Spesial,97,0,0,0,96.0,104.0,107.0
2026-01-31,M01,Nasi Goreng Spesial,106,0,1,1,97.0,132.0,106.0
2026-02-01,M01,Nasi Goreng Spesial,128,0,1,0,106.0,134.0,102.28571428571429
2026-02-02,M01,Nasi Goreng Spesial,100,0,0,0,128.0,74.0,101.42857142857143
2026-02-03,M01,Nasi Goreng Spesial,77,1,0,0,100.0,113.0,105.14285714285714
2026-02-04,M01,Nasi Goreng Spesial,79,0,0,1,77.0,96.0,100.0
2026-02-05,M01,Nasi Goreng Spesial,93,0,0,0,79.0,96.0,97.57142857142857
2026-02-06,M01,Nasi Goreng Spesial,102,0,0,0,93.0,97.0,97.14285714285714
2026-02-07,M01,Nasi Goreng Spesial,128,0,1,0,102.0,106.0,97.85714285714286
2026-02-08,M01,Nasi Goreng Spesial,135,0,1,0,128.0,128.0,101.0
2026-02-09,M01,Nasi Goreng Spesial,106,0,0,0,135.0,100.0,102.0
2026-02-10,M01,Nasi Goreng Spesial,104,0,0,0,106.0,77.0,102.85714285714286
2026-02-11,M01,Nasi Goreng Spesial,72,1,0,0,104.0,79.0,106.71428571428571
2026-02-12,M01,Nasi Goreng Spesial,86,0,0,0,72.0,93.0,105.71428571428571
2026-02-13,M01,Nasi Goreng Spesial,87,0,0,1,86.0,102.0,104.71428571428571
2026-02-14,M01,Nasi Goreng Spesial,117,0,1,1,87.0,128.0,102.57142857142857
2026-02-15,M01,Nasi Goreng Spesial,138,0,1,0,117.0,135.0,101.0
2026-02-16,M01,Nasi Goreng Spesial,92,0,0,1,138.0,106.0,101.42857142857143
2026-02-17,M01,Nasi Goreng Spesial,107,0,0,0,92.0,104.0,99.42857142857143
2026-02-18,M01,Nasi Goreng Spesial,96,0,0,0,107.0,72.0,99.85714285714286
2026-02-19,M01,Nasi Goreng Spesial,97,0,0,0,96.0,86.0,103.28571428571429
2026-02-20,M01,Nasi Goreng Spesial,101,0,0,1,97.0,87.0,104.85714285714286
2026-02-21,M01,Nasi Goreng Spesial,102,0,1,1,101.0,117.0,106.85714285714286
2026-02-22,M01,Nasi Goreng Spesial,131,0,1,0,102.0,138.0,104.71428571428571
2026-02-23,M01,Nasi Goreng Spesial,102,0,0,0,131.0,92.0,103.71428571428571
2026-02-24,M01,Nasi Goreng Spesial,96,0,0,1,102.0,107.0,105.14285714285714
2026-02-25,M01,Nasi Goreng Spesial,87,0,0,1,96.0,96.0,103.57142857142857
2026-02-26,M01,Nasi Goreng Spesial,106,0,0,0,87.0,97.0,102.28571428571429
2026-02-27,M01,Nasi Goreng Spesial,84,0,0,0,106.0,101.0,103.57142857142857
2026-02-28,M01,Nasi Goreng Spesial,105,1,1,0,84.0,102.0,101.14285714285714
2026-03-01,M01,Nasi Goreng Spesial,140,0,1,0,105.0,131.0,101.57142857142857
2026-03-02,M01,Nasi Goreng Spesial,117,0,0,0,140.0,102.0,102.85714285714286
2026-03-03,M01,Nasi Goreng Spesial,110,0,0,0,117.0,96.0,105.0
2026-03-04,M01,Nasi Goreng Spesial,125,0,0,0,110.0,87.0,107.0
2026-03-05,M01,Nasi Goreng Spesial,122,0,0,0,125.0,106.0,112.42857142857143
2026-03-06,M01,Nasi Goreng Spesial,108,0,0,0,122.0,84.0,114.71428571428571
2026-03-07,M01,Nasi Goreng Spesial,143,0,1,0,108.0,105.0,118.14285714285714
2026-03-08,M01,Nasi Goreng Spesial,126,0,1,0,143.0,140.0,123.57142857142857
2026-03-09,M01,Nasi Goreng Spesial,73,0,0,1,126.0,117.0,121.57142857142857
2026-03-10,M01,Nasi Goreng Spesial,99,0,0,0,73.0,110.0,115.28571428571429
2026-03-11,M01,Nasi Goreng Spesial,85,0,0,1,99.0,125.0,113.71428571428571
2026-03-12,M01,Nasi Goreng Spesial,115,0,0,0,85.0,122.0,108.0
2026-03-13,M01,Nasi Goreng Spesial,105,0,0,0,115.0,108.0,107.0
2026-03-14,M01,Nasi Goreng Spesial,118,0,1,0,105.0,143.0,106.57142857142857
2026-03-15,M01,Nasi Goreng Spesial,103,0,1,1,118.0,126.0,103.0
2026-03-16,M01,Nasi Goreng Spesial,97,0,0,0,103.0,73.0,99.71428571428571
2026-03-17,M01,Nasi Goreng Spesial,66,1,0,0,97.0,99.0,103.14285714285714
2026-03-18,M01,Nasi Goreng Spesial,110,0,0,0,66.0,85.0,98.42857142857143
2026-03-19,M01,Nasi Goreng Spesial,91,0,0,0,110.0,115.0,102.0
2026-03-20,M01,Nasi Goreng Spesial,79,0,0,1,91.0,105.0,98.57142857142857
2026-03-21,M01,Nasi Goreng Spesial,108,1,1,0,79.0,118.0,94.85714285714286
2026-03-22,M01,Nasi Goreng Spesial,113,0,1,1,108.0,103.0,93.42857142857143
2026-03-23,M01,Nasi Goreng Spesial,87,0,0,1,113.0,97.0,94.85714285714286
2026-03-24,M01,Nasi Goreng Spesial,111,0,0,0,87.0,66.0,93.42857142857143
2026-03-25,M01,Nasi Goreng Spesial,105,0,0,0,111.0,110.0,99.85714285714286
2026-03-26,M01,Nasi Goreng Spesial,94,0,0,0,105.0,91.0,99.14285714285714
2026-03-27,M01,Nasi Goreng Spesial,96,0,0,0,94.0,79.0,99.57142857142857
2026-03-28,M01,Nasi Goreng Spesial,131,0,1,1,96.0,108.0,102.0
2026-03-29,M01,Nasi Goreng Spesial,138,0,1,0,131.0,113.0,105.28571428571429
2026-03-30,M01,Nasi Goreng Spesial,88,0,0,1,138.0,87.0,108.85714285714286
2026-03-31,M01,Nasi Goreng Spesial,101,0,0,0,88.0,111.0,109.0
2026-04-01,M01,Nasi Goreng Spesial,101,0,0,0,101.0,105.0,107.57142857142857
2026-04-02,M01,Nasi Goreng Spesial,94,0,0,0,101.0,94.0,107.0
2026-04-03,M01,Nasi Goreng Spesial,91,0,0,0,94.0,96.0,107.0
2026-04-04,M01,Nasi Goreng Spesial,126,0,1,0,91.0,131.0,106.28571428571429
2026-04-05,M01,Nasi Goreng Spesial,124,0,1,0,126.0,138.0,105.57142857142857
2026-04-06,M01,Nasi Goreng Spesial,102,0,0,0,124.0,88.0,103.57142857142857
2026-04-07,M01,Nasi Goreng Spesial,88,0,0,1,102.0,101.0,105.57142857142857
2026-04-08,M01,Nasi Goreng Spesial,88,0,0,0,88.0,101.0,103.71428571428571
2026-04-09,M01,Nasi Goreng Spesial,86,0,0,0,88.0,94.0,101.85714285714286
2026-04-10,M01,Nasi Goreng Spesial,93,0,0,0,86.0,91.0,100.71428571428571
2026-04-11,M01,Nasi Goreng Spesial,126,0,1,0,93.0,126.0,101.0
2026-04-12,M01,Nasi Goreng Spesial,131,0,1,0,126.0,124.0,101.0
2026-04-13,M01,Nasi Goreng Spesial,108,0,0,0,131.0,102.0,102.0
2026-04-14,M01,Nasi Goreng Spesial,85,0,0,1,108.0,88.0,102.85714285714286
2026-04-15,M01,Nasi Goreng Spesial,86,0,0,1,85.0,88.0,102.42857142857143
2026-04-16,M01,Nasi Goreng Spesial,92,0,0,0,86.0,86.0,102.14285714285714
2026-04-17,M01,Nasi Goreng Spesial,85,0,0,0,92.0,93.0,103.0
2026-04-18,M01,Nasi Goreng Spesial,122,0,1,1,85.0,126.0,101.85714285714286
2026-04-19,M01,Nasi Goreng Spesial,116,0,1,1,122.0,131.0,101.28571428571429
2026-04-20,M01,Nasi Goreng Spesial,104,0,0,0,116.0,108.0,99.14285714285714
2026-04-21,M01,Nasi Goreng Spesial,76,0,0,1,104.0,85.0,98.57142857142857
2026-04-22,M01,Nasi Goreng Spesial,86,0,0,1,76.0,86.0,97.28571428571429
2026-04-23,M01,Nasi Goreng Spesial,100,0,0,0,86.0,92.0,97.28571428571429
2026-04-24,M01,Nasi Goreng Spesial,107,0,0,0,100.0,85.0,98.42857142857143
2026-04-25,M01,Nasi Goreng Spesial,95,0,1,1,107.0,122.0,101.57142857142857
2026-04-26,M01,Nasi Goreng Spesial,105,0,1,1,95.0,116.0,97.71428571428571
2026-04-27,M01,Nasi Goreng Spesial,103,0,0,0,105.0,104.0,96.14285714285714
2026-04-28,M01,Nasi Goreng Spesial,100,0,0,0,103.0,76.0,96.0
2026-04-29,M01,Nasi Goreng Spesial,112,0,0,0,100.0,86.0,99.42857142857143
2026-04-30,M01,Nasi Goreng Spesial,80,0,0,1,112.0,100.0,103.14285714285714
2026-05-01,M01,Nasi Goreng Spesial,97,0,0,0,80.0,107.0,100.28571428571429
2026-05-02,M01,Nasi Goreng Spesial,126,0,1,0,97.0,95.0,98.85714285714286
2026-05-03,M01,Nasi Goreng Spesial,104,0,1,1,126.0,105.0,103.28571428571429
2026-05-04,M01,Nasi Goreng Spesial,99,0,0,1,104.0,103.0,103.14285714285714
2026-05-05,M01,Nasi Goreng Spesial,86,0,0,0,99.0,100.0,102.57142857142857
2026-05-06,M01,Nasi Goreng Spesial,92,0,0,0,86.0,112.0,100.57142857142857
2026-05-07,M01,Nasi Goreng Spesial,72,0,0,0,92.0,80.0,97.71428571428571
2026-05-08,M01,Nasi Goreng Spesial,100,0,0,0,72.0,97.0,96.57142857142857
2026-05-09,M01,Nasi Goreng Spesial,115,0,1,1,100.0,126.0,97.0
2026-05-10,M01,Nasi Goreng Spesial,127,0,1,0,115.0,104.0,95.42857142857143
2026-05-11,M01,Nasi Goreng Spesial,85,0,0,0,127.0,99.0,98.71428571428571
2026-05-12,M01,Nasi Goreng Spesial,106,0,0,0,85.0,86.0,96.71428571428571
2026-05-13,M01,Nasi Goreng Spesial,87,0,0,0,106.0,92.0,99.57142857142857
2026-05-14,M01,Nasi Goreng Spesial,95,0,0,0,87.0,72.0,98.85714285714286
2026-05-15,M01,Nasi Goreng Spesial,72,1,0,0,95.0,100.0,102.14285714285714
2026-05-16,M01,Nasi Goreng Spesial,94,0,1,1,72.0,115.0,98.14285714285714
2026-05-17,M01,Nasi Goreng Spesial,124,0,1,0,94.0,127.0,95.14285714285714
2026-05-18,M01,Nasi Goreng Spesial,92,0,0,0,124.0,85.0,94.71428571428571
2026-05-19,M01,Nasi Goreng Spesial,84,0,0,1,92.0,106.0,95.71428571428571
2026-05-20,M01,Nasi Goreng Spesial,89,0,0,0,84.0,87.0,92.57142857142857
2026-05-21,M01,Nasi Goreng Spesial,89,0,0,1,89.0,95.0,92.85714285714286
2026-05-22,M01,Nasi Goreng Spesial,102,0,0,0,89.0,72.0,92.0
2026-05-23,M01,Nasi Goreng Spesial,139,0,1,0,102.0,94.0,96.28571428571429
2026-05-24,M01,Nasi Goreng Spesial,101,0,1,1,139.0,124.0,102.71428571428571
2026-05-25,M01,Nasi Goreng Spesial,94,0,0,0,101.0,92.0,99.42857142857143
2026-05-26,M01,Nasi Goreng Spesial,104,0,0,0,94.0,84.0,99.71428571428571
2026-05-27,M01,Nasi Goreng Spesial,96,0,0,1,104.0,89.0,102.57142857142857
2026-05-28,M01,Nasi Goreng Spesial,108,0,0,0,96.0,89.0,103.57142857142857
2026-05-29,M01,Nasi Goreng Spesial,95,0,0,0,108.0,102.0,106.28571428571429
2026-05-30,M01,Nasi Goreng Spesial,119,0,1,0,95.0,139.0,105.28571428571429
2026-05-31,M01,Nasi Goreng Spesial,107,0,1,1,119.0,101.0,102.42857142857143
2026-06-01,M01,Nasi Goreng Spesial,111,0,0,0,107.0,94.0,103.28571428571429
2026-06-02,M01,Nasi Goreng Spesial,89,0,0,0,111.0,104.0,105.71428571428571
2026-06-03,M01,Nasi Goreng Spesial,76,0,0,1,89.0,96.0,103.57142857142857
2026-06-04,M01,Nasi Goreng Spesial,113,0,0,0,76.0,108.0,100.71428571428571
2026-06-05,M01,Nasi Goreng Spesial,115,0,0,0,113.0,95.0,101.42857142857143
2026-06-06,M01,Nasi Goreng Spesial,132,0,1,0,115.0,119.0,104.28571428571429
2026-06-07,M01,Nasi Goreng Spesial,107,0,1,1,132.0,107.0,106.14285714285714
2026-06-08,M01,Nasi Goreng Spesial,86,0,0,1,107.0,111.0,106.14285714285714
2026-06-09,M01,Nasi Goreng Spesial,110,0,0,0,86.0,89.0,102.57142857142857
2026-06-10,M01,Nasi Goreng Spesial,102,0,0,0,110.0,76.0,105.57142857142857
2026-06-11,M01,Nasi Goreng Spesial,101,0,0,1,102.0,113.0,109.28571428571429
2026-06-12,M01,Nasi Goreng Spesial,89,0,0,0,101.0,115.0,107.57142857142857
2026-06-13,M01,Nasi Goreng Spesial,118,0,1,0,89.0,132.0,103.85714285714286
2026-06-14,M01,Nasi Goreng Spesial,91,0,1,1,118.0,107.0,101.85714285714286
2026-06-15,M01,Nasi Goreng Spesial,94,0,0,0,91.0,86.0,99.57142857142857
2026-06-16,M01,Nasi Goreng Spesial,81,0,0,1,94.0,110.0,100.71428571428571
2026-06-17,M01,Nasi Goreng Spesial,118,0,0,0,81.0,102.0,96.57142857142857
2026-06-18,M01,Nasi Goreng Spesial,105,0,0,0,118.0,101.0,98.85714285714286
2026-06-19,M01,Nasi Goreng Spesial,86,0,0,1,105.0,89.0,99.42857142857143
2026-06-20,M01,Nasi Goreng Spesial,108,1,1,0,86.0,118.0,99.0
2026-06-21,M01,Nasi Goreng Spesial,131,0,1,0,108.0,91.0,97.57142857142857
2026-06-22,M01,Nasi Goreng Spesial,85,0,0,0,131.0,94.0,103.28571428571429
2026-06-23,M01,Nasi Goreng Spesial,91,0,0,0,85.0,81.0,102.0
2026-06-24,M01,Nasi Goreng Spesial,111,0,0,0,91.0,118.0,103.42857142857143
2026-06-25,M01,Nasi Goreng Spesial,97,0,0,0,111.0,105.0,102.42857142857143
2026-06-26,M01,Nasi Goreng Spesial,99,0,0,0,97.0,86.0,101.28571428571429
2026-06-27,M01,Nasi Goreng Spesial,104,0,1,1,99.0,108.0,103.14285714285714
2026-06-28,M01,Nasi Goreng Spesial,122,0,1,1,104.0,131.0,102.57142857142857
2026-06-29,M01,Nasi Goreng Spesial,94,0,0,0,122.0,85.0,101.28571428571429
2026-06-30,M01,Nasi Goreng Spesial,87,0,0,1,94.0,91.0,102.57142857142857
2026-07-01,M01,Nasi Goreng Spesial,106,0,0,1,87.0,111.0,102.0
2026-07-02,M01,Nasi Goreng Spesial,94,0,0,1,106.0,97.0,101.28571428571429
2026-07-03,M01,Nasi Goreng Spesial,111,0,0,0,94.0,99.0,100.85714285714286
2026-07-04,M01,Nasi Goreng Spesial,131,0,1,0,111.0,104.0,102.57142857142857
2026-07-05,M01,Nasi Goreng Spesial,144,0,1,0,131.0,122.0,106.42857142857143
2026-07-06,M01,Nasi Goreng Spesial,92,0,0,1,144.0,94.0,109.57142857142857
2026-07-07,M01,Nasi Goreng Spesial,116,0,0,0,92.0,87.0,109.28571428571429
2026-07-08,M01,Nasi Goreng Spesial,97,0,0,0,116.0,106.0,113.42857142857143
2026-07-09,M01,Nasi Goreng Spesial,100,0,0,0,97.0,94.0,112.14285714285714
2026-07-10,M01,Nasi Goreng Spesial,101,0,0,0,100.0,111.0,113.0
2026-07-11,M01,Nasi Goreng Spesial,73,1,1,1,101.0,131.0,111.57142857142857
2026-07-12,M01,Nasi Goreng Spesial,90,1,1,0,73.0,144.0,103.28571428571429
2026-07-13,M01,Nasi Goreng Spesial,80,0,0,1,90.0,92.0,95.57142857142857
2026-07-14,M01,Nasi Goreng Spesial,91,0,0,0,80.0,116.0,93.85714285714286
2026-07-15,M01,Nasi Goreng Spesial,99,0,0,0,91.0,97.0,90.28571428571429
2026-07-16,M01,Nasi Goreng Spesial,116,0,0,0,99.0,100.0,90.57142857142857
2026-07-17,M01,Nasi Goreng Spesial,85,0,0,1,116.0,101.0,92.85714285714286
2026-07-18,M01,Nasi Goreng Spesial,109,0,1,1,85.0,73.0,90.57142857142857
2026-07-19,M01,Nasi Goreng Spesial,129,0,1,0,109.0,90.0,95.71428571428571
2026-07-20,M01,Nasi Goreng Spesial,66,0,0,1,129.0,80.0,101.28571428571429
2026-07-21,M01,Nasi Goreng Spesial,93,0,0,0,66.0,91.0,99.28571428571429
2026-07-22,M01,Nasi Goreng Spesial,71,0,0,1,93.0,99.0,99.57142857142857
2026-07-23,M01,Nasi Goreng Spesial,109,0,0,0,71.0,116.0,95.57142857142857
2026-07-24,M01,Nasi Goreng Spesial,98,0,0,0,109.0,85.0,94.57142857142857
2026-07-25,M01,Nasi Goreng Spesial,127,0,1,0,98.0,109.0,96.42857142857143
2026-07-26,M01,Nasi Goreng Spesial,113,0,1,0,127.0,129.0,99.0
2026-07-27,M01,Nasi Goreng Spesial,101,0,0,0,113.0,66.0,96.71428571428571
2026-07-28,M01,Nasi Goreng Spesial,83,0,0,1,101.0,93.0,101.71428571428571
2026-07-29,M01,Nasi Goreng Spesial,100,0,0,0,83.0,71.0,100.28571428571429
2026-07-30,M01,Nasi Goreng Spesial,125,0,0,0,100.0,109.0,104.42857142857143
2026-07-31,M01,Nasi Goreng Spesial,119,0,0,0,125.0,98.0,106.71428571428571
2026-08-01,M01,Nasi Goreng Spesial,129,0,1,0,119.0,127.0,109.71428571428571
2026-08-02,M01,Nasi Goreng Spesial,124,0,1,0,129.0,113.0,110.0
2026-08-03,M01,Nasi Goreng Spesial,110,0,0,0,124.0,101.0,111.57142857142857
2026-08-04,M01,Nasi Goreng Spesial,97,0,0,0,110.0,83.0,112.85714285714286
2026-08-05,M01,Nasi Goreng Spesial,119,0,0,0,97.0,100.0,114.85714285714286
2026-08-06,M01,Nasi Goreng Spesial,87,0,0,0,119.0,125.0,117.57142857142857
2026-08-07,M01,Nasi Goreng Spesial,102,0,0,0,87.0,119.0,112.14285714285714
2026-08-08,M01,Nasi Goreng Spesial,145,0,1,0,102.0,129.0,109.71428571428571
2026-08-09,M01,Nasi Goreng Spesial,128,0,1,0,145.0,124.0,112.0
2026-08-10,M01,Nasi Goreng Spesial,88,0,0,0,128.0,110.0,112.57142857142857
2026-08-11,M01,Nasi Goreng Spesial,79,0,0,1,88.0,97.0,109.42857142857143
2026-08-12,M01,Nasi Goreng Spesial,76,0,0,1,79.0,119.0,106.85714285714286
2026-08-13,M01,Nasi Goreng Spesial,82,0,0,0,76.0,87.0,100.71428571428571
2026-08-14,M01,Nasi Goreng Spesial,94,0,0,0,82.0,102.0,100.0
2026-08-15,M01,Nasi Goreng Spesial,134,0,1,0,94.0,145.0,98.85714285714286
2026-08-16,M01,Nasi Goreng Spesial,111,0,1,0,134.0,128.0,97.28571428571429
2026-08-17,M01,Nasi Goreng Spesial,100,0,0,0,111.0,88.0,94.85714285714286
2026-08-18,M01,Nasi Goreng Spesial,83,0,0,1,100.0,79.0,96.57142857142857
2026-08-19,M01,Nasi Goreng Spesial,110,0,0,0,83.0,76.0,97.14285714285714
2026-08-20,M01,Nasi Goreng Spesial,75,0,0,0,110.0,82.0,102.0
2026-08-21,M01,Nasi Goreng Spesial,94,0,0,0,75.0,94.0,101.0
2026-08-22,M01,Nasi Goreng Spesial,140,0,1,0,94.0,134.0,101.0
2026-08-23,M01,Nasi Goreng Spesial,125,0,1,0,140.0,111.0,101.85714285714286
2026-08-24,M01,Nasi Goreng Spesial,103,0,0,0,125.0,100.0,103.85714285714286
2026-08-25,M01,Nasi Goreng Spesial,103,0,0,0,103.0,83.0,104.28571428571429
2026-08-26,M01,Nasi Goreng Spesial,90,0,0,1,103.0,110.0,107.14285714285714
2026-08-27,M01,Nasi Goreng Spesial,94,0,0,0,90.0,75.0,104.28571428571429
2026-08-28,M01,Nasi Goreng Spesial,118,0,0,0,94.0,94.0,107.0
2026-08-29,M01,Nasi Goreng Spesial,129,0,1,0,118.0,140.0,110.42857142857143
2026-08-30,M01,Nasi Goreng Spesial,142,0,1,0,129.0,125.0,108.85714285714286
2024-09-17,M02,Mie Goreng Ayam,62,0,0,1,78.0,73.0,80.57142857142857
2024-09-18,M02,Mie Goreng Ayam,78,0,0,0,62.0,65.0,79.0
2024-09-19,M02,Mie Goreng Ayam,54,0,0,1,78.0,79.0,80.85714285714286
2024-09-20,M02,Mie Goreng Ayam,62,0,0,1,54.0,70.0,77.28571428571429
2024-09-21,M02,Mie Goreng Ayam,51,0,1,1,62.0,100.0,76.14285714285714
2024-09-22,M02,Mie Goreng Ayam,75,1,1,0,51.0,99.0,69.14285714285714
2024-09-23,M02,Mie Goreng Ayam,45,1,0,0,75.0,78.0,65.71428571428571
2024-09-24,M02,Mie Goreng Ayam,73,0,0,0,45.0,62.0,61.0
2024-09-25,M02,Mie Goreng Ayam,66,0,0,0,73.0,78.0,62.57142857142857
2024-09-26,M02,Mie Goreng Ayam,73,0,0,0,66.0,54.0,60.857142857142854
2024-09-27,M02,Mie Goreng Ayam,54,1,0,0,73.0,62.0,63.57142857142857
2024-09-28,M02,Mie Goreng Ayam,81,0,1,0,54.0,51.0,62.42857142857143
2024-09-29,M02,Mie Goreng Ayam,57,1,1,1,81.0,75.0,66.71428571428571
2024-09-30,M02,Mie Goreng Ayam,77,0,0,0,57.0,45.0,64.14285714285714
2024-10-01,M02,Mie Goreng Ayam,60,0,0,0,77.0,73.0,68.71428571428571
2024-10-02,M02,Mie Goreng Ayam,66,0,0,0,60.0,66.0,66.85714285714286
2024-10-03,M02,Mie Goreng Ayam,38,1,0,1,66.0,73.0,66.85714285714286
2024-10-04,M02,Mie Goreng Ayam,75,0,0,0,38.0,54.0,61.857142857142854
2024-10-05,M02,Mie Goreng Ayam,64,0,1,1,75.0,81.0,64.85714285714286
2024-10-06,M02,Mie Goreng Ayam,89,0,1,1,64.0,57.0,62.42857142857143
2024-10-07,M02,Mie Goreng Ayam,88,0,0,0,89.0,77.0,67.0
2024-10-08,M02,Mie Goreng Ayam,48,0,0,1,88.0,60.0,68.57142857142857
2024-10-09,M02,Mie Goreng Ayam,45,1,0,0,48.0,66.0,66.85714285714286
2024-10-10,M02,Mie Goreng Ayam,64,0,0,1,45.0,38.0,63.857142857142854
2024-10-11,M02,Mie Goreng Ayam,44,1,0,0,64.0,75.0,67.57142857142857
2024-10-12,M02,Mie Goreng Ayam,63,1,1,1,44.0,64.0,63.142857142857146
2024-10-13,M02,Mie Goreng Ayam,59,1,1,1,63.0,89.0,63.0
2024-10-14,M02,Mie Goreng Ayam,61,0,0,0,59.0,88.0,58.714285714285715
2024-10-15,M02,Mie Goreng Ayam,56,0,0,0,61.0,48.0,54.857142857142854
2024-10-16,M02,Mie Goreng Ayam,68,0,0,1,56.0,45.0,56.0
2024-10-17,M02,Mie Goreng Ayam,51,0,0,1,68.0,64.0,59.285714285714285
2024-10-18,M02,Mie Goreng Ayam,73,0,0,0,51.0,44.0,57.42857142857143
2024-10-19,M02,Mie Goreng Ayam,70,0,1,1,73.0,63.0,61.57142857142857
2024-10-20,M02,Mie Goreng Ayam,99,0,1,0,70.0,59.0,62.57142857142857
2024-10-21,M02,Mie Goreng Ayam,75,0,0,0,99.0,61.0,68.28571428571429
2024-10-22,M02,Mie Goreng Ayam,53,0,0,0,75.0,56.0,70.28571428571429
2024-10-23,M02,Mie Goreng Ayam,82,0,0,0,53.0,68.0,69.85714285714286
2024-10-24,M02,Mie Goreng Ayam,88,0,0,0,82.0,51.0,71.85714285714286
2024-10-25,M02,Mie Goreng Ayam,65,0,0,0,88.0,73.0,77.14285714285714
2024-10-26,M02,Mie Goreng Ayam,100,0,1,0,65.0,70.0,76.0
2024-10-27,M02,Mie Goreng Ayam,93,0,1,1,100.0,99.0,80.28571428571429
2024-10-28,M02,Mie Goreng Ayam,58,0,0,1,93.0,75.0,79.42857142857143
2024-10-29,M02,Mie Goreng Ayam,53,0,0,1,58.0,53.0,77.0
2024-10-30,M02,Mie Goreng Ayam,75,0,0,0,53.0,82.0,77.0
2024-10-31,M02,Mie Goreng Ayam,72,0,0,1,75.0,88.0,76.0
2024-11-01,M02,Mie Goreng Ayam,55,0,0,1,72.0,65.0,73.71428571428571
2024-11-02,M02,Mie Goreng Ayam,70,1,1,0,55.0,100.0,72.28571428571429
2024-11-03,M02,Mie Goreng Ayam,86,0,1,0,70.0,93.0,68.0
2024-11-04,M02,Mie Goreng Ayam,70,0,0,0,86.0,58.0,67.0
2024-11-05,M02,Mie Goreng Ayam,83,0,0,0,70.0,53.0,68.71428571428571
2024-11-06,M02,Mie Goreng Ayam,45,0,0,1,83.0,75.0,73.0
2024-11-07,M02,Mie Goreng Ayam,73,0,0,1,45.0,72.0,68.71428571428571
2024-11-08,M02,Mie Goreng Ayam,69,0,0,0,73.0,55.0,68.85714285714286
2024-11-09,M02,Mie Goreng Ayam,73,1,1,0,69.0,70.0,70.85714285714286
2024-11-10,M02,Mie Goreng Ayam,93,0,1,0,73.0,86.0,71.28571428571429
2024-11-11,M02,Mie Goreng Ayam,63,0,0,1,93.0,70.0,72.28571428571429
2024-11-12,M02,Mie Goreng Ayam,91,0,0,0,63.0,83.0,71.28571428571429
2024-11-13,M02,Mie Goreng Ayam,38,1,0,0,91.0,45.0,72.42857142857143
2024-11-14,M02,Mie Goreng Ayam,42,1,0,0,38.0,73.0,71.42857142857143
2024-11-15,M02,Mie Goreng Ayam,50,1,0,0,42.0,69.0,67.0
2024-11-16,M02,Mie Goreng Ayam,76,0,1,1,50.0,73.0,64.28571428571429
2024-11-17,M02,Mie Goreng Ayam,70,1,1,0,76.0,93.0,64.71428571428571
2024-11-18,M02,Mie Goreng Ayam,36,1,0,1,70.0,63.0,61.42857142857143
2024-11-19,M02,Mie Goreng Ayam,85,0,0,0,36.0,91.0,57.57142857142857
2024-11-20,M02,Mie Goreng Ayam,90,0,0,0,85.0,38.0,56.714285714285715
2024-11-21,M02,Mie Goreng Ayam,78,0,0,0,90.0,42.0,64.14285714285714
2024-11-22,M02,Mie Goreng Ayam,74,0,0,1,78.0,50.0,69.28571428571429
2024-11-23,M02,Mie Goreng Ayam,85,0,1,1,74.0,76.0,72.71428571428571
2024-11-24,M02,Mie Goreng Ayam,94,0,1,0,85.0,70.0,74.0
2024-11-25,M02,Mie Goreng Ayam,56,0,0,1,94.0,36.0,77.42857142857143
2024-11-26,M02,Mie Goreng Ayam,64,0,0,0,56.0,85.0,80.28571428571429
2024-11-27,M02,Mie Goreng Ayam,82,0,0,0,64.0,90.0,77.28571428571429
2024-11-28,M02,Mie Goreng Ayam,67,0,0,0,82.0,78.0,76.14285714285714
2024-11-29,M02,Mie Goreng Ayam,60,0,0,0,67.0,74.0,74.57142857142857
2024-11-30,M02,Mie Goreng Ayam,83,0,1,0,60.0,85.0,72.57142857142857
2024-12-01,M02,Mie Goreng Ayam,87,0,1,0,83.0,94.0,72.28571428571429
2024-12-02,M02,Mie Goreng Ayam,85,0,0,0,87.0,56.0,71.28571428571429
2024-12-03,M02,Mie Goreng Ayam,56,0,0,0,85.0,64.0,75.42857142857143
2024-12-04,M02,Mie Goreng Ayam,63,0,0,0,56.0,82.0,74.28571428571429
2024-12-05,M02,Mie Goreng Ayam,76,0,0,0,63.0,67.0,71.57142857142857
2024-12-06,M02,Mie Goreng Ayam,48,1,0,1,76.0,60.0,72.85714285714286
2024-12-07,M02,Mie Goreng Ayam,83,0,1,0,48.0,83.0,71.14285714285714
2024-12-08,M02,Mie Goreng Ayam,97,0,1,0,83.0,87.0,71.14285714285714
2024-12-09,M02,Mie Goreng Ayam,65,0,0,0,97.0,85.0,72.57142857142857
2024-12-10,M02,Mie Goreng Ayam,34,0,0,1,65.0,56.0,69.71428571428571
2024-12-11,M02,Mie Goreng Ayam,60,0,0,1,34.0,63.0,66.57142857142857
2024-12-12,M02,Mie Goreng Ayam,65,0,0,0,60.0,76.0,66.14285714285714
2024-12-13,M02,Mie Goreng Ayam,73,0,0,0,65.0,48.0,64.57142857142857
2024-12-14,M02,Mie Goreng Ayam,91,0,1,0,73.0,83.0,68.14285714285714
2024-12-15,M02,Mie Goreng Ayam,91,0,1,0,91.0,97.0,69.28571428571429
2024-12-16,M02,Mie Goreng Ayam,76,0,0,0,91.0,65.0,68.42857142857143
2024-12-17,M02,Mie Goreng Ayam,61,0,0,0,76.0,34.0,70.0
2024-12-18,M02,Mie Goreng Ayam,67,0,0,0,61.0,60.0,73.85714285714286
2024-12-19,M02,Mie Goreng Ayam,79,0,0,0,67.0,65.0,74.85714285714286
2024-12-20,M02,Mie Goreng Ayam,52,0,0,0,79.0,73.0,76.85714285714286
2024-12-21,M02,Mie Goreng Ayam,117,0,1,0,52.0,91.0,73.85714285714286
2024-12-22,M02,Mie Goreng Ayam,96,0,1,1,117.0,91.0,77.57142857142857
2024-12-23,M02,Mie Goreng Ayam,50,1,0,1,96.0,76.0,78.28571428571429
2024-12-24,M02,Mie Goreng Ayam,59,0,0,0,50.0,61.0,74.57142857142857
2024-12-25,M02,Mie Goreng Ayam,61,0,0,0,59.0,67.0,74.28571428571429
2024-12-26,M02,Mie Goreng Ayam,67,0,0,0,61.0,79.0,73.42857142857143
2024-12-27,M02,Mie Goreng Ayam,75,0,0,0,67.0,52.0,71.71428571428571
2024-12-28,M02,Mie Goreng Ayam,91,0,1,0,75.0,117.0,75.0
2024-12-29,M02,Mie Goreng Ayam,79,0,1,0,91.0,96.0,71.28571428571429
2024-12-30,M02,Mie Goreng Ayam,66,0,0,0,79.0,50.0,68.85714285714286
2024-12-31,M02,Mie Goreng Ayam,56,0,0,0,66.0,59.0,71.14285714285714
2025-01-01,M02,Mie Goreng Ayam,77,0,0,0,56.0,61.0,70.71428571428571
2025-01-02,M02,Mie Goreng Ayam,48,0,0,1,77.0,67.0,73.0
2025-01-03,M02,Mie Goreng Ayam,48,0,0,1,48.0,75.0,70.28571428571429
2025-01-04,M02,Mie Goreng Ayam,108,0,1,0,48.0,91.0,66.42857142857143
2025-01-05,M02,Mie Goreng Ayam,78,0,1,0,108.0,79.0,68.85714285714286
2025-01-06,M02,Mie Goreng Ayam,69,0,0,0,78.0,66.0,68.71428571428571
2025-01-07,M02,Mie Goreng Ayam,70,0,0,0,69.0,56.0,69.14285714285714
2025-01-08,M02,Mie Goreng Ayam,75,0,0,0,70.0,77.0,71.14285714285714
2025-01-09,M02,Mie Goreng Ayam,72,0,0,0,75.0,48.0,70.85714285714286
2025-01-10,M02,Mie Goreng Ayam,78,0,0,0,72.0,48.0,74.28571428571429
2025-01-11,M02,Mie Goreng Ayam,81,0,1,0,78.0,108.0,78.57142857142857
2025-01-12,M02,Mie Goreng Ayam,87,0,1,0,81.0,78.0,74.71428571428571
2025-01-13,M02,Mie Goreng Ayam,81,0,0,0,87.0,69.0,76.0
2025-01-14,M02,Mie Goreng Ayam,59,0,0,1,81.0,70.0,77.71428571428571
2025-01-15,M02,Mie Goreng Ayam,46,1,0,0,59.0,75.0,76.14285714285714
2025-01-16,M02,Mie Goreng Ayam,57,0,0,1,46.0,72.0,72.0
2025-01-17,M02,Mie Goreng Ayam,69,0,0,0,57.0,78.0,69.85714285714286
2025-01-18,M02,Mie Goreng Ayam,78,0,1,1,69.0,81.0,68.57142857142857
2025-01-19,M02,Mie Goreng Ayam,77,0,1,1,78.0,87.0,68.14285714285714
2025-01-20,M02,Mie Goreng Ayam,75,0,0,0,77.0,81.0,66.71428571428571
2025-01-21,M02,Mie Goreng Ayam,84,0,0,0,75.0,59.0,65.85714285714286
2025-01-22,M02,Mie Goreng Ayam,65,0,0,1,84.0,46.0,69.42857142857143
2025-01-23,M02,Mie Goreng Ayam,54,0,0,1,65.0,57.0,72.14285714285714
2025-01-24,M02,Mie Goreng Ayam,41,0,0,1,54.0,69.0,71.71428571428571
2025-01-25,M02,Mie Goreng Ayam,90,0,1,0,41.0,78.0,67.71428571428571
2025-01-26,M02,Mie Goreng Ayam,61,1,1,0,90.0,77.0,69.42857142857143
2025-01-27,M02,Mie Goreng Ayam,61,0,0,1,61.0,75.0,67.14285714285714
2025-01-28,M02,Mie Goreng Ayam,64,0,0,0,61.0,84.0,65.14285714285714
2025-01-29,M02,Mie Goreng Ayam,73,0,0,1,64.0,65.0,62.285714285714285
2025-01-30,M02,Mie Goreng Ayam,52,0,0,1,73.0,54.0,63.42857142857143
2025-01-31,M02,Mie Goreng Ayam,72,0,0,0,52.0,41.0,63.142857142857146
2025-02-01,M02,Mie Goreng Ayam,78,0,1,0,72.0,90.0,67.57142857142857
2025-02-02,M02,Mie Goreng Ayam,90,0,1,0,78.0,61.0,65.85714285714286
2025-02-03,M02,Mie Goreng Ayam,48,0,0,1,90.0,61.0,70.0
2025-02-04,M02,Mie Goreng Ayam,67,0,0,1,48.0,64.0,68.14285714285714
2025-02-05,M02,Mie Goreng Ayam,74,0,0,0,67.0,73.0,68.57142857142857
2025-02-06,M02,Mie Goreng Ayam,70,0,0,0,74.0,52.0,68.71428571428571
2025-02-07,M02,Mie Goreng Ayam,70,0,0,0,70.0,72.0,71.28571428571429
2025-02-08,M02,Mie Goreng Ayam,76,0,1,1,70.0,78.0,71.0
2025-02-09,M02,Mie Goreng Ayam,95,0,1,0,76.0,90.0,70.71428571428571
2025-02-10,M02,Mie Goreng Ayam,64,0,0,0,95.0,48.0,71.42857142857143
2025-02-11,M02,Mie Goreng Ayam,49,0,0,0,64.0,67.0,73.71428571428571
2025-02-12,M02,Mie Goreng Ayam,74,0,0,0,49.0,74.0,71.14285714285714
2025-02-13,M02,Mie Goreng Ayam,62,1,0,0,74.0,70.0,71.14285714285714
2025-02-14,M02,Mie Goreng Ayam,40,1,0,0,62.0,70.0,70.0
2025-02-15,M02,Mie Goreng Ayam,70,0,1,1,40.0,76.0,65.71428571428571
2025-02-16,M02,Mie Goreng Ayam,80,0,1,1,70.0,95.0,64.85714285714286
2025-02-17,M02,Mie Goreng Ayam,46,1,0,1,80.0,64.0,62.714285714285715
2025-02-18,M02,Mie Goreng Ayam,63,0,0,0,46.0,49.0,60.142857142857146
2025-02-19,M02,Mie Goreng Ayam,75,0,0,0,63.0,74.0,62.142857142857146
2025-02-20,M02,Mie Goreng Ayam,54,0,0,0,75.0,62.0,62.285714285714285
2025-02-21,M02,Mie Goreng Ayam,53,0,0,1,54.0,40.0,61.142857142857146
2025-02-22,M02,Mie Goreng Ayam,93,0,1,0,53.0,70.0,63.0
2025-02-23,M02,Mie Goreng Ayam,83,0,1,0,93.0,80.0,66.28571428571429
2025-02-24,M02,Mie Goreng Ayam,83,0,0,0,83.0,46.0,66.71428571428571
2025-02-25,M02,Mie Goreng Ayam,73,0,0,0,83.0,63.0,72.0
2025-02-26,M02,Mie Goreng Ayam,83,0,0,0,73.0,75.0,73.42857142857143
2025-02-27,M02,Mie Goreng Ayam,72,0,0,0,83.0,54.0,74.57142857142857
2025-02-28,M02,Mie Goreng Ayam,87,0,0,0,72.0,53.0,77.14285714285714
2025-03-01,M02,Mie Goreng Ayam,82,0,1,1,87.0,93.0,82.0
2025-03-02,M02,Mie Goreng Ayam,48,1,1,1,82.0,83.0,80.42857142857143
2025-03-03,M02,Mie Goreng Ayam,79,0,0,1,48.0,83.0,75.42857142857143
2025-03-04,M02,Mie Goreng Ayam,74,0,0,1,79.0,73.0,74.85714285714286
2025-03-05,M02,Mie Goreng Ayam,56,0,0,1,74.0,83.0,75.0
2025-03-06,M02,Mie Goreng Ayam,49,1,0,0,56.0,72.0,71.14285714285714
2025-03-07,M02,Mie Goreng Ayam,46,1,0,0,49.0,87.0,67.85714285714286
2025-03-08,M02,Mie Goreng Ayam,100,0,1,0,46.0,82.0,62.0
2025-03-09,M02,Mie Goreng Ayam,96,0,1,0,100.0,48.0,64.57142857142857
2025-03-10,M02,Mie Goreng Ayam,69,0,0,1,96.0,79.0,71.42857142857143
2025-03-11,M02,Mie Goreng Ayam,63,0,0,0,69.0,74.0,70.0
2025-03-12,M02,Mie Goreng Ayam,79,0,0,0,63.0,56.0,68.42857142857143
2025-03-13,M02,Mie Goreng Ayam,74,0,0,0,79.0,49.0,71.71428571428571
2025-03-14,M02,Mie Goreng Ayam,53,0,0,1,74.0,46.0,75.28571428571429
2025-03-15,M02,Mie Goreng Ayam,111,0,1,0,53.0,100.0,76.28571428571429
2025-03-16,M02,Mie Goreng Ayam,97,0,1,0,111.0,96.0,77.85714285714286
2025-03-17,M02,Mie Goreng Ayam,67,0,0,0,97.0,69.0,78.0
2025-03-18,M02,Mie Goreng Ayam,75,0,0,0,67.0,63.0,77.71428571428571
2025-03-19,M02,Mie Goreng Ayam,49,0,0,1,75.0,79.0,79.42857142857143
2025-03-20,M02,Mie Goreng Ayam,63,0,0,0,49.0,74.0,75.14285714285714
2025-03-21,M02,Mie Goreng Ayam,85,0,0,0,63.0,53.0,73.57142857142857
2025-03-22,M02,Mie Goreng Ayam,77,0,1,0,85.0,111.0,78.14285714285714
2025-03-23,M02,Mie Goreng Ayam,72,1,1,0,77.0,97.0,73.28571428571429
2025-03-24,M02,Mie Goreng Ayam,62,0,0,0,72.0,67.0,69.71428571428571
2025-03-25,M02,Mie Goreng Ayam,63,0,0,0,62.0,75.0,69.0
2025-03-26,M02,Mie Goreng Ayam,75,0,0,0,63.0,49.0,67.28571428571429
2025-03-27,M02,Mie Goreng Ayam,37,1,0,1,75.0,63.0,71.0
2025-03-28,M02,Mie Goreng Ayam,71,0,0,0,37.0,85.0,67.28571428571429
2025-03-29,M02,Mie Goreng Ayam,78,0,1,0,71.0,77.0,65.28571428571429
2025-03-30,M02,Mie Goreng Ayam,74,0,1,1,78.0,72.0,65.42857142857143
2025-03-31,M02,Mie Goreng Ayam,57,0,0,0,74.0,62.0,65.71428571428571
2025-04-01,M02,Mie Goreng Ayam,79,0,0,0,57.0,63.0,65.0
2025-04-02,M02,Mie Goreng Ayam,69,0,0,0,79.0,75.0,67.28571428571429
2025-04-03,M02,Mie Goreng Ayam,75,0,0,0,69.0,37.0,66.42857142857143
2025-04-04,M02,Mie Goreng Ayam,62,0,0,0,75.0,71.0,71.85714285714286
2025-04-05,M02,Mie Goreng Ayam,94,0,1,0,62.0,78.0,70.57142857142857
2025-04-06,M02,Mie Goreng Ayam,110,0,1,0,94.0,74.0,72.85714285714286
2025-04-07,M02,Mie Goreng Ayam,71,0,0,0,110.0,57.0,78.0
2025-04-08,M02,Mie Goreng Ayam,35,1,0,1,71.0,79.0,80.0
2025-04-09,M02,Mie Goreng Ayam,71,0,0,1,35.0,69.0,73.71428571428571
2025-04-10,M02,Mie Goreng Ayam,73,0,0,0,71.0,75.0,74.0
2025-04-11,M02,Mie Goreng Ayam,51,0,0,0,73.0,62.0,73.71428571428571
2025-04-12,M02,Mie Goreng Ayam,68,1,1,0,51.0,94.0,72.14285714285714
2025-04-13,M02,Mie Goreng Ayam,100,0,1,0,68.0,110.0,68.42857142857143
2025-04-14,M02,Mie Goreng Ayam,57,0,0,1,100.0,71.0,67.0
2025-04-15,M02,Mie Goreng Ayam,69,0,0,0,57.0,35.0,65.0
2025-04-16,M02,Mie Goreng Ayam,70,0,0,0,69.0,71.0,69.85714285714286
2025-04-17,M02,Mie Goreng Ayam,60,0,0,0,70.0,73.0,69.71428571428571
2025-04-18,M02,Mie Goreng Ayam,74,0,0,0,60.0,51.0,67.85714285714286
2025-04-19,M02,Mie Goreng Ayam,84,0,1,0,74.0,68.0,71.14285714285714
2025-04-20,M02,Mie Goreng Ayam,100,0,1,0,84.0,100.0,73.42857142857143
2025-04-21,M02,Mie Goreng Ayam,58,0,0,0,100.0,57.0,73.42857142857143
2025-04-22,M02,Mie Goreng Ayam,57,0,0,1,58.0,69.0,73.57142857142857
2025-04-23,M02,Mie Goreng Ayam,69,0,0,0,57.0,70.0,71.85714285714286
2025-04-24,M02,Mie Goreng Ayam,69,0,0,0,69.0,60.0,71.71428571428571
2025-04-25,M02,Mie Goreng Ayam,63,0,0,0,69.0,74.0,73.0
2025-04-26,M02,Mie Goreng Ayam,100,0,1,0,63.0,84.0,71.42857142857143
2025-04-27,M02,Mie Goreng Ayam,95,0,1,0,100.0,100.0,73.71428571428571
2025-04-28,M02,Mie Goreng Ayam,65,0,0,0,95.0,58.0,73.0
2025-04-29,M02,Mie Goreng Ayam,59,0,0,0,65.0,57.0,74.0
2025-04-30,M02,Mie Goreng Ayam,78,0,0,0,59.0,69.0,74.28571428571429
2025-05-01,M02,Mie Goreng Ayam,83,0,0,0,78.0,69.0,75.57142857142857
2025-05-02,M02,Mie Goreng Ayam,87,0,0,0,83.0,63.0,77.57142857142857
2025-05-03,M02,Mie Goreng Ayam,66,0,1,1,87.0,100.0,81.0
2025-05-04,M02,Mie Goreng Ayam,74,0,1,1,66.0,95.0,76.14285714285714
2025-05-05,M02,Mie Goreng Ayam,57,0,0,1,74.0,65.0,73.14285714285714
2025-05-06,M02,Mie Goreng Ayam,66,0,0,1,57.0,59.0,72.0
2025-05-07,M02,Mie Goreng Ayam,73,0,0,0,66.0,78.0,73.0
2025-05-08,M02,Mie Goreng Ayam,77,0,0,0,73.0,83.0,72.28571428571429
2025-05-09,M02,Mie Goreng Ayam,82,0,0,0,77.0,87.0,71.42857142857143
2025-05-10,M02,Mie Goreng Ayam,81,0,1,0,82.0,66.0,70.71428571428571
2025-05-11,M02,Mie Goreng Ayam,79,0,1,0,81.0,74.0,72.85714285714286
2025-05-12,M02,Mie Goreng Ayam,58,0,0,0,79.0,57.0,73.57142857142857
2025-05-13,M02,Mie Goreng Ayam,45,0,0,1,58.0,66.0,73.71428571428571
2025-05-14,M02,Mie Goreng Ayam,64,0,0,0,45.0,73.0,70.71428571428571
2025-05-15,M02,Mie Goreng Ayam,90,0,0,0,64.0,77.0,69.42857142857143
2025-05-16,M02,Mie Goreng Ayam,83,0,0,0,90.0,82.0,71.28571428571429
2025-05-17,M02,Mie Goreng Ayam,65,0,1,1,83.0,81.0,71.42857142857143
2025-05-18,M02,Mie Goreng Ayam,57,1,1,0,65.0,79.0,69.14285714285714
2025-05-19,M02,Mie Goreng Ayam,67,0,0,0,57.0,58.0,66.0
2025-05-20,M02,Mie Goreng Ayam,73,0,0,0,67.0,45.0,67.28571428571429
2025-05-21,M02,Mie Goreng Ayam,65,0,0,0,73.0,64.0,71.28571428571429
2025-05-22,M02,Mie Goreng Ayam,83,0,0,0,65.0,90.0,71.42857142857143
2025-05-23,M02,Mie Goreng Ayam,63,0,0,0,83.0,83.0,70.42857142857143
2025-05-24,M02,Mie Goreng Ayam,78,0,1,1,63.0,65.0,67.57142857142857
2025-05-25,M02,Mie Goreng Ayam,86,0,1,1,78.0,57.0,69.42857142857143
2025-05-26,M02,Mie Goreng Ayam,51,1,0,0,86.0,67.0,73.57142857142857
2025-05-27,M02,Mie Goreng Ayam,52,1,0,0,51.0,73.0,71.28571428571429
2025-05-28,M02,Mie Goreng Ayam,60,0,0,0,52.0,65.0,68.28571428571429
2025-05-29,M02,Mie Goreng Ayam,53,0,0,0,60.0,83.0,67.57142857142857
2025-05-30,M02,Mie Goreng Ayam,65,0,0,0,53.0,63.0,63.285714285714285
2025-05-31,M02,Mie Goreng Ayam,80,0,1,0,65.0,78.0,63.57142857142857
2025-06-01,M02,Mie Goreng Ayam,97,0,1,1,80.0,86.0,63.857142857142854
2025-06-02,M02,Mie Goreng Ayam,53,0,0,1,97.0,51.0,65.42857142857143
2025-06-03,M02,Mie Goreng Ayam,60,0,0,1,53.0,52.0,65.71428571428571
2025-06-04,M02,Mie Goreng Ayam,68,0,0,1,60.0,60.0,66.85714285714286
2025-06-05,M02,Mie Goreng Ayam,75,0,0,0,68.0,53.0,68.0
2025-06-06,M02,Mie Goreng Ayam,48,1,0,0,75.0,65.0,71.14285714285714
2025-06-07,M02,Mie Goreng Ayam,97,0,1,0,48.0,80.0,68.71428571428571
2025-06-08,M02,Mie Goreng Ayam,81,0,1,0,97.0,97.0,71.14285714285714
2025-06-09,M02,Mie Goreng Ayam,54,1,0,0,81.0,53.0,68.85714285714286
2025-06-10,M02,Mie Goreng Ayam,68,0,0,0,54.0,60.0,69.0
2025-06-11,M02,Mie Goreng Ayam,72,0,0,0,68.0,68.0,70.14285714285714
2025-06-12,M02,Mie Goreng Ayam,49,0,0,1,72.0,75.0,70.71428571428571
2025-06-13,M02,Mie Goreng Ayam,47,0,0,0,49.0,48.0,67.0
2025-06-14,M02,Mie Goreng Ayam,87,0,1,0,47.0,97.0,66.85714285714286
2025-06-15,M02,Mie Goreng Ayam,103,0,1,0,87.0,81.0,65.42857142857143
2025-06-16,M02,Mie Goreng Ayam,65,0,0,0,103.0,54.0,68.57142857142857
2025-06-17,M02,Mie Goreng Ayam,77,0,0,0,65.0,68.0,70.14285714285714
2025-06-18,M02,Mie Goreng Ayam,75,0,0,0,77.0,72.0,71.42857142857143
2025-06-19,M02,Mie Goreng Ayam,67,0,0,1,75.0,49.0,71.85714285714286
2025-06-20,M02,Mie Goreng Ayam,36,1,0,0,67.0,47.0,74.42857142857143
2025-06-21,M02,Mie Goreng Ayam,95,0,1,0,36.0,87.0,72.85714285714286
2025-06-22,M02,Mie Goreng Ayam,81,0,1,0,95.0,103.0,74.0
2025-06-23,M02,Mie Goreng Ayam,53,0,0,1,81.0,65.0,70.85714285714286
2025-06-24,M02,Mie Goreng Ayam,79,0,0,0,53.0,77.0,69.14285714285714
2025-06-25,M02,Mie Goreng Ayam,63,0,0,0,79.0,75.0,69.42857142857143
2025-06-26,M02,Mie Goreng Ayam,79,0,0,0,63.0,67.0,67.71428571428571
2025-06-27,M02,Mie Goreng Ayam,63,0,0,0,79.0,36.0,69.42857142857143
2025-06-28,M02,Mie Goreng Ayam,107,0,1,0,63.0,95.0,73.28571428571429
2025-06-29,M02,Mie Goreng Ayam,49,1,1,0,107.0,81.0,75.0
2025-06-30,M02,Mie Goreng Ayam,62,0,0,0,49.0,53.0,70.42857142857143
2025-07-01,M02,Mie Goreng Ayam,49,0,0,0,62.0,79.0,71.71428571428571
2025-07-02,M02,Mie Goreng Ayam,66,0,0,0,49.0,63.0,67.42857142857143
2025-07-03,M02,Mie Goreng Ayam,68,0,0,0,66.0,79.0,67.85714285714286
2025-07-04,M02,Mie Goreng Ayam,66,1,0,0,68.0,63.0,66.28571428571429
2025-07-05,M02,Mie Goreng Ayam,54,1,1,0,66.0,107.0,66.71428571428571
2025-07-06,M02,Mie Goreng Ayam,72,0,1,1,54.0,49.0,59.142857142857146
2025-07-07,M02,Mie Goreng Ayam,73,0,0,0,72.0,62.0,62.42857142857143
2025-07-08,M02,Mie Goreng Ayam,42,1,0,1,73.0,49.0,64.0
2025-07-09,M02,Mie Goreng Ayam,52,0,0,0,42.0,66.0,63.0
2025-07-10,M02,Mie Goreng Ayam,48,0,0,1,52.0,68.0,61.0
2025-07-11,M02,Mie Goreng Ayam,65,0,0,0,48.0,66.0,58.142857142857146
2025-07-12,M02,Mie Goreng Ayam,84,0,1,0,65.0,54.0,58.0
2025-07-13,M02,Mie Goreng Ayam,105,0,1,0,84.0,72.0,62.285714285714285
2025-07-14,M02,Mie Goreng Ayam,80,0,0,0,105.0,73.0,67.0
2025-07-15,M02,Mie Goreng Ayam,65,0,0,0,80.0,42.0,68.0
2025-07-16,M02,Mie Goreng Ayam,79,0,0,0,65.0,52.0,71.28571428571429
2025-07-17,M02,Mie Goreng Ayam,54,0,0,1,79.0,48.0,75.14285714285714
2025-07-18,M02,Mie Goreng Ayam,69,0,0,0,54.0,65.0,76.0
2025-07-19,M02,Mie Goreng Ayam,73,0,1,1,69.0,84.0,76.57142857142857
2025-07-20,M02,Mie Goreng Ayam,89,0,1,0,73.0,105.0,75.0
2025-07-21,M02,Mie Goreng Ayam,58,0,0,0,89.0,80.0,72.71428571428571
2025-07-22,M02,Mie Goreng Ayam,68,0,0,0,58.0,65.0,69.57142857142857
2025-07-23,M02,Mie Goreng Ayam,51,0,0,0,68.0,79.0,70.0
2025-07-24,M02,Mie Goreng Ayam,70,0,0,1,51.0,54.0,66.0
2025-07-25,M02,Mie Goreng Ayam,64,0,0,0,70.0,69.0,68.28571428571429
2025-07-26,M02,Mie Goreng Ayam,93,0,1,0,64.0,73.0,67.57142857142857
2025-07-27,M02,Mie Goreng Ayam,65,0,1,1,93.0,89.0,70.42857142857143
2025-07-28,M02,Mie Goreng Ayam,64,0,0,0,65.0,58.0,67.0
2025-07-29,M02,Mie Goreng Ayam,66,0,0,0,64.0,68.0,67.85714285714286
2025-07-30,M02,Mie Goreng Ayam,75,0,0,0,66.0,51.0,67.57142857142857
2025-07-31,M02,Mie Goreng Ayam,67,0,0,0,75.0,70.0,71.0
2025-08-01,M02,Mie Goreng Ayam,69,0,0,1,67.0,64.0,70.57142857142857
2025-08-02,M02,Mie Goreng Ayam,84,0,1,1,69.0,93.0,71.28571428571429
2025-08-03,M02,Mie Goreng Ayam,77,0,1,1,84.0,65.0,70.0
2025-08-04,M02,Mie Goreng Ayam,64,0,0,0,77.0,64.0,71.71428571428571
2025-08-05,M02,Mie Goreng Ayam,76,0,0,0,64.0,66.0,71.71428571428571
2025-08-06,M02,Mie Goreng Ayam,62,0,0,0,76.0,75.0,73.14285714285714
2025-08-07,M02,Mie Goreng Ayam,57,1,0,0,62.0,67.0,71.28571428571429
2025-08-08,M02,Mie Goreng Ayam,73,0,0,0,57.0,69.0,69.85714285714286
2025-08-09,M02,Mie Goreng Ayam,99,0,1,0,73.0,84.0,70.42857142857143
2025-08-10,M02,Mie Goreng Ayam,91,0,1,0,99.0,77.0,72.57142857142857
2025-08-11,M02,Mie Goreng Ayam,61,0,0,0,91.0,64.0,74.57142857142857
2025-08-12,M02,Mie Goreng Ayam,59,0,0,0,61.0,76.0,74.14285714285714
2025-08-13,M02,Mie Goreng Ayam,65,0,0,0,59.0,62.0,71.71428571428571
2025-08-14,M02,Mie Goreng Ayam,77,0,0,0,65.0,57.0,72.14285714285714
2025-08-15,M02,Mie Goreng Ayam,59,1,0,0,77.0,73.0,75.0
2025-08-16,M02,Mie Goreng Ayam,87,0,1,1,59.0,99.0,73.0
2025-08-17,M02,Mie Goreng Ayam,62,0,1,1,87.0,91.0,71.28571428571429
2025-08-18,M02,Mie Goreng Ayam,66,0,0,0,62.0,61.0,67.14285714285714
2025-08-19,M02,Mie Goreng Ayam,54,0,0,0,66.0,59.0,67.85714285714286
2025-08-20,M02,Mie Goreng Ayam,45,0,0,1,54.0,65.0,67.14285714285714
2025-08-21,M02,Mie Goreng Ayam,70,0,0,0,45.0,77.0,64.28571428571429
2025-08-22,M02,Mie Goreng Ayam,58,0,0,0,70.0,59.0,63.285714285714285
2025-08-23,M02,Mie Goreng Ayam,67,1,1,0,58.0,87.0,63.142857142857146
2025-08-24,M02,Mie Goreng Ayam,83,0,1,0,67.0,62.0,60.285714285714285
2025-08-25,M02,Mie Goreng Ayam,71,0,0,0,83.0,66.0,63.285714285714285
2025-08-26,M02,Mie Goreng Ayam,56,0,0,0,71.0,54.0,64.0
2025-08-27,M02,Mie Goreng Ayam,68,0,0,0,56.0,45.0,64.28571428571429
2025-08-28,M02,Mie Goreng Ayam,70,0,0,0,68.0,70.0,67.57142857142857
2025-08-29,M02,Mie Goreng Ayam,58,0,0,0,70.0,58.0,67.57142857142857
2025-08-30,M02,Mie Goreng Ayam,74,1,1,0,58.0,67.0,67.57142857142857
2025-08-31,M02,Mie Goreng Ayam,68,0,1,1,74.0,83.0,68.57142857142857
2025-09-01,M02,Mie Goreng Ayam,53,0,0,0,68.0,71.0,66.42857142857143
2025-09-02,M02,Mie Goreng Ayam,55,0,0,0,53.0,56.0,63.857142857142854
2025-09-03,M02,Mie Goreng Ayam,47,1,0,1,55.0,68.0,63.714285714285715
2025-09-04,M02,Mie Goreng Ayam,53,1,0,0,47.0,70.0,60.714285714285715
2025-09-05,M02,Mie Goreng Ayam,65,0,0,1,53.0,58.0,58.285714285714285
2025-09-06,M02,Mie Goreng Ayam,81,0,1,0,65.0,74.0,59.285714285714285
2025-09-07,M02,Mie Goreng Ayam,88,0,1,0,81.0,68.0,60.285714285714285
2025-09-08,M02,Mie Goreng Ayam,55,0,0,1,88.0,53.0,63.142857142857146
2025-09-09,M02,Mie Goreng Ayam,40,1,0,0,55.0,55.0,63.42857142857143
2025-09-10,M02,Mie Goreng Ayam,40,0,0,1,40.0,47.0,61.285714285714285
2025-09-11,M02,Mie Goreng Ayam,57,0,0,0,40.0,53.0,60.285714285714285
2025-09-12,M02,Mie Goreng Ayam,48,1,0,0,57.0,65.0,60.857142857142854
2025-09-13,M02,Mie Goreng Ayam,117,0,1,0,48.0,81.0,58.42857142857143
2025-09-14,M02,Mie Goreng Ayam,76,0,1,1,117.0,88.0,63.57142857142857
2025-09-15,M02,Mie Goreng Ayam,59,0,0,0,76.0,55.0,61.857142857142854
2025-09-16,M02,Mie Goreng Ayam,71,0,0,1,59.0,40.0,62.42857142857143
2025-09-17,M02,Mie Goreng Ayam,80,0,0,0,71.0,40.0,66.85714285714286
2025-09-18,M02,Mie Goreng Ayam,48,0,0,1,80.0,57.0,72.57142857142857
2025-09-19,M02,Mie Goreng Ayam,67,0,0,1,48.0,48.0,71.28571428571429
2025-09-20,M02,Mie Goreng Ayam,85,0,1,1,67.0,117.0,74.0
2025-09-21,M02,Mie Goreng Ayam,60,0,1,1,85.0,76.0,69.42857142857143
2025-09-22,M02,Mie Goreng Ayam,66,0,0,1,60.0,59.0,67.14285714285714
2025-09-23,M02,Mie Goreng Ayam,49,0,0,1,66.0,71.0,68.14285714285714
2025-09-24,M02,Mie Goreng Ayam,66,0,0,1,49.0,80.0,65.0
2025-09-25,M02,Mie Goreng Ayam,57,0,0,0,66.0,48.0,63.0
2025-09-26,M02,Mie Goreng Ayam,48,0,0,1,57.0,67.0,64.28571428571429
2025-09-27,M02,Mie Goreng Ayam,95,0,1,0,48.0,85.0,61.57142857142857
2025-09-28,M02,Mie Goreng Ayam,97,0,1,0,95.0,60.0,63.0
2025-09-29,M02,Mie Goreng Ayam,67,0,0,0,97.0,66.0,68.28571428571429
2025-09-30,M02,Mie Goreng Ayam,76,0,0,0,67.0,49.0,68.42857142857143
2025-10-01,M02,Mie Goreng Ayam,53,0,0,1,76.0,66.0,72.28571428571429
2025-10-02,M02,Mie Goreng Ayam,54,0,0,1,53.0,57.0,70.42857142857143
2025-10-03,M02,Mie Goreng Ayam,68,0,0,0,54.0,48.0,70.0
2025-10-04,M02,Mie Goreng Ayam,67,0,1,1,68.0,95.0,72.85714285714286
2025-10-05,M02,Mie Goreng Ayam,91,0,1,0,67.0,97.0,68.85714285714286
2025-10-06,M02,Mie Goreng Ayam,55,0,0,0,91.0,67.0,68.0
2025-10-07,M02,Mie Goreng Ayam,57,0,0,0,55.0,76.0,66.28571428571429
2025-10-08,M02,Mie Goreng Ayam,57,0,0,0,57.0,53.0,63.57142857142857
2025-10-09,M02,Mie Goreng Ayam,80,0,0,0,57.0,54.0,64.14285714285714
2025-10-10,M02,Mie Goreng Ayam,65,0,0,1,80.0,68.0,67.85714285714286
2025-10-11,M02,Mie Goreng Ayam,94,0,1,1,65.0,67.0,67.42857142857143
2025-10-12,M02,Mie Goreng Ayam,72,1,1,0,94.0,91.0,71.28571428571429
2025-10-13,M02,Mie Goreng Ayam,51,1,0,0,72.0,55.0,68.57142857142857
2025-10-14,M02,Mie Goreng Ayam,76,0,0,1,51.0,57.0,68.0
2025-10-15,M02,Mie Goreng Ayam,65,0,0,1,76.0,57.0,70.71428571428571
2025-10-16,M02,Mie Goreng Ayam,76,0,0,0,65.0,80.0,71.85714285714286
2025-10-17,M02,Mie Goreng Ayam,48,1,0,1,76.0,65.0,71.28571428571429
2025-10-18,M02,Mie Goreng Ayam,69,0,1,1,48.0,94.0,68.85714285714286
2025-10-19,M02,Mie Goreng Ayam,93,0,1,0,69.0,72.0,65.28571428571429
2025-10-20,M02,Mie Goreng Ayam,63,0,0,0,93.0,51.0,68.28571428571429
2025-10-21,M02,Mie Goreng Ayam,41,0,0,1,63.0,76.0,70.0
2025-10-22,M02,Mie Goreng Ayam,54,0,0,1,41.0,65.0,65.0
2025-10-23,M02,Mie Goreng Ayam,59,0,0,0,54.0,76.0,63.42857142857143
2025-10-24,M02,Mie Goreng Ayam,99,0,0,0,59.0,48.0,61.0
2025-10-25,M02,Mie Goreng Ayam,65,1,1,1,99.0,69.0,68.28571428571429
2025-10-26,M02,Mie Goreng Ayam,75,0,1,1,65.0,93.0,67.71428571428571
2025-10-27,M02,Mie Goreng Ayam,78,0,0,0,75.0,63.0,65.14285714285714
2025-10-28,M02,Mie Goreng Ayam,75,0,0,0,78.0,41.0,67.28571428571429
2025-10-29,M02,Mie Goreng Ayam,87,0,0,0,75.0,54.0,72.14285714285714
2025-10-30,M02,Mie Goreng Ayam,94,0,0,0,87.0,59.0,76.85714285714286
2025-10-31,M02,Mie Goreng Ayam,63,0,0,0,94.0,99.0,81.85714285714286
2025-11-01,M02,Mie Goreng Ayam,82,0,1,0,63.0,65.0,76.71428571428571
2025-11-02,M02,Mie Goreng Ayam,99,0,1,1,82.0,75.0,79.14285714285714
2025-11-03,M02,Mie Goreng Ayam,78,0,0,0,99.0,78.0,82.57142857142857
2025-11-04,M02,Mie Goreng Ayam,62,0,0,0,78.0,75.0,82.57142857142857
2025-11-05,M02,Mie Goreng Ayam,63,0,0,1,62.0,87.0,80.71428571428571
2025-11-06,M02,Mie Goreng Ayam,84,0,0,0,63.0,94.0,77.28571428571429
2025-11-07,M02,Mie Goreng Ayam,69,0,0,0,84.0,63.0,75.85714285714286
2025-11-08,M02,Mie Goreng Ayam,91,0,1,0,69.0,82.0,76.71428571428571
2025-11-09,M02,Mie Goreng Ayam,72,0,1,0,91.0,99.0,78.0
2025-11-10,M02,Mie Goreng Ayam,63,0,0,0,72.0,78.0,74.14285714285714
2025-11-11,M02,Mie Goreng Ayam,67,0,0,0,63.0,62.0,72.0
2025-11-12,M02,Mie Goreng Ayam,74,0,0,0,67.0,63.0,72.71428571428571
2025-11-13,M02,Mie Goreng Ayam,65,0,0,0,74.0,84.0,74.28571428571429
2025-11-14,M02,Mie Goreng Ayam,73,0,0,1,65.0,69.0,71.57142857142857
2025-11-15,M02,Mie Goreng Ayam,82,0,1,0,73.0,91.0,72.14285714285714
2025-11-16,M02,Mie Goreng Ayam,89,0,1,0,82.0,72.0,70.85714285714286
2025-11-17,M02,Mie Goreng Ayam,52,0,0,1,89.0,63.0,73.28571428571429
2025-11-18,M02,Mie Goreng Ayam,70,0,0,1,52.0,67.0,71.71428571428571
2025-11-19,M02,Mie Goreng Ayam,75,0,0,0,70.0,74.0,72.14285714285714
2025-11-20,M02,Mie Goreng Ayam,84,0,0,0,75.0,65.0,72.28571428571429
2025-11-21,M02,Mie Goreng Ayam,76,0,0,0,84.0,73.0,75.0
2025-11-22,M02,Mie Goreng Ayam,83,0,1,1,76.0,82.0,75.42857142857143
2025-11-23,M02,Mie Goreng Ayam,67,0,1,1,83.0,89.0,75.57142857142857
2025-11-24,M02,Mie Goreng Ayam,65,0,0,1,67.0,52.0,72.42857142857143
2025-11-25,M02,Mie Goreng Ayam,79,0,0,1,65.0,70.0,74.28571428571429
2025-11-26,M02,Mie Goreng Ayam,65,0,0,0,79.0,75.0,75.57142857142857
2025-11-27,M02,Mie Goreng Ayam,76,0,0,0,65.0,84.0,74.14285714285714
2025-11-28,M02,Mie Goreng Ayam,60,1,0,0,76.0,76.0,73.0
2025-11-29,M02,Mie Goreng Ayam,83,0,1,0,60.0,83.0,70.71428571428571
2025-11-30,M02,Mie Goreng Ayam,109,0,1,0,83.0,67.0,70.71428571428571
2025-12-01,M02,Mie Goreng Ayam,59,0,0,1,109.0,65.0,76.71428571428571
2025-12-02,M02,Mie Goreng Ayam,75,0,0,0,59.0,79.0,75.85714285714286
2025-12-03,M02,Mie Goreng Ayam,71,0,0,0,75.0,65.0,75.28571428571429
2025-12-04,M02,Mie Goreng Ayam,66,0,0,0,71.0,76.0,76.14285714285714
2025-12-05,M02,Mie Goreng Ayam,46,1,0,1,66.0,60.0,74.71428571428571
2025-12-06,M02,Mie Goreng Ayam,54,1,1,1,46.0,83.0,72.71428571428571
2025-12-07,M02,Mie Goreng Ayam,89,0,1,0,54.0,109.0,68.57142857142857
2025-12-08,M02,Mie Goreng Ayam,65,0,0,0,89.0,59.0,65.71428571428571
2025-12-09,M02,Mie Goreng Ayam,65,0,0,0,65.0,75.0,66.57142857142857
2025-12-10,M02,Mie Goreng Ayam,66,0,0,0,65.0,71.0,65.14285714285714
2025-12-11,M02,Mie Goreng Ayam,61,0,0,1,66.0,66.0,64.42857142857143
2025-12-12,M02,Mie Goreng Ayam,69,0,0,0,61.0,46.0,63.714285714285715
2025-12-13,M02,Mie Goreng Ayam,95,0,1,0,69.0,54.0,67.0
2025-12-14,M02,Mie Goreng Ayam,72,0,1,1,95.0,89.0,72.85714285714286
2025-12-15,M02,Mie Goreng Ayam,52,0,0,0,72.0,65.0,70.42857142857143
2025-12-16,M02,Mie Goreng Ayam,57,0,0,0,52.0,65.0,68.57142857142857
2025-12-17,M02,Mie Goreng Ayam,72,0,0,0,57.0,66.0,67.42857142857143
2025-12-18,M02,Mie Goreng Ayam,48,1,0,0,72.0,61.0,68.28571428571429
2025-12-19,M02,Mie Goreng Ayam,62,0,0,0,48.0,69.0,66.42857142857143
2025-12-20,M02,Mie Goreng Ayam,67,0,1,1,62.0,95.0,65.42857142857143
2025-12-21,M02,Mie Goreng Ayam,96,0,1,0,67.0,72.0,61.42857142857143
2025-12-22,M02,Mie Goreng Ayam,50,1,0,0,96.0,52.0,64.85714285714286
2025-12-23,M02,Mie Goreng Ayam,63,0,0,0,50.0,57.0,64.57142857142857
2025-12-24,M02,Mie Goreng Ayam,66,0,0,0,63.0,72.0,65.42857142857143
2025-12-25,M02,Mie Goreng Ayam,75,0,0,0,66.0,48.0,64.57142857142857
2025-12-26,M02,Mie Goreng Ayam,67,0,0,0,75.0,62.0,68.42857142857143
2025-12-27,M02,Mie Goreng Ayam,62,0,1,1,67.0,67.0,69.14285714285714
2025-12-28,M02,Mie Goreng Ayam,71,0,1,1,62.0,96.0,68.42857142857143
2025-12-29,M02,Mie Goreng Ayam,60,0,0,1,71.0,50.0,64.85714285714286
2025-12-30,M02,Mie Goreng Ayam,71,0,0,0,60.0,63.0,66.28571428571429
2025-12-31,M02,Mie Goreng Ayam,50,0,0,1,71.0,66.0,67.42857142857143
2026-01-01,M02,Mie Goreng Ayam,60,1,0,0,50.0,75.0,65.14285714285714
2026-01-02,M02,Mie Goreng Ayam,59,1,0,0,60.0,67.0,63.0
2026-01-03,M02,Mie Goreng Ayam,93,0,1,0,59.0,62.0,61.857142857142854
2026-01-04,M02,Mie Goreng Ayam,71,1,1,0,93.0,71.0,66.28571428571429
2026-01-05,M02,Mie Goreng Ayam,48,0,0,1,71.0,60.0,66.28571428571429
2026-01-06,M02,Mie Goreng Ayam,64,0,0,0,48.0,71.0,64.57142857142857
2026-01-07,M02,Mie Goreng Ayam,87,0,0,0,64.0,50.0,63.57142857142857
2026-01-08,M02,Mie Goreng Ayam,79,0,0,0,87.0,60.0,68.85714285714286
2026-01-09,M02,Mie Goreng Ayam,78,0,0,0,79.0,59.0,71.57142857142857
2026-01-10,M02,Mie Goreng Ayam,106,0,1,0,78.0,93.0,74.28571428571429
2026-01-11,M02,Mie Goreng Ayam,96,0,1,0,106.0,71.0,76.14285714285714
2026-01-12,M02,Mie Goreng Ayam,65,0,0,0,96.0,48.0,79.71428571428571
2026-01-13,M02,Mie Goreng Ayam,80,0,0,0,65.0,64.0,82.14285714285714
2026-01-14,M02,Mie Goreng Ayam,44,0,0,1,80.0,87.0,84.42857142857143
2026-01-15,M02,Mie Goreng Ayam,74,0,0,0,44.0,79.0,78.28571428571429
2026-01-16,M02,Mie Goreng Ayam,54,0,0,1,74.0,78.0,77.57142857142857
2026-01-17,M02,Mie Goreng Ayam,91,0,1,0,54.0,106.0,74.14285714285714
2026-01-18,M02,Mie Goreng Ayam,85,0,1,0,91.0,96.0,72.0
2026-01-19,M02,Mie Goreng Ayam,74,0,0,0,85.0,65.0,70.42857142857143
2026-01-20,M02,Mie Goreng Ayam,64,0,0,0,74.0,80.0,71.71428571428571
2026-01-21,M02,Mie Goreng Ayam,67,0,0,0,64.0,44.0,69.42857142857143
2026-01-22,M02,Mie Goreng Ayam,61,0,0,1,67.0,74.0,72.71428571428571
2026-01-23,M02,Mie Goreng Ayam,63,0,0,1,61.0,54.0,70.85714285714286
2026-01-24,M02,Mie Goreng Ayam,53,1,1,0,63.0,91.0,72.14285714285714
2026-01-25,M02,Mie Goreng Ayam,50,0,1,1,53.0,85.0,66.71428571428571
2026-01-26,M02,Mie Goreng Ayam,69,0,0,0,50.0,74.0,61.714285714285715
2026-01-27,M02,Mie Goreng Ayam,48,1,0,0,69.0,64.0,61.0
2026-01-28,M02,Mie Goreng Ayam,57,0,0,0,48.0,67.0,58.714285714285715
2026-01-29,M02,Mie Goreng Ayam,66,0,0,0,57.0,61.0,57.285714285714285
2026-01-30,M02,Mie Goreng Ayam,65,0,0,0,66.0,63.0,58.0
2026-01-31,M02,Mie Goreng Ayam,54,1,1,1,65.0,53.0,58.285714285714285
2026-02-01,M02,Mie Goreng Ayam,91,0,1,0,54.0,50.0,58.42857142857143
2026-02-02,M02,Mie Goreng Ayam,48,1,0,0,91.0,69.0,64.28571428571429
2026-02-03,M02,Mie Goreng Ayam,78,0,0,0,48.0,48.0,61.285714285714285
2026-02-04,M02,Mie Goreng Ayam,66,0,0,1,78.0,57.0,65.57142857142857
2026-02-05,M02,Mie Goreng Ayam,40,0,0,0,66.0,66.0,66.85714285714286
2026-02-06,M02,Mie Goreng Ayam,58,0,0,0,40.0,65.0,63.142857142857146
2026-02-07,M02,Mie Goreng Ayam,87,0,1,0,58.0,54.0,62.142857142857146
2026-02-08,M02,Mie Goreng Ayam,79,0,1,0,87.0,91.0,66.85714285714286
2026-02-09,M02,Mie Goreng Ayam,79,0,0,0,79.0,48.0,65.14285714285714
2026-02-10,M02,Mie Goreng Ayam,63,0,0,0,79.0,78.0,69.57142857142857
2026-02-11,M02,Mie Goreng Ayam,78,0,0,0,63.0,66.0,67.42857142857143
2026-02-12,M02,Mie Goreng Ayam,87,0,0,0,78.0,40.0,69.14285714285714
2026-02-13,M02,Mie Goreng Ayam,61,0,0,1,87.0,58.0,75.85714285714286
2026-02-14,M02,Mie Goreng Ayam,70,0,1,1,61.0,87.0,76.28571428571429
2026-02-15,M02,Mie Goreng Ayam,98,0,1,0,70.0,79.0,73.85714285714286
2026-02-16,M02,Mie Goreng Ayam,49,0,0,1,98.0,79.0,76.57142857142857
2026-02-17,M02,Mie Goreng Ayam,61,0,0,0,49.0,63.0,72.28571428571429
2026-02-18,M02,Mie Goreng Ayam,69,0,0,0,61.0,78.0,72.0
2026-02-19,M02,Mie Goreng Ayam,60,1,0,0,69.0,87.0,70.71428571428571
2026-02-20,M02,Mie Goreng Ayam,79,0,0,1,60.0,61.0,66.85714285714286
2026-02-21,M02,Mie Goreng Ayam,81,0,1,1,79.0,70.0,69.42857142857143
2026-02-22,M02,Mie Goreng Ayam,92,0,1,0,81.0,98.0,71.0
2026-02-23,M02,Mie Goreng Ayam,81,0,0,0,92.0,49.0,70.14285714285714
2026-02-24,M02,Mie Goreng Ayam,47,0,0,1,81.0,61.0,74.71428571428571
2026-02-25,M02,Mie Goreng Ayam,50,0,0,1,47.0,69.0,72.71428571428571
2026-02-26,M02,Mie Goreng Ayam,97,0,0,0,50.0,60.0,70.0
2026-02-27,M02,Mie Goreng Ayam,63,0,0,0,97.0,79.0,75.28571428571429
2026-02-28,M02,Mie Goreng Ayam,91,0,1,0,63.0,81.0,73.0
2026-03-01,M02,Mie Goreng Ayam,79,0,1,0,91.0,92.0,74.42857142857143
2026-03-02,M02,Mie Goreng Ayam,77,0,0,0,79.0,81.0,72.57142857142857
2026-03-03,M02,Mie Goreng Ayam,90,0,0,0,77.0,47.0,72.0
2026-03-04,M02,Mie Goreng Ayam,63,0,0,0,90.0,50.0,78.14285714285714
2026-03-05,M02,Mie Goreng Ayam,69,0,0,0,63.0,97.0,80.0
2026-03-06,M02,Mie Goreng Ayam,72,0,0,0,69.0,63.0,76.0
2026-03-07,M02,Mie Goreng Ayam,96,0,1,0,72.0,91.0,77.28571428571429
2026-03-08,M02,Mie Goreng Ayam,89,0,1,0,96.0,79.0,78.0
2026-03-09,M02,Mie Goreng Ayam,66,0,0,1,89.0,77.0,79.42857142857143
2026-03-10,M02,Mie Goreng Ayam,73,0,0,0,66.0,90.0,77.85714285714286
2026-03-11,M02,Mie Goreng Ayam,47,0,0,1,73.0,63.0,75.42857142857143
2026-03-12,M02,Mie Goreng Ayam,58,0,0,0,47.0,69.0,73.14285714285714
2026-03-13,M02,Mie Goreng Ayam,84,0,0,0,58.0,72.0,71.57142857142857
2026-03-14,M02,Mie Goreng Ayam,87,0,1,0,84.0,96.0,73.28571428571429
2026-03-15,M02,Mie Goreng Ayam,88,0,1,1,87.0,89.0,72.0
2026-03-16,M02,Mie Goreng Ayam,78,0,0,0,88.0,66.0,71.85714285714286
2026-03-17,M02,Mie Goreng Ayam,75,0,0,0,78.0,73.0,73.57142857142857
2026-03-18,M02,Mie Goreng Ayam,74,0,0,0,75.0,47.0,73.85714285714286
2026-03-19,M02,Mie Goreng Ayam,76,0,0,0,74.0,58.0,77.71428571428571
2026-03-20,M02,Mie Goreng Ayam,67,0,0,1,76.0,84.0,80.28571428571429
2026-03-21,M02,Mie Goreng Ayam,78,0,1,0,67.0,87.0,77.85714285714286
2026-03-22,M02,Mie Goreng Ayam,89,0,1,1,78.0,88.0,76.57142857142857
2026-03-23,M02,Mie Goreng Ayam,64,0,0,1,89.0,78.0,76.71428571428571
2026-03-24,M02,Mie Goreng Ayam,89,0,0,0,64.0,75.0,74.71428571428571
2026-03-25,M02,Mie Goreng Ayam,68,0,0,0,89.0,74.0,76.71428571428571
2026-03-26,M02,Mie Goreng Ayam,68,0,0,0,68.0,76.0,75.85714285714286
2026-03-27,M02,Mie Goreng Ayam,86,0,0,0,68.0,67.0,74.71428571428571
2026-03-28,M02,Mie Goreng Ayam,62,1,1,1,86.0,78.0,77.42857142857143
2026-03-29,M02,Mie Goreng Ayam,91,0,1,0,62.0,89.0,75.14285714285714
2026-03-30,M02,Mie Goreng Ayam,60,0,0,1,91.0,64.0,75.42857142857143
2026-03-31,M02,Mie Goreng Ayam,66,0,0,0,60.0,89.0,74.85714285714286
2026-04-01,M02,Mie Goreng Ayam,75,0,0,0,66.0,68.0,71.57142857142857
2026-04-02,M02,Mie Goreng Ayam,75,0,0,0,75.0,68.0,72.57142857142857
2026-04-03,M02,Mie Goreng Ayam,42,1,0,0,75.0,86.0,73.57142857142857
2026-04-04,M02,Mie Goreng Ayam,94,0,1,0,42.0,62.0,67.28571428571429
2026-04-05,M02,Mie Goreng Ayam,106,0,1,0,94.0,91.0,71.85714285714286
2026-04-06,M02,Mie Goreng Ayam,82,0,0,0,106.0,60.0,74.0
2026-04-07,M02,Mie Goreng Ayam,51,0,0,1,82.0,66.0,77.14285714285714
2026-04-08,M02,Mie Goreng Ayam,84,0,0,0,51.0,75.0,75.0
2026-04-09,M02,Mie Goreng Ayam,73,0,0,0,84.0,75.0,76.28571428571429
2026-04-10,M02,Mie Goreng Ayam,83,0,0,0,73.0,42.0,76.0
2026-04-11,M02,Mie Goreng Ayam,84,0,1,0,83.0,94.0,81.85714285714286
2026-04-12,M02,Mie Goreng Ayam,97,0,1,0,84.0,106.0,80.42857142857143
2026-04-13,M02,Mie Goreng Ayam,91,0,0,0,97.0,82.0,79.14285714285714
2026-04-14,M02,Mie Goreng Ayam,61,0,0,1,91.0,51.0,80.42857142857143
2026-04-15,M02,Mie Goreng Ayam,67,0,0,1,61.0,84.0,81.85714285714286
2026-04-16,M02,Mie Goreng Ayam,89,0,0,0,67.0,73.0,79.42857142857143
2026-04-17,M02,Mie Goreng Ayam,70,0,0,0,89.0,83.0,81.71428571428571
2026-04-18,M02,Mie Goreng Ayam,100,0,1,1,70.0,84.0,79.85714285714286
2026-04-19,M02,Mie Goreng Ayam,73,0,1,1,100.0,97.0,82.14285714285714
2026-04-20,M02,Mie Goreng Ayam,90,0,0,0,73.0,91.0,78.71428571428571
2026-04-21,M02,Mie Goreng Ayam,31,1,0,1,90.0,61.0,78.57142857142857
2026-04-22,M02,Mie Goreng Ayam,49,0,0,1,31.0,67.0,74.28571428571429
2026-04-23,M02,Mie Goreng Ayam,55,0,0,0,49.0,89.0,71.71428571428571
2026-04-24,M02,Mie Goreng Ayam,56,1,0,0,55.0,70.0,66.85714285714286
2026-04-25,M02,Mie Goreng Ayam,65,0,1,1,56.0,100.0,64.85714285714286
2026-04-26,M02,Mie Goreng Ayam,85,0,1,1,65.0,73.0,59.857142857142854
2026-04-27,M02,Mie Goreng Ayam,71,0,0,0,85.0,90.0,61.57142857142857
2026-04-28,M02,Mie Goreng Ayam,73,0,0,0,71.0,31.0,58.857142857142854
2026-04-29,M02,Mie Goreng Ayam,57,1,0,0,73.0,49.0,64.85714285714286
2026-04-30,M02,Mie Goreng Ayam,48,0,0,1,57.0,55.0,66.0
2026-05-01,M02,Mie Goreng Ayam,88,0,0,0,48.0,56.0,65.0
2026-05-02,M02,Mie Goreng Ayam,115,0,1,0,88.0,65.0,69.57142857142857
2026-05-03,M02,Mie Goreng Ayam,80,0,1,1,115.0,85.0,76.71428571428571
2026-05-04,M02,Mie Goreng Ayam,68,0,0,1,80.0,71.0,76.0
2026-05-05,M02,Mie Goreng Ayam,57,1,0,0,68.0,73.0,75.57142857142857
2026-05-06,M02,Mie Goreng Ayam,74,0,0,0,57.0,57.0,73.28571428571429
2026-05-07,M02,Mie Goreng Ayam,79,0,0,0,74.0,48.0,75.71428571428571
2026-05-08,M02,Mie Goreng Ayam,79,0,0,0,79.0,88.0,80.14285714285714
2026-05-09,M02,Mie Goreng Ayam,72,0,1,1,79.0,115.0,78.85714285714286
2026-05-10,M02,Mie Goreng Ayam,98,0,1,0,72.0,80.0,72.71428571428571
2026-05-11,M02,Mie Goreng Ayam,48,1,0,0,98.0,68.0,75.28571428571429
2026-05-12,M02,Mie Goreng Ayam,73,0,0,0,48.0,57.0,72.42857142857143
2026-05-13,M02,Mie Goreng Ayam,55,0,0,0,73.0,74.0,74.71428571428571
2026-05-14,M02,Mie Goreng Ayam,71,0,0,0,55.0,79.0,72.0
2026-05-15,M02,Mie Goreng Ayam,85,0,0,0,71.0,79.0,70.85714285714286
2026-05-16,M02,Mie Goreng Ayam,67,0,1,1,85.0,72.0,71.71428571428571
2026-05-17,M02,Mie Goreng Ayam,101,0,1,0,67.0,98.0,71.0
2026-05-18,M02,Mie Goreng Ayam,52,0,0,0,101.0,48.0,71.42857142857143
2026-05-19,M02,Mie Goreng Ayam,68,0,0,1,52.0,73.0,72.0
2026-05-20,M02,Mie Goreng Ayam,73,0,0,0,68.0,55.0,71.28571428571429
2026-05-21,M02,Mie Goreng Ayam,54,0,0,1,73.0,71.0,73.85714285714286
2026-05-22,M02,Mie Goreng Ayam,68,0,0,0,54.0,85.0,71.42857142857143
2026-05-23,M02,Mie Goreng Ayam,68,0,1,0,68.0,67.0,69.0
2026-05-24,M02,Mie Goreng Ayam,67,0,1,1,68.0,101.0,69.14285714285714
2026-05-25,M02,Mie Goreng Ayam,51,1,0,0,67.0,52.0,64.28571428571429
2026-05-26,M02,Mie Goreng Ayam,49,1,0,0,51.0,68.0,64.14285714285714
2026-05-27,M02,Mie Goreng Ayam,44,0,0,1,49.0,73.0,61.42857142857143
2026-05-28,M02,Mie Goreng Ayam,80,0,0,0,44.0,54.0,57.285714285714285
2026-05-29,M02,Mie Goreng Ayam,81,0,0,0,80.0,68.0,61.0
2026-05-30,M02,Mie Goreng Ayam,101,0,1,0,81.0,68.0,62.857142857142854
2026-05-31,M02,Mie Goreng Ayam,85,0,1,1,101.0,67.0,67.57142857142857
2026-06-01,M02,Mie Goreng Ayam,62,0,0,0,85.0,51.0,70.14285714285714
2026-06-02,M02,Mie Goreng Ayam,51,1,0,0,62.0,49.0,71.71428571428571
2026-06-03,M02,Mie Goreng Ayam,45,0,0,1,51.0,44.0,72.0
2026-06-04,M02,Mie Goreng Ayam,47,1,0,0,45.0,80.0,72.14285714285714
2026-06-05,M02,Mie Goreng Ayam,54,0,0,0,47.0,81.0,67.42857142857143
2026-06-06,M02,Mie Goreng Ayam,89,0,1,0,54.0,101.0,63.57142857142857
2026-06-07,M02,Mie Goreng Ayam,69,0,1,1,89.0,85.0,61.857142857142854
2026-06-08,M02,Mie Goreng Ayam,65,0,0,1,69.0,62.0,59.57142857142857
2026-06-09,M02,Mie Goreng Ayam,86,0,0,0,65.0,51.0,60.0
2026-06-10,M02,Mie Goreng Ayam,86,0,0,0,86.0,45.0,65.0
2026-06-11,M02,Mie Goreng Ayam,58,0,0,1,86.0,47.0,70.85714285714286
2026-06-12,M02,Mie Goreng Ayam,78,0,0,0,58.0,54.0,72.42857142857143
2026-06-13,M02,Mie Goreng Ayam,97,0,1,0,78.0,89.0,75.85714285714286
2026-06-14,M02,Mie Goreng Ayam,85,0,1,1,97.0,69.0,77.0
2026-06-15,M02,Mie Goreng Ayam,65,0,0,0,85.0,65.0,79.28571428571429
2026-06-16,M02,Mie Goreng Ayam,63,0,0,1,65.0,86.0,79.28571428571429
2026-06-17,M02,Mie Goreng Ayam,69,0,0,0,63.0,86.0,76.0
2026-06-18,M02,Mie Goreng Ayam,51,1,0,0,69.0,58.0,73.57142857142857
2026-06-19,M02,Mie Goreng Ayam,62,0,0,1,51.0,78.0,72.57142857142857
2026-06-20,M02,Mie Goreng Ayam,76,0,1,0,62.0,97.0,70.28571428571429
2026-06-21,M02,Mie Goreng Ayam,104,0,1,0,76.0,85.0,67.28571428571429
2026-06-22,M02,Mie Goreng Ayam,70,0,0,0,104.0,65.0,70.0
2026-06-23,M02,Mie Goreng Ayam,37,1,0,0,70.0,63.0,70.71428571428571
2026-06-24,M02,Mie Goreng Ayam,61,0,0,0,37.0,69.0,67.0
2026-06-25,M02,Mie Goreng Ayam,45,1,0,0,61.0,51.0,65.85714285714286
2026-06-26,M02,Mie Goreng Ayam,54,0,0,0,45.0,62.0,65.0
2026-06-27,M02,Mie Goreng Ayam,67,0,1,1,54.0,76.0,63.857142857142854
2026-06-28,M02,Mie Goreng Ayam,75,0,1,1,67.0,104.0,62.57142857142857
2026-06-29,M02,Mie Goreng Ayam,63,0,0,0,75.0,70.0,58.42857142857143
2026-06-30,M02,Mie Goreng Ayam,69,0,0,1,63.0,37.0,57.42857142857143
2026-07-01,M02,Mie Goreng Ayam,64,0,0,1,69.0,61.0,62.0
2026-07-02,M02,Mie Goreng Ayam,81,0,0,1,64.0,45.0,62.42857142857143
2026-07-03,M02,Mie Goreng Ayam,68,0,0,0,81.0,54.0,67.57142857142857
2026-07-04,M02,Mie Goreng Ayam,98,0,1,0,68.0,67.0,69.57142857142857
2026-07-05,M02,Mie Goreng Ayam,81,0,1,0,98.0,75.0,74.0
2026-07-06,M02,Mie Goreng Ayam,70,0,0,1,81.0,63.0,74.85714285714286
2026-07-07,M02,Mie Goreng Ayam,66,0,0,0,70.0,69.0,75.85714285714286
2026-07-08,M02,Mie Goreng Ayam,66,0,0,0,66.0,64.0,75.42857142857143
2026-07-09,M02,Mie Goreng Ayam,78,0,0,0,66.0,81.0,75.71428571428571
2026-07-10,M02,Mie Goreng Ayam,55,1,0,0,78.0,68.0,75.28571428571429
2026-07-11,M02,Mie Goreng Ayam,83,0,1,1,55.0,98.0,73.42857142857143
2026-07-12,M02,Mie Goreng Ayam,80,0,1,0,83.0,81.0,71.28571428571429
2026-07-13,M02,Mie Goreng Ayam,70,0,0,1,80.0,70.0,71.14285714285714
2026-07-14,M02,Mie Goreng Ayam,77,0,0,0,70.0,66.0,71.14285714285714
2026-07-15,M02,Mie Goreng Ayam,79,0,0,0,77.0,66.0,72.71428571428571
2026-07-16,M02,Mie Goreng Ayam,63,0,0,0,79.0,78.0,74.57142857142857
2026-07-17,M02,Mie Goreng Ayam,68,0,0,1,63.0,55.0,72.42857142857143
2026-07-18,M02,Mie Goreng Ayam,88,0,1,1,68.0,83.0,74.28571428571429
2026-07-19,M02,Mie Goreng Ayam,96,0,1,0,88.0,80.0,75.0
2026-07-20,M02,Mie Goreng Ayam,60,0,0,1,96.0,70.0,77.28571428571429
2026-07-21,M02,Mie Goreng Ayam,54,0,0,0,60.0,77.0,75.85714285714286
2026-07-22,M02,Mie Goreng Ayam,58,0,0,1,54.0,79.0,72.57142857142857
2026-07-23,M02,Mie Goreng Ayam,65,0,0,0,58.0,63.0,69.57142857142857
2026-07-24,M02,Mie Goreng Ayam,79,0,0,0,65.0,68.0,69.85714285714286
2026-07-25,M02,Mie Goreng Ayam,60,0,1,0,79.0,88.0,71.42857142857143
2026-07-26,M02,Mie Goreng Ayam,97,0,1,0,60.0,96.0,67.42857142857143
2026-07-27,M02,Mie Goreng Ayam,61,0,0,0,97.0,60.0,67.57142857142857
2026-07-28,M02,Mie Goreng Ayam,47,1,0,1,61.0,54.0,67.71428571428571
2026-07-29,M02,Mie Goreng Ayam,73,0,0,0,47.0,58.0,66.71428571428571
2026-07-30,M02,Mie Goreng Ayam,69,0,0,0,73.0,65.0,68.85714285714286
2026-07-31,M02,Mie Goreng Ayam,63,0,0,0,69.0,79.0,69.42857142857143
2026-08-01,M02,Mie Goreng Ayam,106,0,1,0,63.0,60.0,67.14285714285714
2026-08-02,M02,Mie Goreng Ayam,92,0,1,0,106.0,97.0,73.71428571428571
2026-08-03,M02,Mie Goreng Ayam,71,0,0,0,92.0,61.0,73.0
2026-08-04,M02,Mie Goreng Ayam,57,1,0,0,71.0,47.0,74.42857142857143
2026-08-05,M02,Mie Goreng Ayam,72,0,0,0,57.0,73.0,75.85714285714286
2026-08-06,M02,Mie Goreng Ayam,48,1,0,0,72.0,69.0,75.71428571428571
2026-08-07,M02,Mie Goreng Ayam,70,0,0,0,48.0,63.0,72.71428571428571
2026-08-08,M02,Mie Goreng Ayam,106,0,1,0,70.0,106.0,73.71428571428571
2026-08-09,M02,Mie Goreng Ayam,103,0,1,0,106.0,92.0,73.71428571428571
2026-08-10,M02,Mie Goreng Ayam,60,0,0,0,103.0,71.0,75.28571428571429
2026-08-11,M02,Mie Goreng Ayam,35,1,0,1,60.0,57.0,73.71428571428571
2026-08-12,M02,Mie Goreng Ayam,55,0,0,1,35.0,72.0,70.57142857142857
2026-08-13,M02,Mie Goreng Ayam,60,0,0,0,55.0,48.0,68.14285714285714
2026-08-14,M02,Mie Goreng Ayam,76,0,0,0,60.0,70.0,69.85714285714286
2026-08-15,M02,Mie Goreng Ayam,106,0,1,0,76.0,106.0,70.71428571428571
2026-08-16,M02,Mie Goreng Ayam,84,0,1,0,106.0,103.0,70.71428571428571
2026-08-17,M02,Mie Goreng Ayam,56,0,0,0,84.0,60.0,68.0
2026-08-18,M02,Mie Goreng Ayam,61,0,0,1,56.0,35.0,67.42857142857143
2026-08-19,M02,Mie Goreng Ayam,74,0,0,0,61.0,55.0,71.14285714285714
2026-08-20,M02,Mie Goreng Ayam,52,0,0,0,74.0,60.0,73.85714285714286
2026-08-21,M02,Mie Goreng Ayam,74,0,0,0,52.0,76.0,72.71428571428571
2026-08-22,M02,Mie Goreng Ayam,92,0,1,0,74.0,106.0,72.42857142857143
2026-08-23,M02,Mie Goreng Ayam,63,1,1,0,92.0,84.0,70.42857142857143
2026-08-24,M02,Mie Goreng Ayam,78,0,0,0,63.0,56.0,67.42857142857143
2026-08-25,M02,Mie Goreng Ayam,68,0,0,0,78.0,61.0,70.57142857142857
2026-08-26,M02,Mie Goreng Ayam,64,0,0,1,68.0,74.0,71.57142857142857
2026-08-27,M02,Mie Goreng Ayam,69,0,0,0,64.0,52.0,70.14285714285714
2026-08-28,M02,Mie Goreng Ayam,72,0,0,0,69.0,74.0,72.57142857142857
2026-08-29,M02,Mie Goreng Ayam,93,0,1,0,72.0,92.0,72.28571428571429
2026-08-30,M02,Mie Goreng Ayam,94,0,1,0,93.0,63.0,72.42857142857143
2024-09-17,M03,Es Teh Manis,109,0,0,1,139.0,152.0,156.0
2024-09-18,M03,Es Teh Manis,147,0,0,0,109.0,155.0,149.85714285714286
2024-09-19,M03,Es Teh Manis,125,0,0,1,147.0,145.0,148.71428571428572
2024-09-20,M03,Es Teh Manis,137,0,0,1,125.0,135.0,145.85714285714286
2024-09-21,M03,Es Teh Manis,173,0,1,1,137.0,184.0,146.14285714285714
2024-09-22,M03,Es Teh Manis,189,0,1,0,173.0,182.0,144.57142857142858
2024-09-23,M03,Es Teh Manis,144,0,0,0,189.0,139.0,145.57142857142858
2024-09-24,M03,Es Teh Manis,163,0,0,0,144.0,109.0,146.28571428571428
2024-09-25,M03,Es Teh Manis,135,0,0,0,163.0,147.0,154.0
2024-09-26,M03,Es Teh Manis,154,0,0,0,135.0,125.0,152.28571428571428
2024-09-27,M03,Es Teh Manis,149,0,0,0,154.0,137.0,156.42857142857142
2024-09-28,M03,Es Teh Manis,188,0,1,0,149.0,173.0,158.14285714285714
2024-09-29,M03,Es Teh Manis,154,0,1,1,188.0,189.0,160.28571428571428
2024-09-30,M03,Es Teh Manis,164,0,0,0,154.0,144.0,155.28571428571428
2024-10-01,M03,Es Teh Manis,144,0,0,0,164.0,163.0,158.14285714285714
2024-10-02,M03,Es Teh Manis,155,0,0,0,144.0,135.0,155.42857142857142
2024-10-03,M03,Es Teh Manis,124,0,0,1,155.0,154.0,158.28571428571428
2024-10-04,M03,Es Teh Manis,146,0,0,0,124.0,149.0,154.0
2024-10-05,M03,Es Teh Manis,152,0,1,1,146.0,188.0,153.57142857142858
2024-10-06,M03,Es Teh Manis,168,0,1,1,152.0,154.0,148.42857142857142
2024-10-07,M03,Es Teh Manis,154,0,0,0,168.0,164.0,150.42857142857142
2024-10-08,M03,Es Teh Manis,131,0,0,1,154.0,144.0,149.0
2024-10-09,M03,Es Teh Manis,141,0,0,0,131.0,155.0,147.14285714285714
2024-10-10,M03,Es Teh Manis,113,0,0,1,141.0,124.0,145.14285714285714
2024-10-11,M03,Es Teh Manis,115,1,0,0,113.0,146.0,143.57142857142858
2024-10-12,M03,Es Teh Manis,161,0,1,1,115.0,152.0,139.14285714285714
2024-10-13,M03,Es Teh Manis,153,0,1,1,161.0,168.0,140.42857142857142
2024-10-14,M03,Es Teh Manis,160,0,0,0,153.0,154.0,138.28571428571428
2024-10-15,M03,Es Teh Manis,140,0,0,0,160.0,131.0,139.14285714285714
2024-10-16,M03,Es Teh Manis,140,0,0,1,140.0,141.0,140.42857142857142
2024-10-17,M03,Es Teh Manis,125,0,0,1,140.0,113.0,140.28571428571428
2024-10-18,M03,Es Teh Manis,141,0,0,0,125.0,115.0,142.0
2024-10-19,M03,Es Teh Manis,167,0,1,1,141.0,161.0,145.71428571428572
2024-10-20,M03,Es Teh Manis,205,0,1,0,167.0,153.0,146.57142857142858
2024-10-21,M03,Es Teh Manis,158,0,0,0,205.0,160.0,154.0
2024-10-22,M03,Es Teh Manis,153,0,0,0,158.0,140.0,153.71428571428572
2024-10-23,M03,Es Teh Manis,142,0,0,0,153.0,140.0,155.57142857142858
2024-10-24,M03,Es Teh Manis,137,0,0,0,142.0,125.0,155.85714285714286
2024-10-25,M03,Es Teh Manis,151,0,0,0,137.0,141.0,157.57142857142858
2024-10-26,M03,Es Teh Manis,192,0,1,0,151.0,167.0,159.0
2024-10-27,M03,Es Teh Manis,153,0,1,1,192.0,205.0,162.57142857142858
2024-10-28,M03,Es Teh Manis,122,0,0,1,153.0,158.0,155.14285714285714
2024-10-29,M03,Es Teh Manis,135,0,0,1,122.0,153.0,150.0
2024-10-30,M03,Es Teh Manis,155,0,0,0,135.0,142.0,147.42857142857142
2024-10-31,M03,Es Teh Manis,90,1,0,1,155.0,137.0,149.28571428571428
2024-11-01,M03,Es Teh Manis,127,0,0,1,90.0,151.0,142.57142857142858
2024-11-02,M03,Es Teh Manis,193,0,1,0,127.0,192.0,139.14285714285714
2024-11-03,M03,Es Teh Manis,202,0,1,0,193.0,153.0,139.28571428571428
2024-11-04,M03,Es Teh Manis,143,0,0,0,202.0,122.0,146.28571428571428
2024-11-05,M03,Es Teh Manis,145,0,0,0,143.0,135.0,149.28571428571428
2024-11-06,M03,Es Teh Manis,84,1,0,1,145.0,155.0,150.71428571428572
2024-11-07,M03,Es Teh Manis,80,1,0,1,84.0,90.0,140.57142857142858
2024-11-08,M03,Es Teh Manis,147,0,0,0,80.0,127.0,139.14285714285714
2024-11-09,M03,Es Teh Manis,180,0,1,0,147.0,193.0,142.0
2024-11-10,M03,Es Teh Manis,195,0,1,0,180.0,202.0,140.14285714285714
2024-11-11,M03,Es Teh Manis,104,1,0,1,195.0,143.0,139.14285714285714
2024-11-12,M03,Es Teh Manis,141,0,0,0,104.0,145.0,133.57142857142858
2024-11-13,M03,Es Teh Manis,130,0,0,0,141.0,84.0,133.0
2024-11-14,M03,Es Teh Manis,168,0,0,0,130.0,80.0,139.57142857142858
2024-11-15,M03,Es Teh Manis,152,0,0,0,168.0,147.0,152.14285714285714
2024-11-16,M03,Es Teh Manis,178,0,1,1,152.0,180.0,152.85714285714286
2024-11-17,M03,Es Teh Manis,157,1,1,0,178.0,195.0,152.57142857142858
2024-11-18,M03,Es Teh Manis,126,0,0,1,157.0,104.0,147.14285714285714
2024-11-19,M03,Es Teh Manis,152,0,0,0,126.0,141.0,150.28571428571428
2024-11-20,M03,Es Teh Manis,167,0,0,0,152.0,130.0,151.85714285714286
2024-11-21,M03,Es Teh Manis,132,0,0,0,167.0,168.0,157.14285714285714
2024-11-22,M03,Es Teh Manis,128,0,0,1,132.0,152.0,152.0
2024-11-23,M03,Es Teh Manis,165,0,1,1,128.0,178.0,148.57142857142858
2024-11-24,M03,Es Teh Manis,185,0,1,0,165.0,157.0,146.71428571428572
2024-11-25,M03,Es Teh Manis,119,0,0,1,185.0,126.0,150.71428571428572
2024-11-26,M03,Es Teh Manis,138,0,0,0,119.0,152.0,149.71428571428572
2024-11-27,M03,Es Teh Manis,158,0,0,0,138.0,167.0,147.71428571428572
2024-11-28,M03,Es Teh Manis,126,0,0,0,158.0,132.0,146.42857142857142
2024-11-29,M03,Es Teh Manis,140,0,0,0,126.0,128.0,145.57142857142858
2024-11-30,M03,Es Teh Manis,180,0,1,0,140.0,165.0,147.28571428571428
2024-12-01,M03,Es Teh Manis,205,0,1,0,180.0,185.0,149.42857142857142
2024-12-02,M03,Es Teh Manis,155,0,0,0,205.0,119.0,152.28571428571428
2024-12-03,M03,Es Teh Manis,150,0,0,0,155.0,138.0,157.42857142857142
2024-12-04,M03,Es Teh Manis,145,0,0,0,150.0,158.0,159.14285714285714
2024-12-05,M03,Es Teh Manis,153,0,0,0,145.0,126.0,157.28571428571428
2024-12-06,M03,Es Teh Manis,117,0,0,1,153.0,140.0,161.14285714285714
2024-12-07,M03,Es Teh Manis,197,0,1,0,117.0,180.0,157.85714285714286
2024-12-08,M03,Es Teh Manis,178,0,1,0,197.0,205.0,160.28571428571428
2024-12-09,M03,Es Teh Manis,143,0,0,0,178.0,155.0,156.42857142857142
2024-12-10,M03,Es Teh Manis,89,1,0,1,143.0,150.0,154.71428571428572
2024-12-11,M03,Es Teh Manis,132,0,0,1,89.0,145.0,146.0
2024-12-12,M03,Es Teh Manis,145,0,0,0,132.0,153.0,144.14285714285714
2024-12-13,M03,Es Teh Manis,147,0,0,0,145.0,117.0,143.0
2024-12-14,M03,Es Teh Manis,211,0,1,0,147.0,197.0,147.28571428571428
2024-12-15,M03,Es Teh Manis,196,0,1,0,211.0,178.0,149.28571428571428
2024-12-16,M03,Es Teh Manis,172,0,0,0,196.0,143.0,151.85714285714286
2024-12-17,M03,Es Teh Manis,165,0,0,0,172.0,89.0,156.0
2024-12-18,M03,Es Teh Manis,140,0,0,0,165.0,132.0,166.85714285714286
2024-12-19,M03,Es Teh Manis,133,0,0,0,140.0,145.0,168.0
2024-12-20,M03,Es Teh Manis,123,1,0,0,133.0,147.0,166.28571428571428
2024-12-21,M03,Es Teh Manis,159,1,1,0,123.0,211.0,162.85714285714286
2024-12-22,M03,Es Teh Manis,179,0,1,1,159.0,196.0,155.42857142857142
2024-12-23,M03,Es Teh Manis,152,0,0,1,179.0,172.0,153.0
2024-12-24,M03,Es Teh Manis,99,1,0,0,152.0,165.0,150.14285714285714
2024-12-25,M03,Es Teh Manis,138,0,0,0,99.0,140.0,140.71428571428572
2024-12-26,M03,Es Teh Manis,156,0,0,0,138.0,133.0,140.42857142857142
2024-12-27,M03,Es Teh Manis,106,1,0,0,156.0,123.0,143.71428571428572
2024-12-28,M03,Es Teh Manis,194,0,1,0,106.0,159.0,141.28571428571428
2024-12-29,M03,Es Teh Manis,208,0,1,0,194.0,179.0,146.28571428571428
2024-12-30,M03,Es Teh Manis,109,1,0,0,208.0,152.0,150.42857142857142
2024-12-31,M03,Es Teh Manis,154,0,0,0,109.0,99.0,144.28571428571428
2025-01-01,M03,Es Teh Manis,138,0,0,0,154.0,138.0,152.14285714285714
2025-01-02,M03,Es Teh Manis,135,0,0,1,138.0,156.0,152.14285714285714
2025-01-03,M03,Es Teh Manis,133,0,0,1,135.0,106.0,149.14285714285714
2025-01-04,M03,Es Teh Manis,182,0,1,0,133.0,194.0,153.0
2025-01-05,M03,Es Teh Manis,212,0,1,0,182.0,208.0,151.28571428571428
2025-01-06,M03,Es Teh Manis,171,0,0,0,212.0,109.0,151.85714285714286
2025-01-07,M03,Es Teh Manis,153,0,0,0,171.0,154.0,160.71428571428572
2025-01-08,M03,Es Teh Manis,145,0,0,0,153.0,138.0,160.57142857142858
2025-01-09,M03,Es Teh Manis,159,0,0,0,145.0,135.0,161.57142857142858
2025-01-10,M03,Es Teh Manis,146,0,0,0,159.0,133.0,165.0
2025-01-11,M03,Es Teh Manis,181,0,1,0,146.0,182.0,166.85714285714286
2025-01-12,M03,Es Teh Manis,201,0,1,0,181.0,212.0,166.71428571428572
2025-01-13,M03,Es Teh Manis,142,0,0,0,201.0,171.0,165.14285714285714
2025-01-14,M03,Es Teh Manis,132,0,0,1,142.0,153.0,161.0
2025-01-15,M03,Es Teh Manis,147,0,0,0,132.0,145.0,158.0
2025-01-16,M03,Es Teh Manis,135,0,0,1,147.0,159.0,158.28571428571428
2025-01-17,M03,Es Teh Manis,99,1,0,0,135.0,146.0,154.85714285714286
2025-01-18,M03,Es Teh Manis,127,1,1,1,99.0,181.0,148.14285714285714
2025-01-19,M03,Es Teh Manis,166,0,1,1,127.0,201.0,140.42857142857142
2025-01-20,M03,Es Teh Manis,139,0,0,0,166.0,142.0,135.42857142857142
2025-01-21,M03,Es Teh Manis,151,0,0,0,139.0,132.0,135.0
2025-01-22,M03,Es Teh Manis,134,0,0,1,151.0,147.0,137.71428571428572
2025-01-23,M03,Es Teh Manis,141,0,0,1,134.0,135.0,135.85714285714286
2025-01-24,M03,Es Teh Manis,124,0,0,1,141.0,99.0,136.71428571428572
2025-01-25,M03,Es Teh Manis,197,0,1,0,124.0,127.0,140.28571428571428
2025-01-26,M03,Es Teh Manis,218,0,1,0,197.0,166.0,150.28571428571428
2025-01-27,M03,Es Teh Manis,132,0,0,1,218.0,139.0,157.71428571428572
2025-01-28,M03,Es Teh Manis,108,1,0,0,132.0,151.0,156.71428571428572
2025-01-29,M03,Es Teh Manis,121,0,0,1,108.0,134.0,150.57142857142858
2025-01-30,M03,Es Teh Manis,119,0,0,1,121.0,141.0,148.71428571428572
2025-01-31,M03,Es Teh Manis,153,0,0,0,119.0,124.0,145.57142857142858
2025-02-01,M03,Es Teh Manis,186,0,1,0,153.0,197.0,149.71428571428572
2025-02-02,M03,Es Teh Manis,206,0,1,0,186.0,218.0,148.14285714285714
2025-02-03,M03,Es Teh Manis,129,0,0,1,206.0,132.0,146.42857142857142
2025-02-04,M03,Es Teh Manis,132,0,0,1,129.0,108.0,146.0
2025-02-05,M03,Es Teh Manis,146,0,0,0,132.0,121.0,149.42857142857142
2025-02-06,M03,Es Teh Manis,162,0,0,0,146.0,119.0,153.0
2025-02-07,M03,Es Teh Manis,164,0,0,0,162.0,153.0,159.14285714285714
2025-02-08,M03,Es Teh Manis,126,1,1,1,164.0,186.0,160.71428571428572
2025-02-09,M03,Es Teh Manis,191,0,1,0,126.0,206.0,152.14285714285714
2025-02-10,M03,Es Teh Manis,153,0,0,0,191.0,129.0,150.0
2025-02-11,M03,Es Teh Manis,99,1,0,0,153.0,132.0,153.42857142857142
2025-02-12,M03,Es Teh Manis,144,0,0,0,99.0,146.0,148.71428571428572
2025-02-13,M03,Es Teh Manis,110,1,0,0,144.0,162.0,148.42857142857142
2025-02-14,M03,Es Teh Manis,143,0,0,0,110.0,164.0,141.0
2025-02-15,M03,Es Teh Manis,175,0,1,1,143.0,126.0,138.0
2025-02-16,M03,Es Teh Manis,170,0,1,1,175.0,191.0,145.0
2025-02-17,M03,Es Teh Manis,139,0,0,1,170.0,153.0,142.0
2025-02-18,M03,Es Teh Manis,168,0,0,0,139.0,99.0,140.0
2025-02-19,M03,Es Teh Manis,147,0,0,0,168.0,144.0,149.85714285714286
2025-02-20,M03,Es Teh Manis,157,0,0,0,147.0,110.0,150.28571428571428
2025-02-21,M03,Es Teh Manis,151,0,0,1,157.0,143.0,157.0
2025-02-22,M03,Es Teh Manis,174,0,1,0,151.0,175.0,158.14285714285714
2025-02-23,M03,Es Teh Manis,204,0,1,0,174.0,170.0,158.0
2025-02-24,M03,Es Teh Manis,119,1,0,0,204.0,139.0,162.85714285714286
2025-02-25,M03,Es Teh Manis,144,0,0,0,119.0,168.0,160.0
2025-02-26,M03,Es Teh Manis,151,0,0,0,144.0,147.0,156.57142857142858
2025-02-27,M03,Es Teh Manis,139,0,0,0,151.0,157.0,157.14285714285714
2025-02-28,M03,Es Teh Manis,115,1,0,0,139.0,151.0,154.57142857142858
2025-03-01,M03,Es Teh Manis,176,0,1,1,115.0,174.0,149.42857142857142
2025-03-02,M03,Es Teh Manis,151,0,1,1,176.0,204.0,149.71428571428572
2025-03-03,M03,Es Teh Manis,111,0,0,1,151.0,119.0,142.14285714285714
2025-03-04,M03,Es Teh Manis,141,0,0,1,111.0,144.0,141.0
2025-03-05,M03,Es Teh Manis,125,0,0,1,141.0,151.0,140.57142857142858
2025-03-06,M03,Es Teh Manis,138,0,0,0,125.0,139.0,136.85714285714286
2025-03-07,M03,Es Teh Manis,134,0,0,0,138.0,115.0,136.71428571428572
2025-03-08,M03,Es Teh Manis,190,0,1,0,134.0,176.0,139.42857142857142
2025-03-09,M03,Es Teh Manis,203,0,1,0,190.0,151.0,141.42857142857142
2025-03-10,M03,Es Teh Manis,129,0,0,1,203.0,111.0,148.85714285714286
2025-03-11,M03,Es Teh Manis,111,1,0,0,129.0,141.0,151.42857142857142
2025-03-12,M03,Es Teh Manis,153,0,0,0,111.0,125.0,147.14285714285714
2025-03-13,M03,Es Teh Manis,140,0,0,0,153.0,138.0,151.14285714285714
2025-03-14,M03,Es Teh Manis,146,0,0,1,140.0,134.0,151.42857142857142
2025-03-15,M03,Es Teh Manis,142,1,1,0,146.0,190.0,153.14285714285714
2025-03-16,M03,Es Teh Manis,183,0,1,0,142.0,203.0,146.28571428571428
2025-03-17,M03,Es Teh Manis,155,0,0,0,183.0,129.0,143.42857142857142
2025-03-18,M03,Es Teh Manis,157,0,0,0,155.0,111.0,147.14285714285714
2025-03-19,M03,Es Teh Manis,114,0,0,1,157.0,153.0,153.71428571428572
2025-03-20,M03,Es Teh Manis,136,0,0,0,114.0,140.0,148.14285714285714
2025-03-21,M03,Es Teh Manis,150,0,0,0,136.0,146.0,147.57142857142858
2025-03-22,M03,Es Teh Manis,178,0,1,0,150.0,142.0,148.14285714285714
2025-03-23,M03,Es Teh Manis,144,1,1,0,178.0,183.0,153.28571428571428
2025-03-24,M03,Es Teh Manis,147,0,0,0,144.0,155.0,147.71428571428572
2025-03-25,M03,Es Teh Manis,165,0,0,0,147.0,157.0,146.57142857142858
2025-03-26,M03,Es Teh Manis,140,0,0,0,165.0,114.0,147.71428571428572
2025-03-27,M03,Es Teh Manis,141,0,0,1,140.0,136.0,151.42857142857142
2025-03-28,M03,Es Teh Manis,155,0,0,0,141.0,150.0,152.14285714285714
2025-03-29,M03,Es Teh Manis,192,0,1,0,155.0,178.0,152.85714285714286
2025-03-30,M03,Es Teh Manis,178,0,1,1,192.0,144.0,154.85714285714286
2025-03-31,M03,Es Teh Manis,146,0,0,0,178.0,147.0,159.71428571428572
2025-04-01,M03,Es Teh Manis,172,0,0,0,146.0,165.0,159.57142857142858
2025-04-02,M03,Es Teh Manis,135,0,0,0,172.0,140.0,160.57142857142858
2025-04-03,M03,Es Teh Manis,166,0,0,0,135.0,141.0,159.85714285714286
2025-04-04,M03,Es Teh Manis,142,0,0,0,166.0,155.0,163.42857142857142
2025-04-05,M03,Es Teh Manis,203,0,1,0,142.0,192.0,161.57142857142858
2025-04-06,M03,Es Teh Manis,146,1,1,0,203.0,178.0,163.14285714285714
2025-04-07,M03,Es Teh Manis,135,0,0,0,146.0,146.0,158.57142857142858
2025-04-08,M03,Es Teh Manis,122,0,0,1,135.0,172.0,157.0
2025-04-09,M03,Es Teh Manis,128,0,0,1,122.0,135.0,149.85714285714286
2025-04-10,M03,Es Teh Manis,139,0,0,0,128.0,166.0,148.85714285714286
2025-04-11,M03,Es Teh Manis,155,0,0,0,139.0,142.0,145.0
2025-04-12,M03,Es Teh Manis,143,1,1,0,155.0,203.0,146.85714285714286
2025-04-13,M03,Es Teh Manis,192,0,1,0,143.0,146.0,138.28571428571428
2025-04-14,M03,Es Teh Manis,87,1,0,1,192.0,135.0,144.85714285714286
2025-04-15,M03,Es Teh Manis,158,0,0,0,87.0,122.0,138.0
2025-04-16,M03,Es Teh Manis,155,0,0,0,158.0,128.0,143.14285714285714
2025-04-17,M03,Es Teh Manis,148,0,0,0,155.0,139.0,147.0
2025-04-18,M03,Es Teh Manis,107,1,0,0,148.0,155.0,148.28571428571428
2025-04-19,M03,Es Teh Manis,191,0,1,0,107.0,143.0,141.42857142857142
2025-04-20,M03,Es Teh Manis,184,0,1,0,191.0,192.0,148.28571428571428
2025-04-21,M03,Es Teh Manis,131,0,0,0,184.0,87.0,147.14285714285714
2025-04-22,M03,Es Teh Manis,136,0,0,1,131.0,158.0,153.42857142857142
2025-04-23,M03,Es Teh Manis,155,0,0,0,136.0,155.0,150.28571428571428
2025-04-24,M03,Es Teh Manis,126,0,0,0,155.0,148.0,150.28571428571428
2025-04-25,M03,Es Teh Manis,160,0,0,0,126.0,107.0,147.14285714285714
2025-04-26,M03,Es Teh Manis,197,0,1,0,160.0,191.0,154.71428571428572
2025-04-27,M03,Es Teh Manis,188,0,1,0,197.0,184.0,155.57142857142858
2025-04-28,M03,Es Teh Manis,141,0,0,0,188.0,131.0,156.14285714285714
2025-04-29,M03,Es Teh Manis,155,0,0,0,141.0,136.0,157.57142857142858
2025-04-30,M03,Es Teh Manis,156,0,0,0,155.0,155.0,160.28571428571428
2025-05-01,M03,Es Teh Manis,155,0,0,0,156.0,126.0,160.42857142857142
2025-05-02,M03,Es Teh Manis,141,0,0,0,155.0,160.0,164.57142857142858
2025-05-03,M03,Es Teh Manis,146,0,1,1,141.0,197.0,161.85714285714286
2025-05-04,M03,Es Teh Manis,152,0,1,1,146.0,188.0,154.57142857142858
2025-05-05,M03,Es Teh Manis,130,0,0,1,152.0,141.0,149.42857142857142
2025-05-06,M03,Es Teh Manis,97,1,0,1,130.0,155.0,147.85714285714286
2025-05-07,M03,Es Teh Manis,143,0,0,0,97.0,156.0,139.57142857142858
2025-05-08,M03,Es Teh Manis,131,0,0,0,143.0,155.0,137.71428571428572
2025-05-09,M03,Es Teh Manis,156,0,0,0,131.0,141.0,134.28571428571428
2025-05-10,M03,Es Teh Manis,207,0,1,0,156.0,146.0,136.42857142857142
2025-05-11,M03,Es Teh Manis,199,0,1,0,207.0,152.0,145.14285714285714
2025-05-12,M03,Es Teh Manis,141,0,0,0,199.0,130.0,151.85714285714286
2025-05-13,M03,Es Teh Manis,109,0,0,1,141.0,97.0,153.42857142857142
2025-05-14,M03,Es Teh Manis,172,0,0,0,109.0,143.0,155.14285714285714
2025-05-15,M03,Es Teh Manis,162,0,0,0,172.0,131.0,159.28571428571428
2025-05-16,M03,Es Teh Manis,161,0,0,0,162.0,156.0,163.71428571428572
2025-05-17,M03,Es Teh Manis,163,0,1,1,161.0,207.0,164.42857142857142
2025-05-18,M03,Es Teh Manis,196,0,1,0,163.0,199.0,158.14285714285714
2025-05-19,M03,Es Teh Manis,140,0,0,0,196.0,141.0,157.71428571428572
2025-05-20,M03,Es Teh Manis,144,0,0,0,140.0,109.0,157.57142857142858
2025-05-21,M03,Es Teh Manis,134,0,0,0,144.0,172.0,162.57142857142858
2025-05-22,M03,Es Teh Manis,152,0,0,0,134.0,162.0,157.14285714285714
2025-05-23,M03,Es Teh Manis,154,0,0,0,152.0,161.0,155.71428571428572
2025-05-24,M03,Es Teh Manis,155,0,1,1,154.0,163.0,154.71428571428572
2025-05-25,M03,Es Teh Manis,157,0,1,1,155.0,196.0,153.57142857142858
2025-05-26,M03,Es Teh Manis,151,0,0,0,157.0,140.0,148.0
2025-05-27,M03,Es Teh Manis,155,0,0,0,151.0,144.0,149.57142857142858
2025-05-28,M03,Es Teh Manis,138,0,0,0,155.0,134.0,151.14285714285714
2025-05-29,M03,Es Teh Manis,161,0,0,0,138.0,152.0,151.71428571428572
2025-05-30,M03,Es Teh Manis,147,0,0,0,161.0,154.0,153.0
2025-05-31,M03,Es Teh Manis,123,1,1,0,147.0,155.0,152.0
2025-06-01,M03,Es Teh Manis,158,0,1,1,123.0,157.0,147.42857142857142
2025-06-02,M03,Es Teh Manis,119,0,0,1,158.0,151.0,147.57142857142858
2025-06-03,M03,Es Teh Manis,123,0,0,1,119.0,155.0,143.0
2025-06-04,M03,Es Teh Manis,126,0,0,1,123.0,138.0,138.42857142857142
2025-06-05,M03,Es Teh Manis,131,0,0,0,126.0,161.0,136.71428571428572
2025-06-06,M03,Es Teh Manis,162,0,0,0,131.0,147.0,132.42857142857142
2025-06-07,M03,Es Teh Manis,144,1,1,0,162.0,123.0,134.57142857142858
2025-06-08,M03,Es Teh Manis,199,0,1,0,144.0,158.0,137.57142857142858
2025-06-09,M03,Es Teh Manis,152,0,0,0,199.0,119.0,143.42857142857142
2025-06-10,M03,Es Teh Manis,159,0,0,0,152.0,123.0,148.14285714285714
2025-06-11,M03,Es Teh Manis,141,0,0,0,159.0,126.0,153.28571428571428
2025-06-12,M03,Es Teh Manis,138,0,0,1,141.0,131.0,155.42857142857142
2025-06-13,M03,Es Teh Manis,155,0,0,0,138.0,162.0,156.42857142857142
2025-06-14,M03,Es Teh Manis,185,0,1,0,155.0,144.0,155.42857142857142
2025-06-15,M03,Es Teh Manis,195,0,1,0,185.0,199.0,161.28571428571428
2025-06-16,M03,Es Teh Manis,152,0,0,0,195.0,152.0,160.71428571428572
2025-06-17,M03,Es Teh Manis,130,0,0,0,152.0,159.0,160.71428571428572
2025-06-18,M03,Es Teh Manis,151,0,0,0,130.0,141.0,156.57142857142858
2025-06-19,M03,Es Teh Manis,117,0,0,1,151.0,138.0,158.0
2025-06-20,M03,Es Teh Manis,158,0,0,0,117.0,155.0,155.0
2025-06-21,M03,Es Teh Manis,196,0,1,0,158.0,185.0,155.42857142857142
2025-06-22,M03,Es Teh Manis,205,0,1,0,196.0,195.0,157.0
2025-06-23,M03,Es Teh Manis,108,0,0,1,205.0,152.0,158.42857142857142
2025-06-24,M03,Es Teh Manis,167,0,0,0,108.0,130.0,152.14285714285714
2025-06-25,M03,Es Teh Manis,142,0,0,0,167.0,151.0,157.42857142857142
2025-06-26,M03,Es Teh Manis,155,0,0,0,142.0,117.0,156.14285714285714
2025-06-27,M03,Es Teh Manis,158,0,0,0,155.0,158.0,161.57142857142858
2025-06-28,M03,Es Teh Manis,202,0,1,0,158.0,196.0,161.57142857142858
2025-06-29,M03,Es Teh Manis,209,0,1,0,202.0,205.0,162.42857142857142
2025-06-30,M03,Es Teh Manis,136,0,0,0,209.0,108.0,163.0
2025-07-01,M03,Es Teh Manis,141,0,0,0,136.0,167.0,167.0
2025-07-02,M03,Es Teh Manis,142,0,0,0,141.0,142.0,163.28571428571428
2025-07-03,M03,Es Teh Manis,141,0,0,0,142.0,155.0,163.28571428571428
2025-07-04,M03,Es Teh Manis,149,0,0,0,141.0,158.0,161.28571428571428
2025-07-05,M03,Es Teh Manis,202,0,1,0,149.0,202.0,160.0
2025-07-06,M03,Es Teh Manis,167,0,1,1,202.0,209.0,160.0
2025-07-07,M03,Es Teh Manis,141,0,0,0,167.0,136.0,154.0
2025-07-08,M03,Es Teh Manis,120,0,0,1,141.0,141.0,154.71428571428572
2025-07-09,M03,Es Teh Manis,152,0,0,0,120.0,142.0,151.71428571428572
2025-07-10,M03,Es Teh Manis,128,0,0,1,152.0,141.0,153.14285714285714
2025-07-11,M03,Es Teh Manis,130,0,0,0,128.0,149.0,151.28571428571428
2025-07-12,M03,Es Teh Manis,212,0,1,0,130.0,202.0,148.57142857142858
2025-07-13,M03,Es Teh Manis,176,0,1,0,212.0,167.0,150.0
2025-07-14,M03,Es Teh Manis,161,0,0,0,176.0,141.0,151.28571428571428
2025-07-15,M03,Es Teh Manis,135,0,0,0,161.0,120.0,154.14285714285714
2025-07-16,M03,Es Teh Manis,166,0,0,0,135.0,152.0,156.28571428571428
2025-07-17,M03,Es Teh Manis,95,1,0,1,166.0,128.0,158.28571428571428
2025-07-18,M03,Es Teh Manis,146,0,0,0,95.0,130.0,153.57142857142858
2025-07-19,M03,Es Teh Manis,164,0,1,1,146.0,212.0,155.85714285714286
2025-07-20,M03,Es Teh Manis,199,0,1,0,164.0,176.0,149.0
2025-07-21,M03,Es Teh Manis,147,0,0,0,199.0,161.0,152.28571428571428
2025-07-22,M03,Es Teh Manis,108,1,0,0,147.0,135.0,150.28571428571428
2025-07-23,M03,Es Teh Manis,147,0,0,0,108.0,166.0,146.42857142857142
2025-07-24,M03,Es Teh Manis,147,0,0,1,147.0,95.0,143.71428571428572
2025-07-25,M03,Es Teh Manis,152,0,0,0,147.0,146.0,151.14285714285714
2025-07-26,M03,Es Teh Manis,191,0,1,0,152.0,164.0,152.0
2025-07-27,M03,Es Teh Manis,168,0,1,1,191.0,199.0,155.85714285714286
2025-07-28,M03,Es Teh Manis,163,0,0,0,168.0,147.0,151.42857142857142
2025-07-29,M03,Es Teh Manis,161,0,0,0,163.0,108.0,153.71428571428572
2025-07-30,M03,Es Teh Manis,90,1,0,0,161.0,147.0,161.28571428571428
2025-07-31,M03,Es Teh Manis,145,0,0,0,90.0,147.0,153.14285714285714
2025-08-01,M03,Es Teh Manis,132,0,0,1,145.0,152.0,152.85714285714286
2025-08-02,M03,Es Teh Manis,172,0,1,1,132.0,191.0,150.0
2025-08-03,M03,Es Teh Manis,156,0,1,1,172.0,168.0,147.28571428571428
2025-08-04,M03,Es Teh Manis,150,0,0,0,156.0,163.0,145.57142857142858
2025-08-05,M03,Es Teh Manis,159,0,0,0,150.0,161.0,143.71428571428572
2025-08-06,M03,Es Teh Manis,111,1,0,0,159.0,90.0,143.42857142857142
2025-08-07,M03,Es Teh Manis,137,0,0,0,111.0,145.0,146.42857142857142
2025-08-08,M03,Es Teh Manis,171,0,0,0,137.0,132.0,145.28571428571428
2025-08-09,M03,Es Teh Manis,185,0,1,0,171.0,172.0,150.85714285714286
2025-08-10,M03,Es Teh Manis,176,0,1,0,185.0,156.0,152.71428571428572
2025-08-11,M03,Es Teh Manis,161,0,0,0,176.0,150.0,155.57142857142858
2025-08-12,M03,Es Teh Manis,141,0,0,0,161.0,159.0,157.14285714285714
2025-08-13,M03,Es Teh Manis,158,0,0,0,141.0,111.0,154.57142857142858
2025-08-14,M03,Es Teh Manis,149,0,0,0,158.0,137.0,161.28571428571428
2025-08-15,M03,Es Teh Manis,162,0,0,0,149.0,171.0,163.0
2025-08-16,M03,Es Teh Manis,161,0,1,1,162.0,185.0,161.71428571428572
2025-08-17,M03,Es Teh Manis,142,0,1,1,161.0,176.0,158.28571428571428
2025-08-18,M03,Es Teh Manis,146,0,0,0,142.0,161.0,153.42857142857142
2025-08-19,M03,Es Teh Manis,158,0,0,0,146.0,141.0,151.28571428571428
2025-08-20,M03,Es Teh Manis,129,0,0,1,158.0,158.0,153.71428571428572
2025-08-21,M03,Es Teh Manis,139,0,0,0,129.0,149.0,149.57142857142858
2025-08-22,M03,Es Teh Manis,147,0,0,0,139.0,162.0,148.14285714285714
2025-08-23,M03,Es Teh Manis,192,0,1,0,147.0,161.0,146.0
2025-08-24,M03,Es Teh Manis,192,0,1,0,192.0,142.0,150.42857142857142
2025-08-25,M03,Es Teh Manis,165,0,0,0,192.0,146.0,157.57142857142858
2025-08-26,M03,Es Teh Manis,156,0,0,0,165.0,158.0,160.28571428571428
2025-08-27,M03,Es Teh Manis,133,0,0,0,156.0,129.0,160.0
2025-08-28,M03,Es Teh Manis,143,0,0,0,133.0,139.0,160.57142857142858
2025-08-29,M03,Es Teh Manis,152,0,0,0,143.0,147.0,161.14285714285714
2025-08-30,M03,Es Teh Manis,192,0,1,0,152.0,192.0,161.85714285714286
2025-08-31,M03,Es Teh Manis,139,1,1,1,192.0,192.0,161.85714285714286
2025-09-01,M03,Es Teh Manis,158,0,0,0,139.0,165.0,154.28571428571428
2025-09-02,M03,Es Teh Manis,147,0,0,0,158.0,156.0,153.28571428571428
2025-09-03,M03,Es Teh Manis,127,0,0,1,147.0,133.0,152.0
2025-09-04,M03,Es Teh Manis,143,0,0,0,127.0,143.0,151.14285714285714
2025-09-05,M03,Es Teh Manis,126,0,0,1,143.0,152.0,151.14285714285714
2025-09-06,M03,Es Teh Manis,199,0,1,0,126.0,192.0,147.42857142857142
2025-09-07,M03,Es Teh Manis,188,0,1,0,199.0,139.0,148.42857142857142
2025-09-08,M03,Es Teh Manis,126,0,0,1,188.0,158.0,155.42857142857142
2025-09-09,M03,Es Teh Manis,136,0,0,0,126.0,147.0,150.85714285714286
2025-09-10,M03,Es Teh Manis,137,0,0,1,136.0,127.0,149.28571428571428
2025-09-11,M03,Es Teh Manis,134,0,0,0,137.0,143.0,150.71428571428572
2025-09-12,M03,Es Teh Manis,156,0,0,0,134.0,126.0,149.42857142857142
2025-09-13,M03,Es Teh Manis,151,1,1,0,156.0,199.0,153.71428571428572
2025-09-14,M03,Es Teh Manis,180,0,1,1,151.0,188.0,146.85714285714286
2025-09-15,M03,Es Teh Manis,150,0,0,0,180.0,126.0,145.71428571428572
2025-09-16,M03,Es Teh Manis,116,0,0,1,150.0,136.0,149.14285714285714
2025-09-17,M03,Es Teh Manis,156,0,0,0,116.0,137.0,146.28571428571428
2025-09-18,M03,Es Teh Manis,116,0,0,1,156.0,134.0,149.0
2025-09-19,M03,Es Teh Manis,116,0,0,1,116.0,156.0,146.42857142857142
2025-09-20,M03,Es Teh Manis,122,1,1,1,116.0,151.0,140.71428571428572
2025-09-21,M03,Es Teh Manis,183,0,1,1,122.0,180.0,136.57142857142858
2025-09-22,M03,Es Teh Manis,112,0,0,1,183.0,150.0,137.0
2025-09-23,M03,Es Teh Manis,138,0,0,1,112.0,116.0,131.57142857142858
2025-09-24,M03,Es Teh Manis,131,0,0,1,138.0,156.0,134.71428571428572
2025-09-25,M03,Es Teh Manis,160,0,0,0,131.0,116.0,131.14285714285714
2025-09-26,M03,Es Teh Manis,123,0,0,1,160.0,116.0,137.42857142857142
2025-09-27,M03,Es Teh Manis,147,1,1,0,123.0,122.0,138.42857142857142
2025-09-28,M03,Es Teh Manis,199,0,1,0,147.0,183.0,142.0
2025-09-29,M03,Es Teh Manis,138,0,0,0,199.0,112.0,144.28571428571428
2025-09-30,M03,Es Teh Manis,136,0,0,0,138.0,138.0,148.0
2025-10-01,M03,Es Teh Manis,139,0,0,1,136.0,131.0,147.71428571428572
2025-10-02,M03,Es Teh Manis,110,0,0,1,139.0,160.0,148.85714285714286
2025-10-03,M03,Es Teh Manis,138,0,0,0,110.0,123.0,141.71428571428572
2025-10-04,M03,Es Teh Manis,117,1,1,1,138.0,147.0,143.85714285714286
2025-10-05,M03,Es Teh Manis,210,0,1,0,117.0,199.0,139.57142857142858
2025-10-06,M03,Es Teh Manis,143,0,0,0,210.0,138.0,141.14285714285714
2025-10-07,M03,Es Teh Manis,149,0,0,0,143.0,136.0,141.85714285714286
2025-10-08,M03,Es Teh Manis,118,1,0,0,149.0,139.0,143.71428571428572
2025-10-09,M03,Es Teh Manis,156,0,0,0,118.0,110.0,140.71428571428572
2025-10-10,M03,Es Teh Manis,130,0,0,1,156.0,138.0,147.28571428571428
2025-10-11,M03,Es Teh Manis,121,1,1,1,130.0,117.0,146.14285714285714
2025-10-12,M03,Es Teh Manis,184,0,1,0,121.0,210.0,146.71428571428572
2025-10-13,M03,Es Teh Manis,133,0,0,0,184.0,143.0,143.0
2025-10-14,M03,Es Teh Manis,141,0,0,1,133.0,149.0,141.57142857142858
2025-10-15,M03,Es Teh Manis,120,0,0,1,141.0,118.0,140.42857142857142
2025-10-16,M03,Es Teh Manis,164,0,0,0,120.0,156.0,140.71428571428572
2025-10-17,M03,Es Teh Manis,113,0,0,1,164.0,130.0,141.85714285714286
2025-10-18,M03,Es Teh Manis,124,1,1,1,113.0,121.0,139.42857142857142
2025-10-19,M03,Es Teh Manis,206,0,1,0,124.0,184.0,139.85714285714286
2025-10-20,M03,Es Teh Manis,167,0,0,0,206.0,133.0,143.0
2025-10-21,M03,Es Teh Manis,120,0,0,1,167.0,141.0,147.85714285714286
2025-10-22,M03,Es Teh Manis,141,0,0,1,120.0,120.0,144.85714285714286
2025-10-23,M03,Es Teh Manis,143,0,0,0,141.0,164.0,147.85714285714286
2025-10-24,M03,Es Teh Manis,162,0,0,0,143.0,113.0,144.85714285714286
2025-10-25,M03,Es Teh Manis,154,0,1,1,162.0,124.0,151.85714285714286
2025-10-26,M03,Es Teh Manis,157,0,1,1,154.0,206.0,156.14285714285714
2025-10-27,M03,Es Teh Manis,146,0,0,0,157.0,167.0,149.14285714285714
2025-10-28,M03,Es Teh Manis,140,0,0,0,146.0,120.0,146.14285714285714
2025-10-29,M03,Es Teh Manis,147,0,0,0,140.0,141.0,149.0
2025-10-30,M03,Es Teh Manis,154,0,0,0,147.0,143.0,149.85714285714286
2025-10-31,M03,Es Teh Manis,129,0,0,0,154.0,162.0,151.42857142857142
2025-11-01,M03,Es Teh Manis,200,0,1,0,129.0,154.0,146.71428571428572
2025-11-02,M03,Es Teh Manis,162,0,1,1,200.0,157.0,153.28571428571428
2025-11-03,M03,Es Teh Manis,147,0,0,0,162.0,146.0,154.0
2025-11-04,M03,Es Teh Manis,139,0,0,0,147.0,140.0,154.14285714285714
2025-11-05,M03,Es Teh Manis,131,0,0,1,139.0,147.0,154.0
2025-11-06,M03,Es Teh Manis,149,0,0,0,131.0,154.0,151.71428571428572
2025-11-07,M03,Es Teh Manis,150,0,0,0,149.0,129.0,151.0
2025-11-08,M03,Es Teh Manis,193,0,1,0,150.0,200.0,154.0
2025-11-09,M03,Es Teh Manis,201,0,1,0,193.0,162.0,153.0
2025-11-10,M03,Es Teh Manis,162,0,0,0,201.0,147.0,158.57142857142858
2025-11-11,M03,Es Teh Manis,149,0,0,0,162.0,139.0,160.71428571428572
2025-11-12,M03,Es Teh Manis,138,0,0,0,149.0,131.0,162.14285714285714
2025-11-13,M03,Es Teh Manis,145,0,0,0,138.0,149.0,163.14285714285714
2025-11-14,M03,Es Teh Manis,146,0,0,1,145.0,150.0,162.57142857142858
2025-11-15,M03,Es Teh Manis,188,0,1,0,146.0,193.0,162.0
2025-11-16,M03,Es Teh Manis,197,0,1,0,188.0,201.0,161.28571428571428
2025-11-17,M03,Es Teh Manis,136,0,0,1,197.0,162.0,160.71428571428572
2025-11-18,M03,Es Teh Manis,117,0,0,1,136.0,149.0,157.0
2025-11-19,M03,Es Teh Manis,156,0,0,0,117.0,138.0,152.42857142857142
2025-11-20,M03,Es Teh Manis,146,0,0,0,156.0,145.0,155.0
2025-11-21,M03,Es Teh Manis,146,0,0,0,146.0,146.0,155.14285714285714
2025-11-22,M03,Es Teh Manis,177,0,1,1,146.0,188.0,155.14285714285714
2025-11-23,M03,Es Teh Manis,163,0,1,1,177.0,197.0,153.57142857142858
2025-11-24,M03,Es Teh Manis,140,0,0,1,163.0,136.0,148.71428571428572
2025-11-25,M03,Es Teh Manis,137,0,0,1,140.0,117.0,149.28571428571428
2025-11-26,M03,Es Teh Manis,117,1,0,0,137.0,156.0,152.14285714285714
2025-11-27,M03,Es Teh Manis,158,0,0,0,117.0,146.0,146.57142857142858
2025-11-28,M03,Es Teh Manis,150,0,0,0,158.0,146.0,148.28571428571428
2025-11-29,M03,Es Teh Manis,190,0,1,0,150.0,177.0,148.85714285714286
2025-11-30,M03,Es Teh Manis,200,0,1,0,190.0,163.0,150.71428571428572
2025-12-01,M03,Es Teh Manis,133,0,0,1,200.0,140.0,156.0
2025-12-02,M03,Es Teh Manis,132,0,0,0,133.0,137.0,155.0
2025-12-03,M03,Es Teh Manis,142,0,0,0,132.0,117.0,154.28571428571428
2025-12-04,M03,Es Teh Manis,141,0,0,0,142.0,158.0,157.85714285714286
2025-12-05,M03,Es Teh Manis,135,0,0,1,141.0,150.0,155.42857142857142
2025-12-06,M03,Es Teh Manis,126,1,1,1,135.0,190.0,153.28571428571428
2025-12-07,M03,Es Teh Manis,179,0,1,0,126.0,200.0,144.14285714285714
2025-12-08,M03,Es Teh Manis,139,0,0,0,179.0,133.0,141.14285714285714
2025-12-09,M03,Es Teh Manis,151,0,0,0,139.0,132.0,142.0
2025-12-10,M03,Es Teh Manis,130,0,0,0,151.0,142.0,144.71428571428572
2025-12-11,M03,Es Teh Manis,154,0,0,1,130.0,141.0,143.0
2025-12-12,M03,Es Teh Manis,138,0,0,0,154.0,135.0,144.85714285714286
2025-12-13,M03,Es Teh Manis,198,0,1,0,138.0,126.0,145.28571428571428
2025-12-14,M03,Es Teh Manis,132,0,1,1,198.0,179.0,155.57142857142858
2025-12-15,M03,Es Teh Manis,140,0,0,0,132.0,139.0,148.85714285714286
2025-12-16,M03,Es Teh Manis,137,0,0,0,140.0,151.0,149.0
2025-12-17,M03,Es Teh Manis,139,0,0,0,137.0,130.0,147.0
2025-12-18,M03,Es Teh Manis,150,0,0,0,139.0,154.0,148.28571428571428
2025-12-19,M03,Es Teh Manis,147,0,0,0,150.0,138.0,147.71428571428572
2025-12-20,M03,Es Teh Manis,162,0,1,1,147.0,198.0,149.0
2025-12-21,M03,Es Teh Manis,207,0,1,0,162.0,132.0,143.85714285714286
2025-12-22,M03,Es Teh Manis,107,1,0,0,207.0,140.0,154.57142857142858
2025-12-23,M03,Es Teh Manis,154,0,0,0,107.0,137.0,149.85714285714286
2025-12-24,M03,Es Teh Manis,144,0,0,0,154.0,139.0,152.28571428571428
2025-12-25,M03,Es Teh Manis,189,0,0,0,144.0,150.0,153.0
2025-12-26,M03,Es Teh Manis,134,0,0,0,189.0,147.0,158.57142857142858
2025-12-27,M03,Es Teh Manis,173,0,1,1,134.0,162.0,156.71428571428572
2025-12-28,M03,Es Teh Manis,173,0,1,1,173.0,207.0,158.28571428571428
2025-12-29,M03,Es Teh Manis,140,0,0,1,173.0,107.0,153.42857142857142
2025-12-30,M03,Es Teh Manis,138,0,0,0,140.0,154.0,158.14285714285714
2025-12-31,M03,Es Teh Manis,102,1,0,1,138.0,144.0,155.85714285714286
2026-01-01,M03,Es Teh Manis,139,0,0,0,102.0,189.0,149.85714285714286
2026-01-02,M03,Es Teh Manis,145,0,0,0,139.0,134.0,142.71428571428572
2026-01-03,M03,Es Teh Manis,178,0,1,0,145.0,173.0,144.28571428571428
2026-01-04,M03,Es Teh Manis,210,0,1,0,178.0,173.0,145.0
2026-01-05,M03,Es Teh Manis,124,0,0,1,210.0,140.0,150.28571428571428
2026-01-06,M03,Es Teh Manis,139,0,0,0,124.0,138.0,148.0
2026-01-07,M03,Es Teh Manis,157,0,0,0,139.0,102.0,148.14285714285714
2026-01-08,M03,Es Teh Manis,151,0,0,0,157.0,139.0,156.0
2026-01-09,M03,Es Teh Manis,154,0,0,0,151.0,145.0,157.71428571428572
2026-01-10,M03,Es Teh Manis,201,0,1,0,154.0,178.0,159.0
2026-01-11,M03,Es Teh Manis,194,0,1,0,201.0,210.0,162.28571428571428
2026-01-12,M03,Es Teh Manis,168,0,0,0,194.0,124.0,160.0
2026-01-13,M03,Es Teh Manis,128,0,0,0,168.0,139.0,166.28571428571428
2026-01-14,M03,Es Teh Manis,99,0,0,1,128.0,157.0,164.71428571428572
2026-01-15,M03,Es Teh Manis,154,0,0,0,99.0,151.0,156.42857142857142
2026-01-16,M03,Es Teh Manis,127,0,0,1,154.0,154.0,156.85714285714286
2026-01-17,M03,Es Teh Manis,193,0,1,0,127.0,201.0,153.0
2026-01-18,M03,Es Teh Manis,197,0,1,0,193.0,194.0,151.85714285714286
2026-01-19,M03,Es Teh Manis,145,0,0,0,197.0,168.0,152.28571428571428
2026-01-20,M03,Es Teh Manis,152,0,0,0,145.0,128.0,149.0
2026-01-21,M03,Es Teh Manis,150,0,0,0,152.0,99.0,152.42857142857142
2026-01-22,M03,Es Teh Manis,134,0,0,1,150.0,154.0,159.71428571428572
2026-01-23,M03,Es Teh Manis,124,0,0,1,134.0,127.0,156.85714285714286
2026-01-24,M03,Es Teh Manis,183,0,1,0,124.0,193.0,156.42857142857142
2026-01-25,M03,Es Teh Manis,163,0,1,1,183.0,197.0,155.0
2026-01-26,M03,Es Teh Manis,154,0,0,0,163.0,145.0,150.14285714285714
2026-01-27,M03,Es Teh Manis,150,0,0,0,154.0,152.0,151.42857142857142
2026-01-28,M03,Es Teh Manis,155,0,0,0,150.0,150.0,151.14285714285714
2026-01-29,M03,Es Teh Manis,141,0,0,0,155.0,134.0,151.85714285714286
2026-01-30,M03,Es Teh Manis,143,0,0,0,141.0,124.0,152.85714285714286
2026-01-31,M03,Es Teh Manis,159,0,1,1,143.0,183.0,155.57142857142858
2026-02-01,M03,Es Teh Manis,190,0,1,0,159.0,163.0,152.14285714285714
2026-02-02,M03,Es Teh Manis,132,0,0,0,190.0,154.0,156.0
2026-02-03,M03,Es Teh Manis,128,0,0,0,132.0,150.0,152.85714285714286
2026-02-04,M03,Es Teh Manis,107,0,0,1,128.0,155.0,149.71428571428572
2026-02-05,M03,Es Teh Manis,146,0,0,0,107.0,141.0,142.85714285714286
2026-02-06,M03,Es Teh Manis,148,0,0,0,146.0,143.0,143.57142857142858
2026-02-07,M03,Es Teh Manis,196,0,1,0,148.0,159.0,144.28571428571428
2026-02-08,M03,Es Teh Manis,191,0,1,0,196.0,190.0,149.57142857142858
2026-02-09,M03,Es Teh Manis,155,0,0,0,191.0,132.0,149.71428571428572
2026-02-10,M03,Es Teh Manis,109,1,0,0,155.0,128.0,153.0
2026-02-11,M03,Es Teh Manis,168,0,0,0,109.0,107.0,150.28571428571428
2026-02-12,M03,Es Teh Manis,161,0,0,0,168.0,146.0,159.0
2026-02-13,M03,Es Teh Manis,140,0,0,1,161.0,148.0,161.14285714285714
2026-02-14,M03,Es Teh Manis,161,0,1,1,140.0,196.0,160.0
2026-02-15,M03,Es Teh Manis,212,0,1,0,161.0,191.0,155.0
2026-02-16,M03,Es Teh Manis,119,0,0,1,212.0,155.0,158.0
2026-02-17,M03,Es Teh Manis,121,1,0,0,119.0,109.0,152.85714285714286
2026-02-18,M03,Es Teh Manis,150,0,0,0,121.0,168.0,154.57142857142858
2026-02-19,M03,Es Teh Manis,137,0,0,0,150.0,161.0,152.0
2026-02-20,M03,Es Teh Manis,129,0,0,1,137.0,140.0,148.57142857142858
2026-02-21,M03,Es Teh Manis,158,0,1,1,129.0,161.0,147.0
2026-02-22,M03,Es Teh Manis,193,0,1,0,158.0,212.0,146.57142857142858
2026-02-23,M03,Es Teh Manis,164,0,0,0,193.0,119.0,143.85714285714286
2026-02-24,M03,Es Teh Manis,119,0,0,1,164.0,121.0,150.28571428571428
2026-02-25,M03,Es Teh Manis,141,0,0,1,119.0,150.0,150.0
2026-02-26,M03,Es Teh Manis,164,0,0,0,141.0,137.0,148.71428571428572
2026-02-27,M03,Es Teh Manis,110,1,0,0,164.0,129.0,152.57142857142858
2026-02-28,M03,Es Teh Manis,189,0,1,0,110.0,158.0,149.85714285714286
2026-03-01,M03,Es Teh Manis,206,0,1,0,189.0,193.0,154.28571428571428
2026-03-02,M03,Es Teh Manis,149,0,0,0,206.0,164.0,156.14285714285714
2026-03-03,M03,Es Teh Manis,139,0,0,0,149.0,119.0,154.0
2026-03-04,M03,Es Teh Manis,161,0,0,0,139.0,141.0,156.85714285714286
2026-03-05,M03,Es Teh Manis,144,0,0,0,161.0,164.0,159.71428571428572
2026-03-06,M03,Es Teh Manis,141,0,0,0,144.0,110.0,156.85714285714286
2026-03-07,M03,Es Teh Manis,159,1,1,0,141.0,189.0,161.28571428571428
2026-03-08,M03,Es Teh Manis,207,0,1,0,159.0,206.0,157.0
2026-03-09,M03,Es Teh Manis,126,0,0,1,207.0,149.0,157.14285714285714
2026-03-10,M03,Es Teh Manis,137,0,0,0,126.0,139.0,153.85714285714286
2026-03-11,M03,Es Teh Manis,110,0,0,1,137.0,161.0,153.57142857142858
2026-03-12,M03,Es Teh Manis,113,1,0,0,110.0,144.0,146.28571428571428
2026-03-13,M03,Es Teh Manis,168,0,0,0,113.0,141.0,141.85714285714286
2026-03-14,M03,Es Teh Manis,195,0,1,0,168.0,159.0,145.71428571428572
2026-03-15,M03,Es Teh Manis,160,0,1,1,195.0,207.0,150.85714285714286
2026-03-16,M03,Es Teh Manis,147,0,0,0,160.0,126.0,144.14285714285714
2026-03-17,M03,Es Teh Manis,164,0,0,0,147.0,137.0,147.14285714285714
2026-03-18,M03,Es Teh Manis,155,0,0,0,164.0,110.0,151.0
2026-03-19,M03,Es Teh Manis,151,0,0,0,155.0,113.0,157.42857142857142
2026-03-20,M03,Es Teh Manis,114,0,0,1,151.0,168.0,162.85714285714286
2026-03-21,M03,Es Teh Manis,189,0,1,0,114.0,195.0,155.14285714285714
2026-03-22,M03,Es Teh Manis,178,0,1,1,189.0,160.0,154.28571428571428
2026-03-23,M03,Es Teh Manis,126,0,0,1,178.0,147.0,156.85714285714286
2026-03-24,M03,Es Teh Manis,164,0,0,0,126.0,164.0,153.85714285714286
2026-03-25,M03,Es Teh Manis,141,0,0,0,164.0,155.0,153.85714285714286
2026-03-26,M03,Es Teh Manis,126,0,0,0,141.0,151.0,151.85714285714286
2026-03-27,M03,Es Teh Manis,168,0,0,0,126.0,114.0,148.28571428571428
2026-03-28,M03,Es Teh Manis,160,0,1,1,168.0,189.0,156.0
2026-03-29,M03,Es Teh Manis,184,0,1,0,160.0,178.0,151.85714285714286
2026-03-30,M03,Es Teh Manis,119,0,0,1,184.0,126.0,152.71428571428572
2026-03-31,M03,Es Teh Manis,123,0,0,0,119.0,164.0,151.71428571428572
2026-04-01,M03,Es Teh Manis,136,0,0,0,123.0,141.0,145.85714285714286
2026-04-02,M03,Es Teh Manis,126,1,0,0,136.0,126.0,145.14285714285714
2026-04-03,M03,Es Teh Manis,155,0,0,0,126.0,168.0,145.14285714285714
2026-04-04,M03,Es Teh Manis,194,0,1,0,155.0,160.0,143.28571428571428
2026-04-05,M03,Es Teh Manis,198,0,1,0,194.0,184.0,148.14285714285714
2026-04-06,M03,Es Teh Manis,127,0,0,0,198.0,119.0,150.14285714285714
2026-04-07,M03,Es Teh Manis,141,0,0,1,127.0,123.0,151.28571428571428
2026-04-08,M03,Es Teh Manis,168,0,0,0,141.0,136.0,153.85714285714286
2026-04-09,M03,Es Teh Manis,162,0,0,0,168.0,126.0,158.42857142857142
2026-04-10,M03,Es Teh Manis,153,0,0,0,162.0,155.0,163.57142857142858
2026-04-11,M03,Es Teh Manis,176,0,1,0,153.0,194.0,163.28571428571428
2026-04-12,M03,Es Teh Manis,196,0,1,0,176.0,198.0,160.71428571428572
2026-04-13,M03,Es Teh Manis,149,0,0,0,196.0,127.0,160.42857142857142
2026-04-14,M03,Es Teh Manis,136,0,0,1,149.0,141.0,163.57142857142858
2026-04-15,M03,Es Teh Manis,121,0,0,1,136.0,168.0,162.85714285714286
2026-04-16,M03,Es Teh Manis,137,0,0,0,121.0,162.0,156.14285714285714
2026-04-17,M03,Es Teh Manis,163,0,0,0,137.0,153.0,152.57142857142858
2026-04-18,M03,Es Teh Manis,150,0,1,1,163.0,176.0,154.0
2026-04-19,M03,Es Teh Manis,162,0,1,1,150.0,196.0,150.28571428571428
2026-04-20,M03,Es Teh Manis,150,0,0,0,162.0,149.0,145.42857142857142
2026-04-21,M03,Es Teh Manis,133,0,0,1,150.0,136.0,145.57142857142858
2026-04-22,M03,Es Teh Manis,124,0,0,1,133.0,121.0,145.14285714285714
2026-04-23,M03,Es Teh Manis,162,0,0,0,124.0,137.0,145.57142857142858
2026-04-24,M03,Es Teh Manis,143,0,0,0,162.0,163.0,149.14285714285714
2026-04-25,M03,Es Teh Manis,162,0,1,1,143.0,150.0,146.28571428571428
2026-04-26,M03,Es Teh Manis,161,0,1,1,162.0,162.0,148.0
2026-04-27,M03,Es Teh Manis,172,0,0,0,161.0,150.0,147.85714285714286
2026-04-28,M03,Es Teh Manis,114,1,0,0,172.0,133.0,151.0
2026-04-29,M03,Es Teh Manis,158,0,0,0,114.0,124.0,148.28571428571428
2026-04-30,M03,Es Teh Manis,135,0,0,1,158.0,162.0,153.14285714285714
2026-05-01,M03,Es Teh Manis,153,0,0,0,135.0,143.0,149.28571428571428
2026-05-02,M03,Es Teh Manis,197,0,1,0,153.0,162.0,150.71428571428572
2026-05-03,M03,Es Teh Manis,155,0,1,1,197.0,161.0,155.71428571428572
2026-05-04,M03,Es Teh Manis,93,1,0,1,155.0,172.0,154.85714285714286
2026-05-05,M03,Es Teh Manis,159,0,0,0,93.0,114.0,143.57142857142858
2026-05-06,M03,Es Teh Manis,150,0,0,0,159.0,158.0,150.0
2026-05-07,M03,Es Teh Manis,103,1,0,0,150.0,135.0,148.85714285714286
2026-05-08,M03,Es Teh Manis,167,0,0,0,103.0,153.0,144.28571428571428
2026-05-09,M03,Es Teh Manis,149,0,1,1,167.0,197.0,146.28571428571428
2026-05-10,M03,Es Teh Manis,193,0,1,0,149.0,155.0,139.42857142857142
2026-05-11,M03,Es Teh Manis,154,0,0,0,193.0,93.0,144.85714285714286
2026-05-12,M03,Es Teh Manis,151,0,0,0,154.0,159.0,153.57142857142858
2026-05-13,M03,Es Teh Manis,148,0,0,0,151.0,150.0,152.42857142857142
2026-05-14,M03,Es Teh Manis,170,0,0,0,148.0,103.0,152.14285714285714
2026-05-15,M03,Es Teh Manis,114,1,0,0,170.0,167.0,161.71428571428572
2026-05-16,M03,Es Teh Manis,178,0,1,1,114.0,149.0,154.14285714285714
2026-05-17,M03,Es Teh Manis,184,0,1,0,178.0,193.0,158.28571428571428
2026-05-18,M03,Es Teh Manis,154,0,0,0,184.0,154.0,157.0
2026-05-19,M03,Es Teh Manis,116,0,0,1,154.0,151.0,157.0
2026-05-20,M03,Es Teh Manis,141,0,0,0,116.0,148.0,152.0
2026-05-21,M03,Es Teh Manis,125,0,0,1,141.0,170.0,151.0
2026-05-22,M03,Es Teh Manis,152,0,0,0,125.0,114.0,144.57142857142858
2026-05-23,M03,Es Teh Manis,189,0,1,0,152.0,178.0,150.0
2026-05-24,M03,Es Teh Manis,169,0,1,1,189.0,184.0,151.57142857142858
2026-05-25,M03,Es Teh Manis,148,0,0,0,169.0,154.0,149.42857142857142
2026-05-26,M03,Es Teh Manis,152,0,0,0,148.0,116.0,148.57142857142858
2026-05-27,M03,Es Teh Manis,130,0,0,1,152.0,141.0,153.71428571428572
2026-05-28,M03,Es Teh Manis,135,0,0,0,130.0,125.0,152.14285714285714
2026-05-29,M03,Es Teh Manis,142,0,0,0,135.0,152.0,153.57142857142858
2026-05-30,M03,Es Teh Manis,190,0,1,0,142.0,189.0,152.14285714285714
2026-05-31,M03,Es Teh Manis,154,0,1,1,190.0,169.0,152.28571428571428
2026-06-01,M03,Es Teh Manis,148,0,0,0,154.0,148.0,150.14285714285714
2026-06-02,M03,Es Teh Manis,156,0,0,0,148.0,152.0,150.14285714285714
2026-06-03,M03,Es Teh Manis,96,1,0,1,156.0,130.0,150.71428571428572
2026-06-04,M03,Es Teh Manis,156,0,0,0,96.0,135.0,145.85714285714286
2026-06-05,M03,Es Teh Manis,111,1,0,0,156.0,142.0,148.85714285714286
2026-06-06,M03,Es Teh Manis,201,0,1,0,111.0,190.0,144.42857142857142
2026-06-07,M03,Es Teh Manis,146,0,1,1,201.0,154.0,146.0
2026-06-08,M03,Es Teh Manis,124,0,0,1,146.0,148.0,144.85714285714286
2026-06-09,M03,Es Teh Manis,146,0,0,0,124.0,156.0,141.42857142857142
2026-06-10,M03,Es Teh Manis,148,0,0,0,146.0,96.0,140.0
2026-06-11,M03,Es Teh Manis,132,0,0,1,148.0,156.0,147.42857142857142
2026-06-12,M03,Es Teh Manis,157,0,0,0,132.0,111.0,144.0
2026-06-13,M03,Es Teh Manis,210,0,1,0,157.0,201.0,150.57142857142858
2026-06-14,M03,Es Teh Manis,175,0,1,1,210.0,146.0,151.85714285714286
2026-06-15,M03,Es Teh Manis,159,0,0,0,175.0,124.0,156.0
2026-06-16,M03,Es Teh Manis,130,0,0,1,159.0,146.0,161.0
2026-06-17,M03,Es Teh Manis,147,0,0,0,130.0,148.0,158.71428571428572
2026-06-18,M03,Es Teh Manis,133,0,0,0,147.0,132.0,158.57142857142858
2026-06-19,M03,Es Teh Manis,108,0,0,1,133.0,157.0,158.71428571428572
2026-06-20,M03,Es Teh Manis,195,0,1,0,108.0,210.0,151.71428571428572
2026-06-21,M03,Es Teh Manis,211,0,1,0,195.0,175.0,149.57142857142858
2026-06-22,M03,Es Teh Manis,148,0,0,0,211.0,159.0,154.71428571428572
2026-06-23,M03,Es Teh Manis,117,1,0,0,148.0,130.0,153.14285714285714
2026-06-24,M03,Es Teh Manis,155,0,0,0,117.0,147.0,151.28571428571428
2026-06-25,M03,Es Teh Manis,149,0,0,0,155.0,133.0,152.42857142857142
2026-06-26,M03,Es Teh Manis,142,0,0,0,149.0,108.0,154.71428571428572
2026-06-27,M03,Es Teh Manis,167,0,1,1,142.0,195.0,159.57142857142858
2026-06-28,M03,Es Teh Manis,165,0,1,1,167.0,211.0,155.57142857142858
2026-06-29,M03,Es Teh Manis,146,0,0,0,165.0,148.0,149.0
2026-06-30,M03,Es Teh Manis,120,0,0,1,146.0,117.0,148.71428571428572
2026-07-01,M03,Es Teh Manis,125,0,0,1,120.0,155.0,149.14285714285714
2026-07-02,M03,Es Teh Manis,129,0,0,1,125.0,149.0,144.85714285714286
2026-07-03,M03,Es Teh Manis,153,0,0,0,129.0,142.0,142.0
2026-07-04,M03,Es Teh Manis,189,0,1,0,153.0,167.0,143.57142857142858
2026-07-05,M03,Es Teh Manis,198,0,1,0,189.0,165.0,146.71428571428572
2026-07-06,M03,Es Teh Manis,125,0,0,1,198.0,146.0,151.42857142857142
2026-07-07,M03,Es Teh Manis,96,1,0,0,125.0,120.0,148.42857142857142
2026-07-08,M03,Es Teh Manis,146,0,0,0,96.0,125.0,145.0
2026-07-09,M03,Es Teh Manis,150,0,0,0,146.0,129.0,148.0
2026-07-10,M03,Es Teh Manis,140,0,0,0,150.0,153.0,151.0
2026-07-11,M03,Es Teh Manis,159,0,1,1,140.0,189.0,149.14285714285714
2026-07-12,M03,Es Teh Manis,207,0,1,0,159.0,198.0,144.85714285714286
2026-07-13,M03,Es Teh Manis,119,0,0,1,207.0,125.0,146.14285714285714
2026-07-14,M03,Es Teh Manis,137,0,0,0,119.0,96.0,145.28571428571428
2026-07-15,M03,Es Teh Manis,152,0,0,0,137.0,146.0,151.14285714285714
2026-07-16,M03,Es Teh Manis,147,0,0,0,152.0,150.0,152.0
2026-07-17,M03,Es Teh Manis,127,0,0,1,147.0,140.0,151.57142857142858
2026-07-18,M03,Es Teh Manis,158,0,1,1,127.0,159.0,149.71428571428572
2026-07-19,M03,Es Teh Manis,190,0,1,0,158.0,207.0,149.57142857142858
2026-07-20,M03,Es Teh Manis,117,0,0,1,190.0,119.0,147.14285714285714
2026-07-21,M03,Es Teh Manis,148,0,0,0,117.0,137.0,146.85714285714286
2026-07-22,M03,Es Teh Manis,117,0,0,1,148.0,152.0,148.42857142857142
2026-07-23,M03,Es Teh Manis,153,0,0,0,117.0,147.0,143.42857142857142
2026-07-24,M03,Es Teh Manis,158,0,0,0,153.0,127.0,144.28571428571428
2026-07-25,M03,Es Teh Manis,150,1,1,0,158.0,158.0,148.71428571428572
2026-07-26,M03,Es Teh Manis,187,0,1,0,150.0,190.0,147.57142857142858
2026-07-27,M03,Es Teh Manis,138,0,0,0,187.0,117.0,147.14285714285714
2026-07-28,M03,Es Teh Manis,124,0,0,1,138.0,148.0,150.14285714285714
2026-07-29,M03,Es Teh Manis,131,0,0,0,124.0,117.0,146.71428571428572
2026-07-30,M03,Es Teh Manis,113,1,0,0,131.0,153.0,148.71428571428572
2026-07-31,M03,Es Teh Manis,155,0,0,0,113.0,158.0,143.0
2026-08-01,M03,Es Teh Manis,205,0,1,0,155.0,150.0,142.57142857142858
2026-08-02,M03,Es Teh Manis,162,1,1,0,205.0,187.0,150.42857142857142
2026-08-03,M03,Es Teh Manis,142,0,0,0,162.0,138.0,146.85714285714286
2026-08-04,M03,Es Teh Manis,147,0,0,0,142.0,124.0,147.42857142857142
2026-08-05,M03,Es Teh Manis,134,0,0,0,147.0,131.0,150.71428571428572
2026-08-06,M03,Es Teh Manis,140,0,0,0,134.0,113.0,151.14285714285714
2026-08-07,M03,Es Teh Manis,157,0,0,0,140.0,155.0,155.0
2026-08-08,M03,Es Teh Manis,201,0,1,0,157.0,205.0,155.28571428571428
2026-08-09,M03,Es Teh Manis,189,0,1,0,201.0,162.0,154.71428571428572
2026-08-10,M03,Es Teh Manis,142,0,0,0,189.0,142.0,158.57142857142858
2026-08-11,M03,Es Teh Manis,116,0,0,1,142.0,147.0,158.57142857142858
2026-08-12,M03,Es Teh Manis,137,0,0,1,116.0,134.0,154.14285714285714
2026-08-13,M03,Es Teh Manis,159,0,0,0,137.0,140.0,154.57142857142858
2026-08-14,M03,Es Teh Manis,103,1,0,0,159.0,157.0,157.28571428571428
2026-08-15,M03,Es Teh Manis,203,0,1,0,103.0,201.0,149.57142857142858
2026-08-16,M03,Es Teh Manis,195,0,1,0,203.0,189.0,149.85714285714286
2026-08-17,M03,Es Teh Manis,104,1,0,0,195.0,142.0,150.71428571428572
2026-08-18,M03,Es Teh Manis,124,0,0,1,104.0,116.0,145.28571428571428
2026-08-19,M03,Es Teh Manis,167,0,0,0,124.0,137.0,146.42857142857142
2026-08-20,M03,Es Teh Manis,144,0,0,0,167.0,159.0,150.71428571428572
2026-08-21,M03,Es Teh Manis,150,0,0,0,144.0,103.0,148.57142857142858
2026-08-22,M03,Es Teh Manis,196,0,1,0,150.0,203.0,155.28571428571428
2026-08-23,M03,Es Teh Manis,206,0,1,0,196.0,195.0,154.28571428571428
2026-08-24,M03,Es Teh Manis,102,1,0,0,206.0,104.0,155.85714285714286
2026-08-25,M03,Es Teh Manis,117,1,0,0,102.0,124.0,155.57142857142858
2026-08-26,M03,Es Teh Manis,138,0,0,1,117.0,167.0,154.57142857142858
2026-08-27,M03,Es Teh Manis,146,0,0,0,138.0,144.0,150.42857142857142
2026-08-28,M03,Es Teh Manis,156,0,0,0,146.0,150.0,150.71428571428572
2026-08-29,M03,Es Teh Manis,206,0,1,0,156.0,196.0,151.57142857142858
2026-08-30,M03,Es Teh Manis,186,0,1,0,206.0,206.0,153.0
